ISO-10303-21;
HEADER;
FILE_DESCRIPTION (( 'STEP AP214' ),
    '1' );
FILE_NAME ('LGA-6_L3.0-W3.0-P1.00-BR.STEP',
    '2024-10-20T08:40:22',
    ( 'User' ),
    ( 'China' ),
    'SwSTEP 2.0',
    'SolidWorks 2020',
    '' );
FILE_SCHEMA (( 'AUTOMOTIVE_DESIGN' ));
ENDSEC;

DATA;
#1 = LINE ( 'NONE', #5020, #635 ) ;
#2 = FACE_OUTER_BOUND ( 'NONE', #2879, .T. ) ;
#3 = VECTOR ( 'NONE', #6105, 1000.000000000000000 ) ;
#4 = DIRECTION ( 'NONE',  ( 0.000000000000000000, -0.000000000000000000, 1.000000000000000000 ) ) ;
#5 = CARTESIAN_POINT ( 'NONE',  ( 0.8959343285546285118, 1.196147597132037221, 0.9100000000000000311 ) ) ;
#6 = DIRECTION ( 'NONE',  ( -0.9345104387438618598, -0.3559357243643225810, 0.000000000000000000 ) ) ;
#7 = ORIENTED_EDGE ( 'NONE', *, *, #4655, .T. ) ;
#8 = CARTESIAN_POINT ( 'NONE',  ( 1.268988185483642006, 1.229501215978365369, 0.9100000000000000311 ) ) ;
#9 = VECTOR ( 'NONE', #8640, 1000.000000000000000 ) ;
#10 = ADVANCED_FACE ( 'NONE', ( #1393 ), #869, .F. ) ;
#11 = B_SPLINE_CURVE_WITH_KNOTS ( 'NONE', 3,
 ( #47, #7195, #89, #7919 ),
 .UNSPECIFIED., .F., .F.,
 ( 4, 4 ),
 ( 1.000000000000000000, 2.000000000000000000 ),
 .UNSPECIFIED. ) ;
#12 = ORIENTED_EDGE ( 'NONE', *, *, #1278, .F. ) ;
#13 = DIRECTION ( 'NONE',  ( -0.000000000000000000, 1.000000000000000000, -0.000000000000000000 ) ) ;
#14 = ORIENTED_EDGE ( 'NONE', *, *, #7394, .F. ) ;
#15 = CARTESIAN_POINT ( 'NONE',  ( 1.088653096450254543, 1.220083386781760870, 0.9100000000000000311 ) ) ;
#16 = CARTESIAN_POINT ( 'NONE',  ( 0.9310533719237290562, 1.183339481736770615, 0.9100000000000000311 ) ) ;
#17 = CARTESIAN_POINT ( 'NONE',  ( 1.114203043166696494, 1.184996773907179834, 0.9000000000000000222 ) ) ;
#18 = FILL_AREA_STYLE_COLOUR ( '', #5317 ) ;
#19 = CARTESIAN_POINT ( 'NONE',  ( 1.142233711453809475, 1.197563782582764302, 0.9000000000000000222 ) ) ;
#20 = LINE ( 'NONE', #9260, #1796 ) ;
#21 = CARTESIAN_POINT ( 'NONE',  ( 1.283248620860648836, 1.213339389217999775, 0.9100000000000000311 ) ) ;
#22 = ORIENTED_EDGE ( 'NONE', *, *, #7219, .T. ) ;
#23 = B_SPLINE_CURVE_WITH_KNOTS ( 'NONE', 3,
 ( #3454, #2745, #8814, #5111 ),
 .UNSPECIFIED., .F., .F.,
 ( 4, 4 ),
 ( 12.00000000000000000, 13.00000000000000000 ),
 .UNSPECIFIED. ) ;
#24 = ORIENTED_EDGE ( 'NONE', *, *, #3748, .T. ) ;
#25 = FACE_OUTER_BOUND ( 'NONE', #237, .T. ) ;
#26 = ORIENTED_EDGE ( 'NONE', *, *, #320, .F. ) ;
#27 = DIRECTION ( 'NONE',  ( -1.000000000000000000, 0.000000000000000000, -0.000000000000000000 ) ) ;
#28 = CARTESIAN_POINT ( 'NONE',  ( 1.074184696390907634, 1.326264211856659214, 0.9000000000000000222 ) ) ;
#29 = VECTOR ( 'NONE', #2708, 1000.000000000000000 ) ;
#30 = CARTESIAN_POINT ( 'NONE',  ( 0.8661864298425271391, 1.324641973037194775, 0.9100000000000000311 ) ) ;
#31 = MECHANICAL_DESIGN_GEOMETRIC_PRESENTATION_REPRESENTATION (  '', ( #8188 ), #2126 ) ;
#32 = CARTESIAN_POINT ( 'NONE',  ( 1.061053212148381109, 1.216369731735640114, 0.9100000000000000311 ) ) ;
#33 = B_SPLINE_CURVE_WITH_KNOTS ( 'NONE', 3,
 ( #7056, #2820, #612, #5681 ),
 .UNSPECIFIED., .F., .F.,
 ( 4, 4 ),
 ( 2.000000000000000000, 3.000000000000000000 ),
 .UNSPECIFIED. ) ;
#34 = ORIENTED_EDGE ( 'NONE', *, *, #5162, .T. ) ;
#35 = ORIENTED_EDGE ( 'NONE', *, *, #1784, .T. ) ;
#36 = CARTESIAN_POINT ( 'NONE',  ( 1.193704970391464837, 1.241652295288878660, 0.9000000000000000222 ) ) ;
#37 = CARTESIAN_POINT ( 'NONE',  ( 1.080304799906864899, 1.200504997379009842, 0.9100000000000000311 ) ) ;
#38 = FACE_BOUND ( 'NONE', #8341, .T. ) ;
#39 = CARTESIAN_POINT ( 'NONE',  ( 1.104339575364488013, 1.210249628219685958, 0.9000000000000000222 ) ) ;
#40 = DIRECTION ( 'NONE',  ( -0.3416038306902630661, 0.9398440417738136432, 0.000000000000000000 ) ) ;
#41 = VECTOR ( 'NONE', #4235, 1000.000000000000000 ) ;
#42 = EDGE_CURVE ( 'NONE', #6512, #250, #1814, .T. ) ;
#43 = ORIENTED_EDGE ( 'NONE', *, *, #6417, .F. ) ;
#44 = EDGE_CURVE ( 'NONE', #9036, #3155, #7790, .T. ) ;
#45 =( NAMED_UNIT ( * ) SI_UNIT ( $, .STERADIAN. ) SOLID_ANGLE_UNIT ( ) );
#46 = FACE_OUTER_BOUND ( 'NONE', #919, .T. ) ;
#47 = CARTESIAN_POINT ( 'NONE',  ( 1.152216016217553651, 1.163992340966802930, 0.9100000000000000311 ) ) ;
#48 = DIRECTION ( 'NONE',  ( 0.000000000000000000, 1.000000000000000000, -0.000000000000000000 ) ) ;
#49 = VECTOR ( 'NONE', #1626, 1000.000000000000000 ) ;
#50 = ORIENTED_EDGE ( 'NONE', *, *, #441, .F. ) ;
#51 = CARTESIAN_POINT ( 'NONE',  ( 1.243438238767396786, 1.234967716206178068, 0.9000000000000000222 ) ) ;
#52 = AXIS2_PLACEMENT_3D ( 'NONE', #5817, #4924, #4972 ) ;
#53 = EDGE_CURVE ( 'NONE', #9285, #5699, #7174, .T. ) ;
#54 = FILL_AREA_STYLE ('',( #7117 ) ) ;
#55 = ORIENTED_EDGE ( 'NONE', *, *, #1148, .F. ) ;
#56 = CARTESIAN_POINT ( 'NONE',  ( 1.095530785595322243, 1.334820473082782177, 0.9000000000000000222 ) ) ;
#57 = DIRECTION ( 'NONE',  ( 0.000000000000000000, 0.000000000000000000, -1.000000000000000000 ) ) ;
#58 = CARTESIAN_POINT ( 'NONE',  ( 1.302723027921833587, 1.206001206847159946, 0.9000000000000000222 ) ) ;
#59 = CARTESIAN_POINT ( 'NONE',  ( 0.7480211764592570312, 1.194081771051166196, 0.9000000000000000222 ) ) ;
#60 = SURFACE_SIDE_STYLE ('',( #7388 ) ) ;
#61 = CARTESIAN_POINT ( 'NONE',  ( 1.257698674144011708, 1.275728793990890786, 0.9000000000000000222 ) ) ;
#62 = EDGE_LOOP ( 'NONE', ( #2691, #4562, #1858, #1697, #8433, #5437, #3072 ) ) ;
#63 = CARTESIAN_POINT ( 'NONE',  ( 1.079027302570914282, 1.199257209283788761, 0.9000000000000000222 ) ) ;
#64 = ORIENTED_EDGE ( 'NONE', *, *, #7692, .T. ) ;
#65 = CARTESIAN_POINT ( 'NONE',  ( 1.062702074988706613, 1.234967716206176513, 0.9000000000000000222 ) ) ;
#66 = PRESENTATION_STYLE_ASSIGNMENT (( #2276 ) ) ;
#67 = B_SPLINE_SURFACE_WITH_KNOTS ( 'NONE', 3, 1, ( 
 ( #806, #7299 ),
 ( #5071, #8538 ),
 ( #7966, #1465 ),
 ( #97, #4340 ) ),
 .UNSPECIFIED., .F., .F., .F.,
 ( 4, 4 ),
 ( 2, 2 ),
 ( 35.00000000000000000, 36.00000000000000000 ),
 ( 0.000000000000000000, 1.000000000000000000 ),
 .UNSPECIFIED. ) ;
#68 = DIRECTION ( 'NONE',  ( -0.000000000000000000, 1.000000000000000000, -0.000000000000000000 ) ) ;
#69 = LINE ( 'NONE', #5666, #5288 ) ;
#70 = EDGE_CURVE ( 'NONE', #169, #4691, #7597, .T. ) ;
#71 = FACE_OUTER_BOUND ( 'NONE', #2456, .T. ) ;
#72 = CARTESIAN_POINT ( 'NONE',  ( -1.000000000000000000, 0.000000000000000000, -0.02000000000000000042 ) ) ;
#73 = EDGE_LOOP ( 'NONE', ( #2982, #6148, #3146, #1178 ) ) ;
#74 = CARTESIAN_POINT ( 'NONE',  ( 0.7889245470388724923, 1.291175612597763145, 0.9000000000000000222 ) ) ;
#75 = EDGE_LOOP ( 'NONE', ( #354, #3411, #3463, #8382 ) ) ;
#76 = ORIENTED_EDGE ( 'NONE', *, *, #3995, .T. ) ;
#77 = ORIENTED_EDGE ( 'NONE', *, *, #2443, .T. ) ;
#78 = EDGE_LOOP ( 'NONE', ( #1320, #6968, #8465, #6181 ) ) ;
#79 =( LENGTH_UNIT ( ) NAMED_UNIT ( * ) SI_UNIT ( .MILLI., .METRE. ) );
#80 = DIRECTION ( 'NONE',  ( 0.000000000000000000, -1.000000000000000000, 0.000000000000000000 ) ) ;
#81 = CARTESIAN_POINT ( 'NONE',  ( 0.7389315424931681697, 1.203997742542332272, 0.9000000000000000222 ) ) ;
#82 = B_SPLINE_CURVE_WITH_KNOTS ( 'NONE', 3,
 ( #8880, #5230, #4607, #7500, #2382, #8931, #5286 ),
 .UNSPECIFIED., .F., .F.,
 ( 4, 3, 4 ),
 ( 2.000000000000000000, 3.000000000000000000, 4.000000000000000000 ),
 .UNSPECIFIED. ) ;
#83 = CARTESIAN_POINT ( 'NONE',  ( 1.195873744938231731, 1.331285073479063330, 0.9100000000000000311 ) ) ;
#85 = EDGE_CURVE ( 'NONE', #4390, #853, #5044, .T. ) ;
#84 = CARTESIAN_POINT ( 'NONE',  ( 0.7476080254281427528, 1.232919315550307982, 0.9000000000000000222 ) ) ;
#86 = LINE ( 'NONE', #4467, #5174 ) ;
#87 = CARTESIAN_POINT ( 'NONE',  ( 1.074556061895679759, 1.185828632637324187, 0.9000000000000000222 ) ) ;
#88 = ORIENTED_EDGE ( 'NONE', *, *, #4277, .T. ) ;
#89 = CARTESIAN_POINT ( 'NONE',  ( 1.163520382177555490, 1.168419017781734182, 0.9100000000000000311 ) ) ;
#90 = CARTESIAN_POINT ( 'NONE',  ( 1.130409433787367801, 1.207070739500372580, 0.9000000000000000222 ) ) ;
#91 = EDGE_CURVE ( 'NONE', #564, #6807, #2230, .T. ) ;
#92 = PLANE ( 'NONE',  #8910 ) ;
#93 = EDGE_CURVE ( 'NONE', #3743, #306, #1521, .T. ) ;
#94 = LINE ( 'NONE', #271, #2375 ) ;
#95 = ORIENTED_EDGE ( 'NONE', *, *, #4174, .T. ) ;
#96 = LINE ( 'NONE', #3814, #1373 ) ;
#97 = CARTESIAN_POINT ( 'NONE',  ( 0.9442746619914175188, 1.295307241117606534, 0.9100000000000000311 ) ) ;
#98 = CARTESIAN_POINT ( 'NONE',  ( 1.093213464846687577, 1.274748389058698805, 0.9100000000000000311 ) ) ;
#99 = FACE_OUTER_BOUND ( 'NONE', #1243, .T. ) ;
#100 = CARTESIAN_POINT ( 'NONE',  ( -1.195490597087386142, -1.198655526412927497, 0.8799999999999998934 ) ) ;
#101 = VERTEX_POINT ( 'NONE', #3021 ) ;
#102 =( GEOMETRIC_REPRESENTATION_CONTEXT ( 3 ) GLOBAL_UNCERTAINTY_ASSIGNED_CONTEXT ( ( #702 ) ) GLOBAL_UNIT_ASSIGNED_CONTEXT ( ( #6701, #8835, #3073 ) ) REPRESENTATION_CONTEXT ( 'NONE', 'WORKASPACE' ) );
#103 = EDGE_CURVE ( 'NONE', #4911, #9320, #4354, .T. ) ;
#104 = CARTESIAN_POINT ( 'NONE',  ( 1.243854168132468629, 1.333840068150569991, 0.9100000000000000311 ) ) ;
#105 = UNCERTAINTY_MEASURE_WITH_UNIT (LENGTH_MEASURE( 1.000000000000000082E-05 ), #7094, 'distance_accuracy_value', 'NONE');
#106 = CARTESIAN_POINT ( 'NONE',  ( 1.078373699282968223, 1.195246461833929130, 0.9000000000000000222 ) ) ;
#107 = CARTESIAN_POINT ( 'NONE',  ( 1.201711610670615382, 1.283869125851567761, 0.9000000000000000222 ) ) ;
#108 = DIRECTION ( 'NONE',  ( -2.238881569535245910E-14, 1.000000000000000000, 0.000000000000000000 ) ) ;
#109 = CARTESIAN_POINT ( 'NONE',  ( 0.8525519808632221475, 1.197387105388890260, 0.9000000000000000222 ) ) ;
#110 = PLANE ( 'NONE',  #8461 ) ;
#111 = CARTESIAN_POINT ( 'NONE',  ( 1.186485624981958642, 1.282353954592944989, 0.9100000000000000311 ) ) ;
#112 = CARTESIAN_POINT ( 'NONE',  ( 1.221988167221633503, 1.209714861893276483, 0.9000000000000000222 ) ) ;
#113 = VERTEX_POINT ( 'NONE', #6552 ) ;
#114 = CARTESIAN_POINT ( 'NONE',  ( 0.2500000000000000000, -0.4500000000000002887, -0.02000000000000000042 ) ) ;
#115 = VERTEX_POINT ( 'NONE', #208 ) ;
#116 = AXIS2_PLACEMENT_3D ( 'NONE', #2352, #7338, #2403 ) ;
#117 = ADVANCED_FACE ( 'NONE', ( #6640 ), #4400, .F. ) ;
#118 = VERTEX_POINT ( 'NONE', #8113 ) ;
#119 = EDGE_CURVE ( 'NONE', #3347, #5201, #5334, .T. ) ;
#120 = B_SPLINE_SURFACE_WITH_KNOTS ( 'NONE', 3, 1, ( 
 ( #5, #9290 ),
 ( #4290, #2823 ),
 ( #5684, #3403 ),
 ( #3536, #5776 ) ),
 .UNSPECIFIED., .F., .F., .F.,
 ( 4, 4 ),
 ( 2, 2 ),
 ( 28.00000000000000000, 29.00000000000000000 ),
 ( 0.000000000000000000, 1.000000000000000000 ),
 .UNSPECIFIED. ) ;
#121 = CARTESIAN_POINT ( 'NONE',  ( 0.9851780089295304466, 1.241182611992108331, 0.9000000000000000222 ) ) ;
#122 = CARTESIAN_POINT ( 'NONE',  ( 1.142233711453809475, 1.197563782582764302, 0.9000000000000000222 ) ) ;
#123 = SURFACE_STYLE_FILL_AREA ( #7416 ) ;
#124 = VECTOR ( 'NONE', #8579, 1000.000000000000000 ) ;
#125 =( GEOMETRIC_REPRESENTATION_CONTEXT ( 3 ) GLOBAL_UNCERTAINTY_ASSIGNED_CONTEXT ( ( #3784 ) ) GLOBAL_UNIT_ASSIGNED_CONTEXT ( ( #4893, #9298, #5693 ) ) REPRESENTATION_CONTEXT ( 'NONE', 'WORKASPACE' ) );
#126 = CARTESIAN_POINT ( 'NONE',  ( 0.2500000000000000000, 1.450000000000000400, -0.02000000000000000042 ) ) ;
#127 = LINE ( 'NONE', #4513, #2679 ) ;
#128 = EDGE_CURVE ( 'NONE', #4806, #8435, #5930, .T. ) ;
#129 = VECTOR ( 'NONE', #8430, 1000.000000000000000 ) ;
#130 = AXIS2_PLACEMENT_3D ( 'NONE', #4551, #5273, #2328 ) ;
#131 = DIRECTION ( 'NONE',  ( -0.000000000000000000, -0.000000000000000000, 1.000000000000000000 ) ) ;
#132 = ADVANCED_FACE ( 'NONE', ( #5126 ), #7351, .F. ) ;
#133 = CARTESIAN_POINT ( 'NONE',  ( 1.235832673233151935, 1.333840068150569991, 0.9100000000000000311 ) ) ;
#134 = CARTESIAN_POINT ( 'NONE',  ( 0.8525519808632221475, 1.198626597885134482, 0.9100000000000000311 ) ) ;
#135 = ORIENTED_EDGE ( 'NONE', *, *, #8887, .F. ) ;
#136 = CARTESIAN_POINT ( 'NONE',  ( 1.154161971461618696, 1.225044829923102929, 0.9100000000000000311 ) ) ;
#137 = CARTESIAN_POINT ( 'NONE',  ( 0.9595617623785821504, 1.223829661882764652, 0.9000000000000000222 ) ) ;
#138 = VECTOR ( 'NONE', #8734, 1000.000000000000000 ) ;
#139 = COLOUR_RGB ( '',1.000000000000000000, 1.000000000000000000, 1.000000000000000000 ) ;
#140 = DIRECTION ( 'NONE',  ( 0.000000000000000000, 0.000000000000000000, -1.000000000000000000 ) ) ;
#141 = MECHANICAL_DESIGN_GEOMETRIC_PRESENTATION_REPRESENTATION (  '', ( #4664 ), #1489 ) ;
#142 = LINE ( 'NONE', #1696, #2243 ) ;
#143 = LINE ( 'NONE', #3006, #6008 ) ;
#144 = VERTEX_POINT ( 'NONE', #8782 ) ;
#145 = DIRECTION ( 'NONE',  ( 0.000000000000000000, 1.000000000000000000, -0.000000000000000000 ) ) ;
#146 = CARTESIAN_POINT ( 'NONE',  ( 1.313448063694329093, 1.230154819266510824, 0.9000000000000000222 ) ) ;
#147 = ADVANCED_FACE ( 'NONE', ( #160 ), #5973, .F. ) ;
#148 = CARTESIAN_POINT ( 'NONE',  ( 1.086900251268559714, 1.334820473082782177, 0.9100000000000000311 ) ) ;
#149 = DIRECTION ( 'NONE',  ( -1.000000000000000000, 0.000000000000000000, 0.000000000000000000 ) ) ;
#150 = CARTESIAN_POINT ( 'NONE',  ( 1.275360817542436687, 1.213131424535660141, 0.9100000000000000311 ) ) ;
#151 = LINE ( 'NONE', #8860, #3904 ) ;
#152 = CARTESIAN_POINT ( 'NONE',  ( 0.9079161261260743077, 1.183339481736770615, 0.9100000000000000311 ) ) ;
#153 = VERTEX_POINT ( 'NONE', #3826 ) ;
#154 = CARTESIAN_POINT ( 'NONE',  ( 1.129696412018558638, 1.220083386781760870, 0.9100000000000000311 ) ) ;
#155 = VECTOR ( 'NONE', #187, 1000.000000000000000 ) ;
#156 = B_SPLINE_CURVE_WITH_KNOTS ( 'NONE', 3,
 ( #2091, #7175, #8784, #817 ),
 .UNSPECIFIED., .F., .F.,
 ( 4, 4 ),
 ( 1.000000000000000000, 2.000000000000000000 ),
 .UNSPECIFIED. ) ;
#157 = ORIENTED_EDGE ( 'NONE', *, *, #7181, .F. ) ;
#158 = DIRECTION ( 'NONE',  ( -0.000000000000000000, -0.000000000000000000, -1.000000000000000000 ) ) ;
#159 = ORIENTED_EDGE ( 'NONE', *, *, #231, .F. ) ;
#160 = FACE_OUTER_BOUND ( 'NONE', #3486, .T. ) ;
#161 = LINE ( 'NONE', #4444, #3262 ) ;
#162 = ADVANCED_FACE ( 'NONE', ( #2417 ), #6857, .F. ) ;
#163 =( LENGTH_UNIT ( ) NAMED_UNIT ( * ) SI_UNIT ( .MILLI., .METRE. ) );
#164 = EDGE_CURVE ( 'NONE', #4285, #8422, #7490, .T. ) ;
#165 = CARTESIAN_POINT ( 'NONE',  ( 1.089752338343803251, 1.182560616197007253, 0.9100000000000000311 ) ) ;
#166 = CARTESIAN_POINT ( 'NONE',  ( -1.250000000000000000, -1.450000000000000400, 0.000000000000000000 ) ) ;
#167 = VERTEX_POINT ( 'NONE', #2651 ) ;
#168 = VECTOR ( 'NONE', #4843, 1000.000000000000000 ) ;
#169 = VERTEX_POINT ( 'NONE', #289 ) ;
#170 = CARTESIAN_POINT ( 'NONE',  ( 1.072179322666178880, 1.187997407184091303, 0.9100000000000000311 ) ) ;
#171 = EDGE_CURVE ( 'NONE', #6226, #1254, #379, .T. ) ;
#172 = DIRECTION ( 'NONE',  ( -0.000000000000000000, -1.000000000000000000, -0.000000000000000000 ) ) ;
#173 = DIRECTION ( 'NONE',  ( 0.3416038306902631216, -0.9398440417738136432, 0.000000000000000000 ) ) ;
#174 = CARTESIAN_POINT ( 'NONE',  ( 1.201206553584555525, 1.209714861893276483, 0.9000000000000000222 ) ) ;
#175 = PLANE ( 'NONE',  #8652 ) ;
#176 = EDGE_LOOP ( 'NONE', ( #7138, #7061, #8692, #7716 ) ) ;
#177 = ORIENTED_EDGE ( 'NONE', *, *, #6084, .T. ) ;
#178 = B_SPLINE_CURVE_WITH_KNOTS ( 'NONE', 3,
 ( #1502, #8058, #801, #3671 ),
 .UNSPECIFIED., .F., .F.,
 ( 4, 4 ),
 ( 4.000000000000000000, 5.000000000000000000 ),
 .UNSPECIFIED. ) ;
#179 = ADVANCED_FACE ( 'NONE', ( #1090 ), #6920, .T. ) ;
#180 = VECTOR ( 'NONE', #8277, 1000.000000000000000 ) ;
#181 = ORIENTED_EDGE ( 'NONE', *, *, #8987, .F. ) ;
#182 = FACE_OUTER_BOUND ( 'NONE', #2072, .T. ) ;
#183 = CARTESIAN_POINT ( 'NONE',  ( 1.131894895805856560, 1.188502464270565273, 0.9100000000000000311 ) ) ;
#184 = CARTESIAN_POINT ( 'NONE',  ( 1.274484394951788557, 1.191681352989879983, 0.9000000000000000222 ) ) ;
#185 = EDGE_LOOP ( 'NONE', ( #4951, #713, #241, #8515 ) ) ;
#186 = CARTESIAN_POINT ( 'NONE',  ( 0.8959343285546285118, 1.196147597132037221, 0.9100000000000000311 ) ) ;
#187 = DIRECTION ( 'NONE',  ( -0.000000000000000000, -0.000000000000000000, -1.000000000000000000 ) ) ;
#188 = CARTESIAN_POINT ( 'NONE',  ( 1.235936655574719101, 1.183541021129224102, 0.9000000000000000222 ) ) ;
#189 =( NAMED_UNIT ( * ) SI_UNIT ( $, .STERADIAN. ) SOLID_ANGLE_UNIT ( ) );
#190 = DIRECTION ( 'NONE',  ( -0.000000000000000000, -0.000000000000000000, -1.000000000000000000 ) ) ;
#191 = LINE ( 'NONE', #2172, #2877 ) ;
#192 = B_SPLINE_CURVE_WITH_KNOTS ( 'NONE', 3,
 ( #690, #1479, #5667, #6557 ),
 .UNSPECIFIED., .F., .F.,
 ( 4, 4 ),
 ( 2.000000000000000000, 3.000000000000000000 ),
 .UNSPECIFIED. ) ;
#193 = CARTESIAN_POINT ( 'NONE',  ( 1.311412980729066646, 1.230154819266510824, 0.9100000000000000311 ) ) ;
#194 = CARTESIAN_POINT ( 'NONE',  ( -1.195490597087386142, -1.198655526412927497, 0.8799999999999998934 ) ) ;
#195 = CARTESIAN_POINT ( 'NONE',  ( 1.224959091258592814, 1.183541021129224102, 0.9000000000000000222 ) ) ;
#196 = ADVANCED_FACE ( 'NONE', ( #6772 ), #3308, .F. ) ;
#197 = CARTESIAN_POINT ( 'NONE',  ( 1.134761837501267800, 1.190374146413594847, 0.9000000000000000222 ) ) ;
#198 = LINE ( 'NONE', #7438, #3465 ) ;
#199 = ORIENTED_EDGE ( 'NONE', *, *, #7103, .T. ) ;
#200 = LINE ( 'NONE', #8153, #8766 ) ;
#201 = DIRECTION ( 'NONE',  ( 1.000000000000000000, -0.000000000000000000, -0.000000000000000000 ) ) ;
#202 = B_SPLINE_SURFACE_WITH_KNOTS ( 'NONE', 3, 1, ( 
 ( #8046, #1534 ),
 ( #5987, #4509 ),
 ( #2990, #1007 ),
 ( #873, #3176 ) ),
 .UNSPECIFIED., .F., .F., .F.,
 ( 4, 4 ),
 ( 2, 2 ),
 ( 5.000000000000000000, 6.000000000000000000 ),
 ( 0.000000000000000000, 1.000000000000000000 ),
 .UNSPECIFIED. ) ;
#203 = UNCERTAINTY_MEASURE_WITH_UNIT (LENGTH_MEASURE( 1.000000000000000082E-05 ), #9060, 'distance_accuracy_value', 'NONE');
#204 = CARTESIAN_POINT ( 'NONE',  ( 1.093941341235667108, 1.191919026912945156, 0.9100000000000000311 ) ) ;
#205 = ORIENTED_EDGE ( 'NONE', *, *, #8242, .T. ) ;
#206 = CARTESIAN_POINT ( 'NONE',  ( 1.084761185961930607, 1.208199690634653711, 0.9000000000000000222 ) ) ;
#207 = ORIENTED_EDGE ( 'NONE', *, *, #6611, .T. ) ;
#208 = CARTESIAN_POINT ( 'NONE',  ( 1.179147442611117924, 1.275728793990915433, 0.9000000000000000222 ) ) ;
#209 = CARTESIAN_POINT ( 'NONE',  ( 1.064024136185159231, 1.183541021129224102, 0.9000000000000000222 ) ) ;
#210 = PLANE ( 'NONE',  #1197 ) ;
#211 = CARTESIAN_POINT ( 'NONE',  ( -1.250000000000000000, -1.450000000000000400, -0.02000000000000000042 ) ) ;
#212 =( LENGTH_UNIT ( ) NAMED_UNIT ( * ) SI_UNIT ( .MILLI., .METRE. ) );
#213 = CARTESIAN_POINT ( 'NONE',  ( 1.126175867035005496, 1.188502464270565273, 0.9100000000000000311 ) ) ;
#214 = ORIENTED_EDGE ( 'NONE', *, *, #5570, .T. ) ;
#215 = EDGE_CURVE ( 'NONE', #5833, #365, #2600, .T. ) ;
#216 = EDGE_CURVE ( 'NONE', #1762, #2416, #2459, .T. ) ;
#217 = ORIENTED_EDGE ( 'NONE', *, *, #6293, .T. ) ;
#218 = ORIENTED_EDGE ( 'NONE', *, *, #1825, .T. ) ;
#219 = CARTESIAN_POINT ( 'NONE',  ( 1.097060811474313002, 1.200386160417672654, 0.9000000000000000222 ) ) ;
#220 = DIRECTION ( 'NONE',  ( 1.000000000000000000, -0.000000000000000000, -0.000000000000000000 ) ) ;
#221 = CARTESIAN_POINT ( 'NONE',  ( 0.2500000000000000000, 1.450000000000000400, -0.02000000000000000042 ) ) ;
#222 = CARTESIAN_POINT ( 'NONE',  ( 0.9847648500177176301, 1.265972509197622609, 0.9100000000000000311 ) ) ;
#223 = ORIENTED_EDGE ( 'NONE', *, *, #7214, .T. ) ;
#224 = CARTESIAN_POINT ( 'NONE',  ( 1.252514411699763741, 1.241652295288878660, 0.9100000000000000311 ) ) ;
#225 = CARTESIAN_POINT ( 'NONE',  ( 1.083676798688548049, 1.220083386781760870, 0.9100000000000000311 ) ) ;
#226 = VERTEX_POINT ( 'NONE', #625 ) ;
#227 = DIRECTION ( 'NONE',  ( -0.000000000000000000, -1.000000000000000000, -0.000000000000000000 ) ) ;
#228 = CARTESIAN_POINT ( 'NONE',  ( 1.062702074988706613, 1.234967716206176513, 0.9000000000000000222 ) ) ;
#229 = CARTESIAN_POINT ( 'NONE',  ( 1.097060811474313002, 1.189958217048518119, 0.9100000000000000311 ) ) ;
#230 = CARTESIAN_POINT ( 'NONE',  ( 1.251875663031789543, 1.190166181731256767, 0.9100000000000000311 ) ) ;
#231 = EDGE_CURVE ( 'NONE', #1705, #2416, #2125, .T. ) ;
#232 = LINE ( 'NONE', #1076, #8437 ) ;
#233 = EDGE_CURVE ( 'NONE', #1038, #3080, #6359, .T. ) ;
#234 = DIRECTION ( 'NONE',  ( -0.000000000000000000, -0.000000000000000000, -1.000000000000000000 ) ) ;
#235 = CARTESIAN_POINT ( 'NONE',  ( 1.109301018506022807, 1.332443733853280632, 0.9000000000000000222 ) ) ;
#236 = DIRECTION ( 'NONE',  ( -0.000000000000000000, -0.000000000000000000, -1.000000000000000000 ) ) ;
#237 = EDGE_LOOP ( 'NONE', ( #7505, #5739, #8512, #7272 ) ) ;
#238 = CYLINDRICAL_SURFACE ( 'NONE', #3464, 0.09299432094351947620 ) ;
#239 = ORIENTED_EDGE ( 'NONE', *, *, #8360, .F. ) ;
#240 = CARTESIAN_POINT ( 'NONE',  ( 1.097060811474313002, 1.183541021129224102, 0.9000000000000000222 ) ) ;
#241 = ORIENTED_EDGE ( 'NONE', *, *, #2250, .F. ) ;
#242 = CARTESIAN_POINT ( 'NONE',  ( 1.259139572301796406, 1.234967716206178068, 0.9100000000000000311 ) ) ;
#243 = CARTESIAN_POINT ( 'NONE',  ( 1.032770015318031698, 1.333840068150567770, 0.9100000000000000311 ) ) ;
#244 = LINE ( 'NONE', #9008, #3958 ) ;
#245 = CARTESIAN_POINT ( 'NONE',  ( 1.097060811474313002, 1.200386160417672654, 0.9100000000000000311 ) ) ;
#246 = EDGE_CURVE ( 'NONE', #2171, #3879, #4213, .T. ) ;
#247 = FACE_OUTER_BOUND ( 'NONE', #7594, .T. ) ;
#248 = CARTESIAN_POINT ( 'NONE',  ( 1.079770033580256250, 1.321599861119052921, 0.9100000000000000311 ) ) ;
#249 = ORIENTED_EDGE ( 'NONE', *, *, #3983, .F. ) ;
#250 = VERTEX_POINT ( 'NONE', #9296 ) ;
#251 = ORIENTED_EDGE ( 'NONE', *, *, #233, .F. ) ;
#252 = VERTEX_POINT ( 'NONE', #5740 ) ;
#253 = ORIENTED_EDGE ( 'NONE', *, *, #4103, .T. ) ;
#254 = CARTESIAN_POINT ( 'NONE',  ( 1.086038683297883223, 1.188532173510895351, 0.9100000000000000311 ) ) ;
#255 = EDGE_LOOP ( 'NONE', ( #4713, #2572, #7072, #76 ) ) ;
#256 = CARTESIAN_POINT ( 'NONE',  ( -0.7500000000000000000, -1.450000000000000400, 0.000000000000000000 ) ) ;
#257 = EDGE_CURVE ( 'NONE', #4139, #7116, #7205, .T. ) ;
#258 = CARTESIAN_POINT ( 'NONE',  ( 1.129696412018558638, 1.220083386781760870, 0.9100000000000000311 ) ) ;
#259 = EDGE_LOOP ( 'NONE', ( #3028, #7914, #157, #7803 ) ) ;
#260 = ORIENTED_EDGE ( 'NONE', *, *, #8077, .T. ) ;
#261 = LINE ( 'NONE', #973, #4343 ) ;
#262 = CARTESIAN_POINT ( 'NONE',  ( 0.8161934449976795403, 1.333318442181288033, 0.9100000000000000311 ) ) ;
#263 = EDGE_CURVE ( 'NONE', #4070, #8668, #6500, .T. ) ;
#264 = CARTESIAN_POINT ( 'NONE',  ( 1.163520382177555490, 1.168419017781734182, 0.9100000000000000311 ) ) ;
#265 = DIRECTION ( 'NONE',  ( 0.000000000000000000, -1.000000000000000000, 0.000000000000000000 ) ) ;
#266 = EDGE_CURVE ( 'NONE', #6111, #6497, #4405, .T. ) ;
#267 = B_SPLINE_SURFACE_WITH_KNOTS ( 'NONE', 3, 1, ( 
 ( #7939, #5086 ),
 ( #7896, #4947 ),
 ( #7084, #2092 ),
 ( #3470, #4999 ) ),
 .UNSPECIFIED., .F., .F., .F.,
 ( 4, 4 ),
 ( 2, 2 ),
 ( 4.000000000000000000, 5.000000000000000000 ),
 ( 0.000000000000000000, 1.000000000000000000 ),
 .UNSPECIFIED. ) ;
#268 = AXIS2_PLACEMENT_3D ( 'NONE', #6351, #758, #9247 ) ;
#269 = EDGE_LOOP ( 'NONE', ( #218, #916, #6905, #8191 ) ) ;
#270 = VECTOR ( 'NONE', #3818, 1000.000000000000000 ) ;
#271 = CARTESIAN_POINT ( 'NONE',  ( 1.165897121407055481, 1.190433564894261886, 0.9000000000000000222 ) ) ;
#272 = ORIENTED_EDGE ( 'NONE', *, *, #7573, .T. ) ;
#273 = CARTESIAN_POINT ( 'NONE',  ( 1.170665454486224943, 1.282353954592944989, 0.9100000000000000311 ) ) ;
#274 =( GEOMETRIC_REPRESENTATION_CONTEXT ( 3 ) GLOBAL_UNCERTAINTY_ASSIGNED_CONTEXT ( ( #6387 ) ) GLOBAL_UNIT_ASSIGNED_CONTEXT ( ( #4862, #692, #7043 ) ) REPRESENTATION_CONTEXT ( 'NONE', 'WORKASPACE' ) );
#275 = CARTESIAN_POINT ( 'NONE',  ( 1.283248620860648836, 1.221955068924790222, 0.9000000000000000222 ) ) ;
#276 = AXIS2_PLACEMENT_3D ( 'NONE', #7556, #2434, #6791 ) ;
#277 = LINE ( 'NONE', #3150, #8419 ) ;
#278 = LINE ( 'NONE', #3055, #3124 ) ;
#279 = PLANE ( 'NONE',  #7709 ) ;
#280 = LINE ( 'NONE', #8069, #8478 ) ;
#281 = CARTESIAN_POINT ( 'NONE',  ( 1.064024136185159231, 1.183541021129224102, 0.9000000000000000222 ) ) ;
#282 = B_SPLINE_CURVE_WITH_KNOTS ( 'NONE', 3,
 ( #4206, #2824, #2740, #5024 ),
 .UNSPECIFIED., .F., .F.,
 ( 4, 4 ),
 ( 23.00000000000000000, 24.00000000000000000 ),
 .UNSPECIFIED. ) ;
#283 = EDGE_CURVE ( 'NONE', #4914, #7560, #2722, .T. ) ;
#284 = VECTOR ( 'NONE', #7837, 1000.000000000000000 ) ;
#285 = VECTOR ( 'NONE', #4749, 1000.000000000000000 ) ;
#286 = ORIENTED_EDGE ( 'NONE', *, *, #2419, .F. ) ;
#287 = CARTESIAN_POINT ( 'NONE',  ( 1.210475836579079312, 1.296525262248551469, 0.9100000000000000311 ) ) ;
#288 = VERTEX_POINT ( 'NONE', #9255 ) ;
#289 = CARTESIAN_POINT ( 'NONE',  ( 1.239590892139771805, 1.326412758058725494, 0.9100000000000000311 ) ) ;
#290 = CARTESIAN_POINT ( 'NONE',  ( 1.235832673233151935, 1.333840068150569991, 0.9000000000000000222 ) ) ;
#291 = CARTESIAN_POINT ( 'NONE',  ( 1.257698674144011708, 1.275728793990890786, 0.9100000000000000311 ) ) ;
#292 = LINE ( 'NONE', #3164, #9078 ) ;
#293 = AXIS2_PLACEMENT_3D ( 'NONE', #2642, #8957, #8381 ) ;
#294 = CARTESIAN_POINT ( 'NONE',  ( 1.083171741602274363, 1.283482905726828216, 0.9000000000000000222 ) ) ;
#295 = EDGE_LOOP ( 'NONE', ( #4099, #7627, #7641, #2498 ) ) ;
#296 = EDGE_CURVE ( 'NONE', #9123, #2333, #4128, .T. ) ;
#297 = B_SPLINE_CURVE_WITH_KNOTS ( 'NONE', 3,
 ( #5511, #6216, #1898, #1138 ),
 .UNSPECIFIED., .F., .F.,
 ( 4, 4 ),
 ( 21.00000000000000000, 22.00000000000000000 ),
 .UNSPECIFIED. ) ;
#298 = ORIENTED_EDGE ( 'NONE', *, *, #4089, .F. ) ;
#299 = ORIENTED_EDGE ( 'NONE', *, *, #5365, .F. ) ;
#300 = VECTOR ( 'NONE', #7785, 1000.000000000000000 ) ;
#301 = ORIENTED_EDGE ( 'NONE', *, *, #164, .F. ) ;
#302 = CARTESIAN_POINT ( 'NONE',  ( 1.083736217169216864, 1.188532173510895351, 0.9100000000000000311 ) ) ;
#303 = CARTESIAN_POINT ( 'NONE',  ( 1.140243192349245760, 1.224153552711890303, 0.9000000000000000222 ) ) ;
#304 = FACE_OUTER_BOUND ( 'NONE', #6237, .T. ) ;
#305 = VECTOR ( 'NONE', #8075, 1000.000000000000000 ) ;
#306 = VERTEX_POINT ( 'NONE', #7927 ) ;
#307 = EDGE_CURVE ( 'NONE', #4061, #8641, #356, .T. ) ;
#308 = ORIENTED_EDGE ( 'NONE', *, *, #8445, .F. ) ;
#309 = CARTESIAN_POINT ( 'NONE',  ( 1.109301018506022807, 1.324600494396363182, 0.9000000000000000222 ) ) ;
#310 = ORIENTED_EDGE ( 'NONE', *, *, #2611, .F. ) ;
#311 = ORIENTED_EDGE ( 'NONE', *, *, #7769, .F. ) ;
#312 = FILL_AREA_STYLE_COLOUR ( '', #581 ) ;
#313 = DIRECTION ( 'NONE',  ( -0.000000000000000000, -0.000000000000000000, -1.000000000000000000 ) ) ;
#314 = CARTESIAN_POINT ( 'NONE',  ( 0.8199119224860166311, 1.180860465222669520, 0.9100000000000000311 ) ) ;
#315 = CARTESIAN_POINT ( 'NONE',  ( 0.9273348786743881300, 1.272996321023685207, 0.9100000000000000311 ) ) ;
#316 = ORIENTED_EDGE ( 'NONE', *, *, #8919, .T. ) ;
#317 = B_SPLINE_CURVE_WITH_KNOTS ( 'NONE', 3,
 ( #3259, #4027, #341, #3417 ),
 .UNSPECIFIED., .F., .F.,
 ( 4, 4 ),
 ( 7.000000000000000000, 8.000000000000000000 ),
 .UNSPECIFIED. ) ;
#318 = ADVANCED_FACE ( 'NONE', ( #8634 ), #3543, .T. ) ;
#319 = AXIS2_PLACEMENT_3D ( 'NONE', #1663, #5122, #2969 ) ;
#320 = EDGE_CURVE ( 'NONE', #7599, #8373, #2880, .T. ) ;
#321 = PLANE ( 'NONE',  #3270 ) ;
#322 = CARTESIAN_POINT ( 'NONE',  ( 0.7215786042045757576, 1.249032741641795008, 0.9100000000000000311 ) ) ;
#323 = STYLED_ITEM ( 'NONE', ( #8193 ), #7495 ) ;
#324 = CARTESIAN_POINT ( 'NONE',  ( 1.179102878750615702, 1.282353954592944989, 0.9000000000000000222 ) ) ;
#325 = DIRECTION ( 'NONE',  ( 0.000000000000000000, 1.000000000000000000, -0.000000000000000000 ) ) ;
#326 = CARTESIAN_POINT ( 'NONE',  ( 1.261323201468730559, 1.241652295288878660, 0.9100000000000000311 ) ) ;
#327 = CARTESIAN_POINT ( 'NONE',  ( 1.079770033580256250, 1.321599861119052921, 0.9000000000000000222 ) ) ;
#328 = EDGE_LOOP ( 'NONE', ( #9225, #4230, #8775, #4805, #5219, #9104, #6649, #820, #513, #3520, #4817, #2693 ) ) ;
#329 = CARTESIAN_POINT ( 'NONE',  ( 1.283248620860648836, 1.221955068924790222, 0.9100000000000000311 ) ) ;
#330 = ORIENTED_EDGE ( 'NONE', *, *, #517, .F. ) ;
#331 =( NAMED_UNIT ( * ) PLANE_ANGLE_UNIT ( ) SI_UNIT ( $, .RADIAN. ) );
#332 = ADVANCED_FACE ( 'NONE', ( #5690 ), #4740, .F. ) ;
#333 = ORIENTED_EDGE ( 'NONE', *, *, #4299, .T. ) ;
#334 = CARTESIAN_POINT ( 'NONE',  ( 0.8021458213457586250, 1.213087364687867931, 0.9000000000000000222 ) ) ;
#335 = ORIENTED_EDGE ( 'NONE', *, *, #8376, .T. ) ;
#336 =( LENGTH_UNIT ( ) NAMED_UNIT ( * ) SI_UNIT ( .MILLI., .METRE. ) );
#337 = CARTESIAN_POINT ( 'NONE',  ( 0.8975869957232925911, 1.253990743147983311, 0.9000000000000000222 ) ) ;
#338 = DIRECTION ( 'NONE',  ( -9.327481043576872826E-14, 1.000000000000000000, -0.000000000000000000 ) ) ;
#339 = CARTESIAN_POINT ( 'NONE',  ( 0.7277760824460068889, 1.216392683264588825, 0.9000000000000000222 ) ) ;
#340 = CARTESIAN_POINT ( 'NONE',  ( 1.095605058696355938, 1.328046766278684343, 0.9100000000000000311 ) ) ;
#341 = CARTESIAN_POINT ( 'NONE',  ( 0.7277760824460068889, 1.216392683264588825, 0.9100000000000000311 ) ) ;
#342 = CARTESIAN_POINT ( 'NONE',  ( 1.062702074988706613, 1.241652295288878660, 0.9100000000000000311 ) ) ;
#343 = VERTEX_POINT ( 'NONE', #9196 ) ;
#344 = EDGE_LOOP ( 'NONE', ( #2100, #948, #1089, #24 ) ) ;
#345 = VERTEX_POINT ( 'NONE', #1281 ) ;
#346 = ORIENTED_EDGE ( 'NONE', *, *, #2511, .F. ) ;
#347 = EDGE_CURVE ( 'NONE', #6042, #866, #3949, .T. ) ;
#348 = B_SPLINE_SURFACE_WITH_KNOTS ( 'NONE', 3, 1, ( 
 ( #8458, #1107 ),
 ( #4038, #6939 ),
 ( #9024, #3423 ),
 ( #1908, #3267 ) ),
 .UNSPECIFIED., .F., .F., .F.,
 ( 4, 4 ),
 ( 2, 2 ),
 ( 4.000000000000000000, 5.000000000000000000 ),
 ( 0.000000000000000000, 1.000000000000000000 ),
 .UNSPECIFIED. ) ;
#349 = CARTESIAN_POINT ( 'NONE',  ( 0.9298138636666800627, 1.208542553615299164, 0.9000000000000000222 ) ) ;
#350 = EDGE_CURVE ( 'NONE', #5434, #6056, #23, .T. ) ;
#351 = LINE ( 'NONE', #1151, #9371 ) ;
#352 = ORIENTED_EDGE ( 'NONE', *, *, #863, .F. ) ;
#353 =( LENGTH_UNIT ( ) NAMED_UNIT ( * ) SI_UNIT ( .MILLI., .METRE. ) );
#354 = ORIENTED_EDGE ( 'NONE', *, *, #6965, .F. ) ;
#355 = VERTEX_POINT ( 'NONE', #1989 ) ;
#356 = B_SPLINE_CURVE_WITH_KNOTS ( 'NONE', 3,
 ( #8491, #673, #714, #7026 ),
 .UNSPECIFIED., .F., .F.,
 ( 4, 4 ),
 ( 3.000000000000000000, 4.000000000000000000 ),
 .UNSPECIFIED. ) ;
#357 = VERTEX_POINT ( 'NONE', #358 ) ;
#358 = CARTESIAN_POINT ( 'NONE',  ( 1.224959091258592814, 1.190166181731256767, 0.9100000000000000311 ) ) ;
#359 = CARTESIAN_POINT ( 'NONE',  ( 1.063415096757715395, 1.275728793990911436, 0.9100000000000000311 ) ) ;
#360 = CARTESIAN_POINT ( 'NONE',  ( 0.8269357343120766757, 1.188297451721348263, 0.9000000000000000222 ) ) ;
#361 = CARTESIAN_POINT ( 'NONE',  ( 0.9273348786743881300, 1.272996321023685207, 0.9100000000000000311 ) ) ;
#362 = DIRECTION ( 'NONE',  ( 0.9409537876760568631, -0.3385350343141492191, 0.000000000000000000 ) ) ;
#363 = ORIENTED_EDGE ( 'NONE', *, *, #3868, .F. ) ;
#364 =( NAMED_UNIT ( * ) SI_UNIT ( $, .STERADIAN. ) SOLID_ANGLE_UNIT ( ) );
#365 = VERTEX_POINT ( 'NONE', #5161 ) ;
#366 = FILL_AREA_STYLE_COLOUR ( '', #7752 ) ;
#367 = CARTESIAN_POINT ( 'NONE',  ( 1.210475836579079312, 1.305527162080083237, 0.9000000000000000222 ) ) ;
#368 = CARTESIAN_POINT ( 'NONE',  ( 1.146021639600764308, 1.225044829923102929, 0.9100000000000000311 ) ) ;
#369 = CARTESIAN_POINT ( 'NONE',  ( 1.252514411699763741, 1.241652295288878660, 0.9100000000000000311 ) ) ;
#370 = EDGE_CURVE ( 'NONE', #3613, #3510, #5209, .T. ) ;
#371 = DIRECTION ( 'NONE',  ( -1.000000000000000000, -0.000000000000000000, -0.000000000000000000 ) ) ;
#372 = CARTESIAN_POINT ( 'NONE',  ( 1.084761185961930607, 1.208199690634653711, 0.9100000000000000311 ) ) ;
#373 = EDGE_CURVE ( 'NONE', #1274, #2845, #2150, .T. ) ;
#374 = VERTEX_POINT ( 'NONE', #8769 ) ;
#375 = CARTESIAN_POINT ( 'NONE',  ( 1.188550417187556274, 1.333840068150567770, 0.9100000000000000311 ) ) ;
#376 = EDGE_LOOP ( 'NONE', ( #1964, #486, #2282, #7104 ) ) ;
#377 = CARTESIAN_POINT ( 'NONE',  ( 1.104339575364488013, 1.210249628219685958, 0.9100000000000000311 ) ) ;
#378 = B_SPLINE_CURVE_WITH_KNOTS ( 'NONE', 3,
 ( #6726, #6770, #287, #7444 ),
 .UNSPECIFIED., .F., .F.,
 ( 4, 4 ),
 ( 4.000000000000000000, 5.000000000000000000 ),
 .UNSPECIFIED. ) ;
#379 = LINE ( 'NONE', #8389, #7733 ) ;
#380 = CARTESIAN_POINT ( 'NONE',  ( 0.8525519808632221475, 1.174663018502851486, 0.9100000000000000311 ) ) ;
#381 = LINE ( 'NONE', #4797, #592 ) ;
#382 = DIRECTION ( 'NONE',  ( -0.9398440417738137542, -0.3416038306902631772, 0.000000000000000000 ) ) ;
#383 = ORIENTED_EDGE ( 'NONE', *, *, #6235, .F. ) ;
#384 = CARTESIAN_POINT ( 'NONE',  ( 1.109301018506022807, 1.285324878629917844, 0.9100000000000000311 ) ) ;
#385 = CARTESIAN_POINT ( 'NONE',  ( 1.139797553743641112, 1.201693366993959788, 0.9100000000000000311 ) ) ;
#386 = LINE ( 'NONE', #8443, #3620 ) ;
#387 = VERTEX_POINT ( 'NONE', #5825 ) ;
#388 = ORIENTED_EDGE ( 'NONE', *, *, #7530, .F. ) ;
#389 = ORIENTED_EDGE ( 'NONE', *, *, #7133, .F. ) ;
#390 = VECTOR ( 'NONE', #2449, 1000.000000000000000 ) ;
#391 = COLOUR_RGB ( '',0.8274509803921568096, 0.6666666666666666297, 0.1294117647058823373 ) ;
#392 = CARTESIAN_POINT ( 'NONE',  ( 1.239769147581776254, 1.326412758058725494, 0.9100000000000000311 ) ) ;
#393 = CARTESIAN_POINT ( 'NONE',  ( 1.196215401202468831, 1.321688988840056922, 0.9000000000000000222 ) ) ;
#394 = DIRECTION ( 'NONE',  ( 1.000000000000000000, -0.000000000000000000, -0.000000000000000000 ) ) ;
#395 = CARTESIAN_POINT ( 'NONE',  ( 1.132890155358039497, 1.198068839668837482, 0.9100000000000000311 ) ) ;
#396 = ORIENTED_EDGE ( 'NONE', *, *, #5075, .T. ) ;
#397 = EDGE_LOOP ( 'NONE', ( #3884, #6648, #4968, #2468 ) ) ;
#398 = ORIENTED_EDGE ( 'NONE', *, *, #689, .F. ) ;
#399 = EDGE_CURVE ( 'NONE', #6065, #6741, #96, .T. ) ;
#400 = VERTEX_POINT ( 'NONE', #8685 ) ;
#401 = ORIENTED_EDGE ( 'NONE', *, *, #1711, .T. ) ;
#402 = B_SPLINE_CURVE_WITH_KNOTS ( 'NONE', 3,
 ( #5705, #6554, #3558, #7979 ),
 .UNSPECIFIED., .F., .F.,
 ( 4, 4 ),
 ( 18.00000000000000000, 19.00000000000000000 ),
 .UNSPECIFIED. ) ;
#403 = LINE ( 'NONE', #7187, #3358 ) ;
#404 = CARTESIAN_POINT ( 'NONE',  ( 1.283248620860648836, 1.213339389217999775, 0.9100000000000000311 ) ) ;
#405 = DIRECTION ( 'NONE',  ( -0.000000000000000000, -0.000000000000000000, -1.000000000000000000 ) ) ;
#406 = LINE ( 'NONE', #5346, #7238 ) ;
#407 = EDGE_CURVE ( 'NONE', #488, #3584, #3637, .T. ) ;
#408 = ORIENTED_EDGE ( 'NONE', *, *, #1064, .F. ) ;
#409 = AXIS2_PLACEMENT_3D ( 'NONE', #3441, #933, #5064 ) ;
#410 = ADVANCED_FACE ( 'NONE', ( #847 ), #8821, .F. ) ;
#411 = ORIENTED_EDGE ( 'NONE', *, *, #6171, .T. ) ;
#412 = SURFACE_SIDE_STYLE ('',( #1926 ) ) ;
#413 = CARTESIAN_POINT ( 'NONE',  ( -0.7500000000000000000, -1.450000000000000400, -0.02000000000000000042 ) ) ;
#414 = DIRECTION ( 'NONE',  ( -1.000000000000000000, -0.000000000000000000, -0.000000000000000000 ) ) ;
#415 = CARTESIAN_POINT ( 'NONE',  ( 1.114203043166696494, 1.192513211720024335, 0.9100000000000000311 ) ) ;
#416 = CARTESIAN_POINT ( 'NONE',  ( 1.147521956239419438, 1.171063140174639639, 0.9100000000000000311 ) ) ;
#417 = VECTOR ( 'NONE', #7335, 1000.000000000000000 ) ;
#418 = VECTOR ( 'NONE', #7355, 1000.000000000000000 ) ;
#419 = ORIENTED_EDGE ( 'NONE', *, *, #7531, .T. ) ;
#420 = LINE ( 'NONE', #5501, #3881 ) ;
#421 = CARTESIAN_POINT ( 'NONE',  ( 0.7781822498441738345, 1.227548170893502322, 0.9100000000000000311 ) ) ;
#422 = ORIENTED_EDGE ( 'NONE', *, *, #9236, .F. ) ;
#423 = B_SPLINE_SURFACE_WITH_KNOTS ( 'NONE', 3, 1, ( 
 ( #5893, #865 ),
 ( #6695, #1573 ),
 ( #6077, #294 ),
 ( #5934, #1671 ) ),
 .UNSPECIFIED., .F., .F., .F.,
 ( 4, 4 ),
 ( 2, 2 ),
 ( 11.00000000000000000, 12.00000000000000000 ),
 ( 0.000000000000000000, 1.000000000000000000 ),
 .UNSPECIFIED. ) ;
#424 = EDGE_CURVE ( 'NONE', #2159, #4659, #191, .T. ) ;
#425 = PRESENTATION_LAYER_ASSIGNMENT (  '', '', ( #9362 ) ) ;
#426 = ORIENTED_EDGE ( 'NONE', *, *, #3833, .F. ) ;
#427 = CARTESIAN_POINT ( 'NONE',  ( 1.084152146534487438, 1.182560616197007253, 0.9000000000000000222 ) ) ;
#428 = ORIENTED_EDGE ( 'NONE', *, *, #6603, .F. ) ;
#429 = VECTOR ( 'NONE', #1992, 1000.000000000000000 ) ;
#430 = DIRECTION ( 'NONE',  ( 0.000000000000000000, 0.000000000000000000, -1.000000000000000000 ) ) ;
#431 = CARTESIAN_POINT ( 'NONE',  ( 1.130409433787367801, 1.225995525614980153, 0.9000000000000000222 ) ) ;
#432 = CARTESIAN_POINT ( 'NONE',  ( 1.283248620860648836, 1.213339389217999775, 0.9000000000000000222 ) ) ;
#433 = DIRECTION ( 'NONE',  ( 1.000000000000000000, -0.000000000000000000, -0.000000000000000000 ) ) ;
#434 = VERTEX_POINT ( 'NONE', #4476 ) ;
#435 = CARTESIAN_POINT ( 'NONE',  ( 1.223637030062156406, 1.241652295288878660, 0.9100000000000000311 ) ) ;
#436 = LINE ( 'NONE', #1994, #8032 ) ;
#437 = VERTEX_POINT ( 'NONE', #2216 ) ;
#438 =( GEOMETRIC_REPRESENTATION_CONTEXT ( 3 ) GLOBAL_UNCERTAINTY_ASSIGNED_CONTEXT ( ( #3530 ) ) GLOBAL_UNIT_ASSIGNED_CONTEXT ( ( #2350, #8852, #189 ) ) REPRESENTATION_CONTEXT ( 'NONE', 'WORKASPACE' ) );
#439 = VERTEX_POINT ( 'NONE', #8103 ) ;
#440 =( GEOMETRIC_REPRESENTATION_CONTEXT ( 3 ) GLOBAL_UNCERTAINTY_ASSIGNED_CONTEXT ( ( #1834 ) ) GLOBAL_UNIT_ASSIGNED_CONTEXT ( ( #4180, #9272, #588 ) ) REPRESENTATION_CONTEXT ( 'NONE', 'WORKASPACE' ) );
#441 = EDGE_CURVE ( 'NONE', #3685, #7499, #8014, .T. ) ;
#442 = EDGE_LOOP ( 'NONE', ( #4239, #5156, #597, #7512, #1651, #3320, #6236 ) ) ;
#443 = VERTEX_POINT ( 'NONE', #5070 ) ;
#444 = EDGE_CURVE ( 'NONE', #3721, #6451, #1508, .T. ) ;
#445 = DIRECTION ( 'NONE',  ( 0.000000000000000000, -1.000000000000000000, 0.000000000000000000 ) ) ;
#446 = LINE ( 'NONE', #1906, #5742 ) ;
#447 = AXIS2_PLACEMENT_3D ( 'NONE', #3683, #6010, #2270 ) ;
#448 = DIRECTION ( 'NONE',  ( -0.000000000000000000, -1.000000000000000000, -0.000000000000000000 ) ) ;
#449 = CARTESIAN_POINT ( 'NONE',  ( 1.081597151862784711, 1.201752785474624829, 0.9000000000000000222 ) ) ;
#450 = VERTEX_POINT ( 'NONE', #4391 ) ;
#451 = SURFACE_STYLE_FILL_AREA ( #1154 ) ;
#452 = VECTOR ( 'NONE', #5477, 1000.000000000000114 ) ;
#453 = ORIENTED_EDGE ( 'NONE', *, *, #7285, .T. ) ;
#454 = EDGE_CURVE ( 'NONE', #6470, #8914, #7298, .T. ) ;
#455 = ORIENTED_EDGE ( 'NONE', *, *, #9073, .F. ) ;
#456 = VERTEX_POINT ( 'NONE', #942 ) ;
#457 = CARTESIAN_POINT ( 'NONE',  ( 1.193704970391464837, 1.241652295288878660, 0.9100000000000000311 ) ) ;
#458 = CARTESIAN_POINT ( 'NONE',  ( 1.163520382177555490, 1.168419017781734182, 0.9000000000000000222 ) ) ;
#459 = DIRECTION ( 'NONE',  ( -0.000000000000000000, -1.000000000000000000, -0.000000000000000000 ) ) ;
#460 = EDGE_CURVE ( 'NONE', #6623, #2324, #5785, .T. ) ;
#461 = ORIENTED_EDGE ( 'NONE', *, *, #7618, .F. ) ;
#462 = CARTESIAN_POINT ( 'NONE',  ( 0.9595617623785821504, 1.258535538459945702, 0.9100000000000000311 ) ) ;
#463 = PRESENTATION_LAYER_ASSIGNMENT (  '', '', ( #3789 ) ) ;
#464 = CARTESIAN_POINT ( 'NONE',  ( 1.240675279413155918, 1.322342592128198602, 0.9000000000000000222 ) ) ;
#465 = ORIENTED_EDGE ( 'NONE', *, *, #5845, .F. ) ;
#466 = ADVANCED_FACE ( 'NONE', ( #1464 ), #3722, .F. ) ;
#467 = VECTOR ( 'NONE', #8469, 1000.000000000000000 ) ;
#468 = CARTESIAN_POINT ( 'NONE',  ( 1.084761185961930607, 1.208199690634653711, 0.9000000000000000222 ) ) ;
#469 = CARTESIAN_POINT ( 'NONE',  ( 1.093941341235667108, 1.191919026912945156, 0.9000000000000000222 ) ) ;
#470 = DIRECTION ( 'NONE',  ( 1.000000000000000000, 0.000000000000000000, -0.000000000000000000 ) ) ;
#471 = CARTESIAN_POINT ( 'NONE',  ( 1.147521956239419438, 1.164586525774281345, 0.9100000000000000311 ) ) ;
#472 = CARTESIAN_POINT ( 'NONE',  ( 1.170665454486224943, 1.282353954592944989, 0.9100000000000000311 ) ) ;
#473 = CARTESIAN_POINT ( 'NONE',  ( 1.162302303322470420, 1.183630148850227437, 0.9000000000000000222 ) ) ;
#474 = CARTESIAN_POINT ( 'NONE',  ( 1.125462845266195666, 1.182560616197007253, 0.9100000000000000311 ) ) ;
#475 = EDGE_LOOP ( 'NONE', ( #1386, #6653, #4560, #721 ) ) ;
#476 = ORIENTED_EDGE ( 'NONE', *, *, #1269, .F. ) ;
#477 = COLOUR_RGB ( '',0.2980392156862745057, 0.2980392156862745057, 0.2980392156862745057 ) ;
#478 = CARTESIAN_POINT ( 'NONE',  ( 1.147521956239419438, 1.164586525774281345, 0.9100000000000000311 ) ) ;
#479 = DIRECTION ( 'NONE',  ( -0.4544288531757081917, 0.8907830360988082674, 0.000000000000000000 ) ) ;
#480 = EDGE_CURVE ( 'NONE', #4792, #9146, #5919, .T. ) ;
#481 = CARTESIAN_POINT ( 'NONE',  ( 1.062702074988706613, 1.234967716206176513, 0.9100000000000000311 ) ) ;
#482 = LINE ( 'NONE', #5509, #5438 ) ;
#483 = CARTESIAN_POINT ( 'NONE',  ( 1.142233711453809475, 1.191027749701734306, 0.9000000000000000222 ) ) ;
#484 = CARTESIAN_POINT ( 'NONE',  ( 0.7409973803943973314, 1.296133570761587306, 0.9100000000000000311 ) ) ;
#485 = FACE_OUTER_BOUND ( 'NONE', #6130, .T. ) ;
#486 = ORIENTED_EDGE ( 'NONE', *, *, #2134, .F. ) ;
#487 = ORIENTED_EDGE ( 'NONE', *, *, #4234, .F. ) ;
#488 = VERTEX_POINT ( 'NONE', #805 ) ;
#489 = VECTOR ( 'NONE', #6475, 1000.000000000000000 ) ;
#490 = VERTEX_POINT ( 'NONE', #5251 ) ;
#491 = ORIENTED_EDGE ( 'NONE', *, *, #4013, .F. ) ;
#492 = ORIENTED_EDGE ( 'NONE', *, *, #6745, .T. ) ;
#493 = DIRECTION ( 'NONE',  ( 0.000000000000000000, 0.000000000000000000, 1.000000000000000000 ) ) ;
#494 =( LENGTH_UNIT ( ) NAMED_UNIT ( * ) SI_UNIT ( .MILLI., .METRE. ) );
#495 = DIRECTION ( 'NONE',  ( 0.000000000000000000, 1.000000000000000000, -0.000000000000000000 ) ) ;
#496 = ADVANCED_FACE ( 'NONE', ( #2926 ), #8146, .F. ) ;
#497 = ORIENTED_EDGE ( 'NONE', *, *, #4941, .F. ) ;
#498 = EDGE_CURVE ( 'NONE', #5110, #6262, #9131, .T. ) ;
#499 = ORIENTED_EDGE ( 'NONE', *, *, #2818, .T. ) ;
#500 = ORIENTED_EDGE ( 'NONE', *, *, #634, .F. ) ;
#501 = ORIENTED_EDGE ( 'NONE', *, *, #1539, .T. ) ;
#502 = LINE ( 'NONE', #7806, #4540 ) ;
#503 = LINE ( 'NONE', #359, #5788 ) ;
#504 = CARTESIAN_POINT ( 'NONE',  ( 1.201711610670615382, 1.326145374895321360, 0.9000000000000000222 ) ) ;
#505 = DIRECTION ( 'NONE',  ( -0.000000000000000000, -1.000000000000000000, -0.000000000000000000 ) ) ;
#506 = ORIENTED_EDGE ( 'NONE', *, *, #8429, .T. ) ;
#507 = EDGE_CURVE ( 'NONE', #8668, #7606, #3342, .T. ) ;
#508 = CARTESIAN_POINT ( 'NONE',  ( 0.8091696331716186075, 1.328360458406030453, 0.9000000000000000222 ) ) ;
#509 = VERTEX_POINT ( 'NONE', #547 ) ;
#510 = DIRECTION ( 'NONE',  ( 0.000000000000000000, -1.000000000000000000, 0.000000000000000000 ) ) ;
#511 = FACE_OUTER_BOUND ( 'NONE', #7035, .T. ) ;
#512 = CARTESIAN_POINT ( 'NONE',  ( 1.240095949225849425, 1.324481657434632087, 0.9100000000000000311 ) ) ;
#513 = ORIENTED_EDGE ( 'NONE', *, *, #7865, .T. ) ;
#514 = CARTESIAN_POINT ( 'NONE',  ( 1.251920226892687893, 1.183541021129224102, 0.9100000000000000311 ) ) ;
#515 = LINE ( 'NONE', #8283, #1180 ) ;
#516 = ADVANCED_FACE ( 'NONE', ( #1916 ), #6900, .F. ) ;
#517 = EDGE_CURVE ( 'NONE', #167, #3347, #2903, .T. ) ;
#518 = ORIENTED_EDGE ( 'NONE', *, *, #2898, .F. ) ;
#519 = CARTESIAN_POINT ( 'NONE',  ( 1.084152146534487438, 1.182560616197007253, 0.9100000000000000311 ) ) ;
#520 = ORIENTED_EDGE ( 'NONE', *, *, #7154, .T. ) ;
#521 = CARTESIAN_POINT ( 'NONE',  ( 1.131642367262621240, 1.199108663081720483, 0.9100000000000000311 ) ) ;
#522 = DIRECTION ( 'NONE',  ( -0.000000000000000000, -0.000000000000000000, -1.000000000000000000 ) ) ;
#523 = B_SPLINE_CURVE_WITH_KNOTS ( 'NONE', 3,
 ( #2522, #8414, #3391, #8516, #6286, #4868, #7759 ),
 .UNSPECIFIED., .F., .F.,
 ( 4, 3, 4 ),
 ( 0.000000000000000000, 1.000000000000000000, 2.000000000000000000 ),
 .UNSPECIFIED. ) ;
#524 = CARTESIAN_POINT ( 'NONE',  ( 1.130409433787367801, 1.225995525614980153, 0.9100000000000000311 ) ) ;
#525 = CARTESIAN_POINT ( 'NONE',  ( -1.500000000000000000, 1.499999999999999778, 0.9000000000000000222 ) ) ;
#526 = DIRECTION ( 'NONE',  ( 0.000000000000000000, 0.000000000000000000, 1.000000000000000000 ) ) ;
#527 = CARTESIAN_POINT ( 'NONE',  ( 1.032770015318033252, 1.241652295288878660, 0.9100000000000000311 ) ) ;
#528 = DIRECTION ( 'NONE',  ( 0.000000000000000000, 0.000000000000000000, -1.000000000000000000 ) ) ;
#529 = ORIENTED_EDGE ( 'NONE', *, *, #53, .F. ) ;
#530 = EDGE_CURVE ( 'NONE', #1257, #4806, #2578, .T. ) ;
#531 = EDGE_CURVE ( 'NONE', #3377, #7606, #6134, .T. ) ;
#532 = CARTESIAN_POINT ( 'NONE',  ( 0.7889245470388724923, 1.291175612597763145, 0.9100000000000000311 ) ) ;
#533 = ORIENTED_EDGE ( 'NONE', *, *, #7413, .T. ) ;
#534 = EDGE_LOOP ( 'NONE', ( #8240, #9084, #2467, #4310 ) ) ;
#535 = EDGE_CURVE ( 'NONE', #6123, #5136, #1211, .T. ) ;
#536 = CARTESIAN_POINT ( 'NONE',  ( 1.322227144223355744, 1.206001206847159946, 0.9000000000000000222 ) ) ;
#537 = CARTESIAN_POINT ( 'NONE',  ( 1.075046264361588344, 1.222133324367190133, 0.9100000000000000311 ) ) ;
#538 = CARTESIAN_POINT ( 'NONE',  ( 1.313448063694329093, 1.230154819266510824, 0.9000000000000000222 ) ) ;
#539 = ORIENTED_EDGE ( 'NONE', *, *, #5402, .F. ) ;
#540 = CARTESIAN_POINT ( 'NONE',  ( 0.8112354671327967059, 1.239116793792133686, 0.9100000000000000311 ) ) ;
#541 = EDGE_CURVE ( 'NONE', #4911, #971, #7608, .T. ) ;
#542 = VERTEX_POINT ( 'NONE', #6950 ) ;
#543 = VERTEX_POINT ( 'NONE', #7712 ) ;
#544 = ORIENTED_EDGE ( 'NONE', *, *, #5794, .F. ) ;
#545 = ORIENTED_EDGE ( 'NONE', *, *, #2625, .F. ) ;
#546 = EDGE_CURVE ( 'NONE', #5835, #1038, #502, .T. ) ;
#547 = CARTESIAN_POINT ( 'NONE',  ( 1.166981508680438040, 1.193790709055976285, 0.9000000000000000222 ) ) ;
#548 = FACE_OUTER_BOUND ( 'NONE', #9059, .T. ) ;
#549 = CARTESIAN_POINT ( 'NONE',  ( 0.8112354671327967059, 1.239116793792133686, 0.9100000000000000311 ) ) ;
#550 = LINE ( 'NONE', #5717, #1383 ) ;
#551 = LINE ( 'NONE', #7859, #874 ) ;
#552 = ORIENTED_EDGE ( 'NONE', *, *, #4803, .F. ) ;
#553 = EDGE_CURVE ( 'NONE', #1822, #980, #2626, .T. ) ;
#554 = EDGE_CURVE ( 'NONE', #5337, #1060, #523, .T. ) ;
#555 = CARTESIAN_POINT ( 'NONE',  ( -1.195490597087386142, -1.198655526412927497, 0.9000000000000000222 ) ) ;
#556 = PLANE ( 'NONE',  #409 ) ;
#557 = CARTESIAN_POINT ( 'NONE',  ( 1.227573504410765182, 1.291623237587878226, 0.9100000000000000311 ) ) ;
#558 = CARTESIAN_POINT ( 'NONE',  ( 1.330471458425576348, 1.183541021129224102, 0.9000000000000000222 ) ) ;
#559 = VERTEX_POINT ( 'NONE', #1259 ) ;
#560 = CARTESIAN_POINT ( 'NONE',  ( 0.9798068642723328781, 1.212674205776253622, 0.9000000000000000222 ) ) ;
#561 = ORIENTED_EDGE ( 'NONE', *, *, #3032, .F. ) ;
#562 = AXIS2_PLACEMENT_3D ( 'NONE', #2878, #9254, #1374 ) ;
#563 = CARTESIAN_POINT ( 'NONE',  ( 1.223637030062156406, 1.241652295288878660, 0.9000000000000000222 ) ) ;
#564 = VERTEX_POINT ( 'NONE', #5057 ) ;
#565 = EDGE_CURVE ( 'NONE', #1453, #2320, #9248, .T. ) ;
#566 = ORIENTED_EDGE ( 'NONE', *, *, #8521, .T. ) ;
#567 = CARTESIAN_POINT ( 'NONE',  ( 1.125433136025661085, 1.219578329695286456, 0.9000000000000000222 ) ) ;
#568 = ORIENTED_EDGE ( 'NONE', *, *, #7877, .T. ) ;
#569 = CARTESIAN_POINT ( 'NONE',  ( 1.094253288259571244, 1.220083386781760870, 0.9100000000000000311 ) ) ;
#570 = CARTESIAN_POINT ( 'NONE',  ( 0.8112354592522946772, 1.156070583778161076, 0.9100000000000000311 ) ) ;
#571 =( GEOMETRIC_REPRESENTATION_CONTEXT ( 3 ) GLOBAL_UNCERTAINTY_ASSIGNED_CONTEXT ( ( #1360 ) ) GLOBAL_UNIT_ASSIGNED_CONTEXT ( ( #6754, #937, #4471 ) ) REPRESENTATION_CONTEXT ( 'NONE', 'WORKASPACE' ) );
#572 = DIRECTION ( 'NONE',  ( 0.000000000000000000, 1.000000000000000000, -0.000000000000000000 ) ) ;
#573 = VECTOR ( 'NONE', #1353, 1000.000000000000000 ) ;
#574 = CARTESIAN_POINT ( 'NONE',  ( 1.142233711453809475, 1.191027749701734306, 0.9100000000000000311 ) ) ;
#575 = ORIENTED_EDGE ( 'NONE', *, *, #5047, .F. ) ;
#576 = CARTESIAN_POINT ( 'NONE',  ( 1.312541931863346001, 1.234224985196638702, 0.9100000000000000311 ) ) ;
#577 = CARTESIAN_POINT ( 'NONE',  ( 0.000000000000000000, 0.000000000000000000, 0.9100000000000000311 ) ) ;
#578 = CARTESIAN_POINT ( 'NONE',  ( 1.167026072540940485, 1.177272371411596463, 0.9100000000000000311 ) ) ;
#579 = EDGE_LOOP ( 'NONE', ( #9118, #4909, #2983, #6246 ) ) ;
#580 = EDGE_CURVE ( 'NONE', #5098, #2686, #1667, .T. ) ;
#581 = COLOUR_RGB ( '',0.8274509803921568096, 0.6666666666666666297, 0.1294117647058823373 ) ;
#582 = CARTESIAN_POINT ( 'NONE',  ( 1.114203043166696494, 1.192513211720024335, 0.9000000000000000222 ) ) ;
#583 = ORIENTED_EDGE ( 'NONE', *, *, #6054, .F. ) ;
#584 = EDGE_LOOP ( 'NONE', ( #6734, #8216, #3194, #7321 ) ) ;
#585 = CARTESIAN_POINT ( 'NONE',  ( 0.8959343285546285118, 1.189536959978600761, 0.9000000000000000222 ) ) ;
#586 = CARTESIAN_POINT ( 'NONE',  ( 0.7500000000000000000, 1.450000000000000400, 0.000000000000000000 ) ) ;
#587 = EDGE_CURVE ( 'NONE', #7824, #6780, #3567, .T. ) ;
#588 =( NAMED_UNIT ( * ) SI_UNIT ( $, .STERADIAN. ) SOLID_ANGLE_UNIT ( ) );
#589 = AXIS2_PLACEMENT_3D ( 'NONE', #3553, #6463, #2457 ) ;
#590 = AXIS2_PLACEMENT_3D ( 'NONE', #8405, #3328, #7793 ) ;
#591 = FACE_OUTER_BOUND ( 'NONE', #1819, .T. ) ;
#592 = VECTOR ( 'NONE', #4694, 1000.000000000000000 ) ;
#593 = EDGE_LOOP ( 'NONE', ( #4716, #8552, #3561, #499 ) ) ;
#594 = SURFACE_STYLE_FILL_AREA ( #7090 ) ;
#595 = ORIENTED_EDGE ( 'NONE', *, *, #4198, .F. ) ;
#596 =( GEOMETRIC_REPRESENTATION_CONTEXT ( 3 ) GLOBAL_UNCERTAINTY_ASSIGNED_CONTEXT ( ( #4284 ) ) GLOBAL_UNIT_ASSIGNED_CONTEXT ( ( #8198, #6630, #5357 ) ) REPRESENTATION_CONTEXT ( 'NONE', 'WORKASPACE' ) );
#597 = ORIENTED_EDGE ( 'NONE', *, *, #5762, .T. ) ;
#598 = ORIENTED_EDGE ( 'NONE', *, *, #257, .F. ) ;
#599 = UNCERTAINTY_MEASURE_WITH_UNIT (LENGTH_MEASURE( 1.000000000000000082E-05 ), #8450, 'distance_accuracy_value', 'NONE');
#600 = FACE_OUTER_BOUND ( 'NONE', #442, .T. ) ;
#601 = EDGE_CURVE ( 'NONE', #8325, #7025, #3658, .T. ) ;
#602 = FACE_BOUND ( 'NONE', #2720, .T. ) ;
#603 = FILL_AREA_STYLE_COLOUR ( '', #3745 ) ;
#604 = DIRECTION ( 'NONE',  ( -1.000000000000000000, -0.000000000000000000, -0.000000000000000000 ) ) ;
#605 = ORIENTED_EDGE ( 'NONE', *, *, #8064, .F. ) ;
#606 = VECTOR ( 'NONE', #6866, 1000.000000000000000 ) ;
#607 = CARTESIAN_POINT ( 'NONE',  ( -0.7500000000000000000, -0.4500000000000002887, 0.000000000000000000 ) ) ;
#608 = B_SPLINE_CURVE_WITH_KNOTS ( 'NONE', 3,
 ( #5188, #8086, #170, #5713 ),
 .UNSPECIFIED., .F., .F.,
 ( 4, 4 ),
 ( 8.000000000000000000, 9.000000000000000000 ),
 .UNSPECIFIED. ) ;
#609 = VERTEX_POINT ( 'NONE', #5094 ) ;
#610 = ORIENTED_EDGE ( 'NONE', *, *, #6958, .F. ) ;
#611 = DIRECTION ( 'NONE',  ( -0.000000000000000000, 1.000000000000000000, -0.000000000000000000 ) ) ;
#612 = CARTESIAN_POINT ( 'NONE',  ( 1.192249217613508439, 1.284374182938038844, 0.9100000000000000311 ) ) ;
#613 = CARTESIAN_POINT ( 'NONE',  ( 1.265987552206726985, 1.275728793990915433, 0.9000000000000000222 ) ) ;
#614 = CARTESIAN_POINT ( 'NONE',  ( 1.109301018506022807, 1.278135242460746834, 0.9000000000000000222 ) ) ;
#615 = VECTOR ( 'NONE', #1421, 1000.000000000000000 ) ;
#616 = ORIENTED_EDGE ( 'NONE', *, *, #8266, .F. ) ;
#617 = LINE ( 'NONE', #51, #124 ) ;
#618 = ORIENTED_EDGE ( 'NONE', *, *, #3931, .F. ) ;
#619 = EDGE_CURVE ( 'NONE', #5371, #2734, #7421, .T. ) ;
#620 = B_SPLINE_CURVE_WITH_KNOTS ( 'NONE', 3,
 ( #8699, #4356, #1522, #7269 ),
 .UNSPECIFIED., .F., .F.,
 ( 4, 4 ),
 ( 3.000000000000000000, 4.000000000000000000 ),
 .UNSPECIFIED. ) ;
#621 = CARTESIAN_POINT ( 'NONE',  ( 1.084880022923465415, 1.274748389058698805, 0.9100000000000000311 ) ) ;
#622 = ADVANCED_FACE ( 'NONE', ( #9370 ), #6563, .F. ) ;
#623 = VECTOR ( 'NONE', #4528, 1000.000000000000000 ) ;
#624 = CARTESIAN_POINT ( 'NONE',  ( 1.127349382029589453, 1.220083386781760870, 0.9000000000000000222 ) ) ;
#625 = CARTESIAN_POINT ( 'NONE',  ( 1.213699289159290595, 1.275728793990915433, 0.9100000000000000311 ) ) ;
#626 = LINE ( 'NONE', #2075, #2002 ) ;
#627 = LINE ( 'NONE', #7207, #6782 ) ;
#628 = B_SPLINE_CURVE_WITH_KNOTS ( 'NONE', 3,
 ( #2446, #3720, #8899, #6675 ),
 .UNSPECIFIED., .F., .F.,
 ( 4, 4 ),
 ( 3.000000000000000000, 4.000000000000000000 ),
 .UNSPECIFIED. ) ;
#629 = FACE_OUTER_BOUND ( 'NONE', #4866, .T. ) ;
#630 = CARTESIAN_POINT ( 'NONE',  ( 1.141416707343631209, 1.199851394091263845, 0.9000000000000000222 ) ) ;
#631 = LINE ( 'NONE', #3643, #1347 ) ;
#632 = AXIS2_PLACEMENT_3D ( 'NONE', #8186, #1643, #3042 ) ;
#633 = CARTESIAN_POINT ( 'NONE',  ( 0.8959343285546285118, 1.196147597132037221, 0.9000000000000000222 ) ) ;
#634 = EDGE_CURVE ( 'NONE', #2333, #3969, #8000, .T. ) ;
#635 = VECTOR ( 'NONE', #2917, 1000.000000000000000 ) ;
#636 = VECTOR ( 'NONE', #7349, 1000.000000000000000 ) ;
#637 = CARTESIAN_POINT ( 'NONE',  ( 1.088653096450254543, 1.220083386781760870, 0.9100000000000000311 ) ) ;
#638 = ORIENTED_EDGE ( 'NONE', *, *, #8110, .F. ) ;
#639 = ORIENTED_EDGE ( 'NONE', *, *, #8808, .F. ) ;
#640 = CARTESIAN_POINT ( 'NONE',  ( 1.500000000000000000, -1.500000000000000222, 0.000000000000000000 ) ) ;
#641 = DIRECTION ( 'NONE',  ( -0.000000000000000000, -0.000000000000000000, -1.000000000000000000 ) ) ;
#642 = DIRECTION ( 'NONE',  ( 0.000000000000000000, 0.000000000000000000, 1.000000000000000000 ) ) ;
#643 = CARTESIAN_POINT ( 'NONE',  ( 1.167026072540940485, 1.177272371411596463, 0.9100000000000000311 ) ) ;
#644 = ORIENTED_EDGE ( 'NONE', *, *, #4941, .T. ) ;
#645 = EDGE_CURVE ( 'NONE', #8656, #1454, #7731, .T. ) ;
#646 = ORIENTED_EDGE ( 'NONE', *, *, #2690, .F. ) ;
#647 = ORIENTED_EDGE ( 'NONE', *, *, #6406, .T. ) ;
#648 = EDGE_CURVE ( 'NONE', #250, #1723, #8452, .T. ) ;
#649 = DIRECTION ( 'NONE',  ( 0.000000000000000000, 1.000000000000000000, -0.000000000000000000 ) ) ;
#650 = CARTESIAN_POINT ( 'NONE',  ( 1.097060811474312780, 1.209922826576012023, 0.9000000000000000222 ) ) ;
#651 = B_SPLINE_CURVE_WITH_KNOTS ( 'NONE', 3,
 ( #2999, #6711, #7957, #184 ),
 .UNSPECIFIED., .F., .F.,
 ( 4, 4 ),
 ( 5.000000000000000000, 6.000000000000000000 ),
 .UNSPECIFIED. ) ;
#652 = DIRECTION ( 'NONE',  ( -0.3416038306815923908, 0.9398440417769652333, 0.000000000000000000 ) ) ;
#653 = LINE ( 'NONE', #3660, #1341 ) ;
#654 = CARTESIAN_POINT ( 'NONE',  ( 0.7930561834390216225, 1.156070583778161076, 0.9000000000000000222 ) ) ;
#655 = CARTESIAN_POINT ( 'NONE',  ( 0.8959343285546285118, 1.203171393197097094, 0.9000000000000000222 ) ) ;
#656 = VECTOR ( 'NONE', #5743, 1000.000000000000000 ) ;
#657 = PLANE ( 'NONE',  #3123 ) ;
#658 = ORIENTED_EDGE ( 'NONE', *, *, #1907, .F. ) ;
#659 = ORIENTED_EDGE ( 'NONE', *, *, #5572, .F. ) ;
#660 = EDGE_CURVE ( 'NONE', #4774, #7680, #1350, .T. ) ;
#661 = CARTESIAN_POINT ( 'NONE',  ( 0.9219637340171907836, 1.327947293583841670, 0.9100000000000000311 ) ) ;
#662 = CARTESIAN_POINT ( 'NONE',  ( 1.040271598510909890, 1.216369731735640114, 0.9100000000000000311 ) ) ;
#663 = CARTESIAN_POINT ( 'NONE',  ( 0.7885113802467559330, 1.315965501922772507, 0.9000000000000000222 ) ) ;
#664 = DIRECTION ( 'NONE',  ( -1.000000000000000000, 0.000000000000000000, 0.000000000000000000 ) ) ;
#665 = ORIENTED_EDGE ( 'NONE', *, *, #2475, .F. ) ;
#666 = CARTESIAN_POINT ( 'NONE',  ( 0.9698908927811655811, 1.201931916461858485, 0.9000000000000000222 ) ) ;
#667 = PLANE ( 'NONE',  #4063 ) ;
#668 = EDGE_CURVE ( 'NONE', #7599, #2657, #8611, .T. ) ;
#669 = B_SPLINE_SURFACE_WITH_KNOTS ( 'NONE', 3, 1, ( 
 ( #5395, #4479 ),
 ( #899, #8858 ),
 ( #2357, #5308 ),
 ( #8149, #1702 ) ),
 .UNSPECIFIED., .F., .F., .F.,
 ( 4, 4 ),
 ( 2, 2 ),
 ( 4.000000000000000000, 5.000000000000000000 ),
 ( 0.000000000000000000, 1.000000000000000000 ),
 .UNSPECIFIED. ) ;
#670 = ORIENTED_EDGE ( 'NONE', *, *, #5735, .T. ) ;
#671 = CARTESIAN_POINT ( 'NONE',  ( 1.137212849831603867, 1.225401340807505068, 0.9100000000000000311 ) ) ;
#672 = ORIENTED_EDGE ( 'NONE', *, *, #6742, .T. ) ;
#673 = CARTESIAN_POINT ( 'NONE',  ( 1.081879389646355216, 1.189156067558703178, 0.9000000000000000222 ) ) ;
#674 = CARTESIAN_POINT ( 'NONE',  ( 1.074556061895679759, 1.185828632637324187, 0.9000000000000000222 ) ) ;
#675 = ADVANCED_FACE ( 'NONE', ( #600, #4279 ), #2857, .T. ) ;
#676 = FACE_OUTER_BOUND ( 'NONE', #7846, .T. ) ;
#677 = PRESENTATION_STYLE_ASSIGNMENT (( #4215 ) ) ;
#678 = ADVANCED_FACE ( 'NONE', ( #5764 ), #1546, .F. ) ;
#679 = CARTESIAN_POINT ( 'NONE',  ( 1.191966979829543583, 1.325343225405508640, 0.9100000000000000311 ) ) ;
#680 = SURFACE_STYLE_FILL_AREA ( #9347 ) ;
#681 = CARTESIAN_POINT ( 'NONE',  ( 1.088653096450254543, 1.220083386781760870, 0.9100000000000000311 ) ) ;
#682 = CARTESIAN_POINT ( 'NONE',  ( 1.311412980729066646, 1.230154819266510824, 0.9000000000000000222 ) ) ;
#683 = VERTEX_POINT ( 'NONE', #1403 ) ;
#684 = LINE ( 'NONE', #5661, #5876 ) ;
#685 = ORIENTED_EDGE ( 'NONE', *, *, #2901, .T. ) ;
#686 = CARTESIAN_POINT ( 'NONE',  ( 1.243854168132468629, 1.333840068150569991, 0.9000000000000000222 ) ) ;
#687 = LINE ( 'NONE', #3557, #3574 ) ;
#688 = CARTESIAN_POINT ( 'NONE',  ( 1.065791835987018654, 1.303685189176992054, 0.9000000000000000222 ) ) ;
#689 = EDGE_CURVE ( 'NONE', #3031, #2435, #6301, .T. ) ;
#690 = CARTESIAN_POINT ( 'NONE',  ( 1.251875663031789543, 1.190166181731256767, 0.9100000000000000311 ) ) ;
#691 = ORIENTED_EDGE ( 'NONE', *, *, #3539, .T. ) ;
#692 =( NAMED_UNIT ( * ) PLANE_ANGLE_UNIT ( ) SI_UNIT ( $, .RADIAN. ) );
#693 = EDGE_LOOP ( 'NONE', ( #6037, #50, #1676, #5806 ) ) ;
#694 = CARTESIAN_POINT ( 'NONE',  ( 1.163163871293149132, 1.275728793990915433, 0.9100000000000000311 ) ) ;
#695 = CARTESIAN_POINT ( 'NONE',  ( 1.312541931863346001, 1.234224985196638702, 0.9100000000000000311 ) ) ;
#696 = CARTESIAN_POINT ( 'NONE',  ( 0.8661864298425271391, 1.324641973037194775, 0.9100000000000000311 ) ) ;
#697 = SURFACE_SIDE_STYLE ('',( #4413 ) ) ;
#698 = LINE ( 'NONE', #8567, #2120 ) ;
#699 = ORIENTED_EDGE ( 'NONE', *, *, #1256, .F. ) ;
#700 = LINE ( 'NONE', #5677, #3589 ) ;
#701 = EDGE_CURVE ( 'NONE', #609, #4077, #738, .T. ) ;
#702 = UNCERTAINTY_MEASURE_WITH_UNIT (LENGTH_MEASURE( 1.000000000000000082E-05 ), #6701, 'distance_accuracy_value', 'NONE');
#703 = ORIENTED_EDGE ( 'NONE', *, *, #952, .F. ) ;
#704 = AXIS2_PLACEMENT_3D ( 'NONE', #4158, #4066, #7057 ) ;
#705 = CARTESIAN_POINT ( 'NONE',  ( 1.268988185483642006, 1.229501215978365369, 0.9000000000000000222 ) ) ;
#706 = CARTESIAN_POINT ( 'NONE',  ( 1.185861730934152147, 1.225044829923102929, 0.9100000000000000311 ) ) ;
#707 = CARTESIAN_POINT ( 'NONE',  ( 1.097060811474313002, 1.209922826576012023, 0.9100000000000000311 ) ) ;
#708 = CARTESIAN_POINT ( 'NONE',  ( 1.073664784684665197, 1.304130827782795654, 0.9000000000000000222 ) ) ;
#709 = CARTESIAN_POINT ( 'NONE',  ( 1.093213464846687577, 1.274748389058698805, 0.9100000000000000311 ) ) ;
#710 = EDGE_CURVE ( 'NONE', #6414, #1199, #1682, .T. ) ;
#711 = STYLED_ITEM ( 'NONE', ( #4904 ), #6971 ) ;
#712 = CARTESIAN_POINT ( 'NONE',  ( 1.123962528627540758, 1.218538506282406564, 0.9100000000000000311 ) ) ;
#713 = ORIENTED_EDGE ( 'NONE', *, *, #3468, .F. ) ;
#714 = CARTESIAN_POINT ( 'NONE',  ( 1.083736217169216864, 1.188532173510895351, 0.9000000000000000222 ) ) ;
#715 = CARTESIAN_POINT ( 'NONE',  ( 1.104339575364488013, 1.210249628219685958, 0.9100000000000000311 ) ) ;
#716 = CARTESIAN_POINT ( 'NONE',  ( 0.7215786042045757576, 1.249032741641795008, 0.9000000000000000222 ) ) ;
#717 = DIRECTION ( 'NONE',  ( -0.000000000000000000, -0.000000000000000000, -1.000000000000000000 ) ) ;
#718 = EDGE_CURVE ( 'NONE', #3662, #4861, #1006, .T. ) ;
#719 = CARTESIAN_POINT ( 'NONE',  ( 0.7719847597815928664, 1.184165815321398973, 0.9000000000000000222 ) ) ;
#720 = CARTESIAN_POINT ( 'NONE',  ( 1.073664784684665197, 1.304130827782795654, 0.9000000000000000222 ) ) ;
#721 = ORIENTED_EDGE ( 'NONE', *, *, #5019, .T. ) ;
#722 = EDGE_CURVE ( 'NONE', #6786, #2088, #5189, .T. ) ;
#723 = B_SPLINE_CURVE_WITH_KNOTS ( 'NONE', 3,
 ( #5030, #7879, #4296, #6541 ),
 .UNSPECIFIED., .F., .F.,
 ( 4, 4 ),
 ( 4.000000000000000000, 5.000000000000000000 ),
 .UNSPECIFIED. ) ;
#724 = EDGE_LOOP ( 'NONE', ( #8824, #7652, #2873, #6733 ) ) ;
#725 = CARTESIAN_POINT ( 'NONE',  ( 1.147521956239419438, 1.164586525774281345, 0.9100000000000000311 ) ) ;
#726 = ORIENTED_EDGE ( 'NONE', *, *, #8276, .T. ) ;
#727 = VERTEX_POINT ( 'NONE', #6087 ) ;
#728 = VECTOR ( 'NONE', #510, 1000.000000000000000 ) ;
#729 = CARTESIAN_POINT ( 'NONE',  ( 1.109301018506022807, 1.324600494396363182, 0.9100000000000000311 ) ) ;
#730 = CARTESIAN_POINT ( 'NONE',  ( 1.227573504410765182, 1.291623237587878226, 0.9100000000000000311 ) ) ;
#731 = FACE_OUTER_BOUND ( 'NONE', #7410, .T. ) ;
#732 = ORIENTED_EDGE ( 'NONE', *, *, #2233, .T. ) ;
#733 = VECTOR ( 'NONE', #2815, 1000.000000000000000 ) ;
#734 = VECTOR ( 'NONE', #6814, 1000.000000000000227 ) ;
#735 = EDGE_CURVE ( 'NONE', #8332, #1938, #6039, .T. ) ;
#736 = EDGE_CURVE ( 'NONE', #9210, #1254, #4942, .T. ) ;
#737 = VERTEX_POINT ( 'NONE', #1721 ) ;
#738 = LINE ( 'NONE', #2908, #9251 ) ;
#739 = MECHANICAL_DESIGN_GEOMETRIC_PRESENTATION_REPRESENTATION (  '', ( #1646 ), #9219 ) ;
#740 = CARTESIAN_POINT ( 'NONE',  ( 0.2500000000000000000, -0.4500000000000002887, -0.02000000000000000042 ) ) ;
#741 = DIRECTION ( 'NONE',  ( -0.000000000000000000, -0.000000000000000000, -1.000000000000000000 ) ) ;
#742 = B_SPLINE_SURFACE_WITH_KNOTS ( 'NONE', 3, 1, ( 
 ( #4854, #7787 ),
 ( #9350, #6368 ),
 ( #3550, #6275 ),
 ( #7213, #582 ) ),
 .UNSPECIFIED., .F., .F., .F.,
 ( 4, 4 ),
 ( 2, 2 ),
 ( 0.000000000000000000, 1.000000000000000000 ),
 ( 0.000000000000000000, 1.000000000000000000 ),
 .UNSPECIFIED. ) ;
#743 = ORIENTED_EDGE ( 'NONE', *, *, #8506, .F. ) ;
#744 = CARTESIAN_POINT ( 'NONE',  ( 1.114930919555674915, 1.209090967845468656, 0.9100000000000000311 ) ) ;
#745 = EDGE_CURVE ( 'NONE', #7228, #4139, #4466, .T. ) ;
#746 = VECTOR ( 'NONE', #3306, 1000.000000000000000 ) ;
#747 = AXIS2_PLACEMENT_3D ( 'NONE', #577, #7210, #6364 ) ;
#748 = VECTOR ( 'NONE', #9112, 1000.000000000000000 ) ;
#749 = EDGE_LOOP ( 'NONE', ( #4244, #3251, #1363, #8385 ) ) ;
#750 = APPLICATION_CONTEXT ( 'automotive_design' ) ;
#751 = EDGE_CURVE ( 'NONE', #7662, #9130, #8794, .T. ) ;
#752 = DIRECTION ( 'NONE',  ( 0.000000000000000000, 0.000000000000000000, -1.000000000000000000 ) ) ;
#753 = DIRECTION ( 'NONE',  ( -0.000000000000000000, -0.000000000000000000, -1.000000000000000000 ) ) ;
#754 = VECTOR ( 'NONE', #7196, 1000.000000000000000 ) ;
#755 = CARTESIAN_POINT ( 'NONE',  ( 0.7947088584883865714, 1.315552339070905630, 0.9100000000000000311 ) ) ;
#756 = CARTESIAN_POINT ( 'NONE',  ( 0.9698908927811655811, 1.201931916461858485, 0.9000000000000000222 ) ) ;
#757 = ORIENTED_EDGE ( 'NONE', *, *, #668, .T. ) ;
#758 = DIRECTION ( 'NONE',  ( 1.000000000000000000, 0.000000000000000000, -0.000000000000000000 ) ) ;
#759 =( LENGTH_UNIT ( ) NAMED_UNIT ( * ) SI_UNIT ( .MILLI., .METRE. ) );
#760 = VECTOR ( 'NONE', #9117, 1000.000000000000000 ) ;
#761 = ORIENTED_EDGE ( 'NONE', *, *, #5272, .T. ) ;
#762 = DIRECTION ( 'NONE',  ( 0.000000000000000000, 1.000000000000000000, -0.000000000000000000 ) ) ;
#763 = FACE_OUTER_BOUND ( 'NONE', #3836, .T. ) ;
#764 = DIRECTION ( 'NONE',  ( -0.3493954794689467236, 0.9369753459545585583, 0.000000000000000000 ) ) ;
#765 = CARTESIAN_POINT ( 'NONE',  ( 0.7591766404464682649, 1.187471133898119424, 0.9000000000000000222 ) ) ;
#766 = CARTESIAN_POINT ( 'NONE',  ( 1.095605058696355938, 1.328046766278684343, 0.9100000000000000311 ) ) ;
#767 = DIRECTION ( 'NONE',  ( -0.000000000000000000, -0.000000000000000000, -1.000000000000000000 ) ) ;
#768 = ORIENTED_EDGE ( 'NONE', *, *, #5770, .F. ) ;
#769 = AXIS2_PLACEMENT_3D ( 'NONE', #7851, #3480, #1447 ) ;
#770 = COLOUR_RGB ( '',0.2980392156862745057, 0.2980392156862745057, 0.2980392156862745057 ) ;
#771 =( LENGTH_UNIT ( ) NAMED_UNIT ( * ) SI_UNIT ( .MILLI., .METRE. ) );
#772 = ORIENTED_EDGE ( 'NONE', *, *, #9072, .T. ) ;
#773 = CARTESIAN_POINT ( 'NONE',  ( 0.7889245470388724923, 1.291175612597763145, 0.9000000000000000222 ) ) ;
#774 = CARTESIAN_POINT ( 'NONE',  ( 1.239590892139771805, 1.326412758058725494, 0.9100000000000000311 ) ) ;
#775 = DIRECTION ( 'NONE',  ( -0.000000000000000000, 1.000000000000000000, -0.000000000000000000 ) ) ;
#776 = DIRECTION ( 'NONE',  ( -0.9434452330824483202, 0.3315284183505309845, 0.000000000000000000 ) ) ;
#777 = VECTOR ( 'NONE', #9140, 1000.000000000000000 ) ;
#778 = EDGE_CURVE ( 'NONE', #2435, #737, #4022, .T. ) ;
#779 = CARTESIAN_POINT ( 'NONE',  ( -0.7500000000000000000, -1.450000000000000400, -0.02000000000000000042 ) ) ;
#780 = EDGE_LOOP ( 'NONE', ( #1442, #529, #1587, #1520, #2767, #4647, #4688, #3305 ) ) ;
#781 = DIRECTION ( 'NONE',  ( 0.000000000000000000, 0.000000000000000000, 1.000000000000000000 ) ) ;
#782 = VERTEX_POINT ( 'NONE', #3750 ) ;
#783 = ORIENTED_EDGE ( 'NONE', *, *, #1494, .T. ) ;
#784 =( GEOMETRIC_REPRESENTATION_CONTEXT ( 3 ) GLOBAL_UNCERTAINTY_ASSIGNED_CONTEXT ( ( #6380 ) ) GLOBAL_UNIT_ASSIGNED_CONTEXT ( ( #6018, #9056, #5318 ) ) REPRESENTATION_CONTEXT ( 'NONE', 'WORKASPACE' ) );
#785 = VERTEX_POINT ( 'NONE', #1764 ) ;
#786 = ORIENTED_EDGE ( 'NONE', *, *, #6519, .F. ) ;
#787 = DIRECTION ( 'NONE',  ( -1.000000000000000000, 0.000000000000000000, 0.000000000000000000 ) ) ;
#788 = CARTESIAN_POINT ( 'NONE',  ( 0.000000000000000000, 0.000000000000000000, 0.9000000000000000222 ) ) ;
#789 = EDGE_CURVE ( 'NONE', #437, #9307, #82, .T. ) ;
#790 = CARTESIAN_POINT ( 'NONE',  ( 0.7500000000000000000, -1.450000000000000400, 0.000000000000000000 ) ) ;
#791 = EDGE_CURVE ( 'NONE', #5228, #3498, #6655, .T. ) ;
#792 = CARTESIAN_POINT ( 'NONE',  ( 0.8108222924599810533, 1.180860465222669520, 0.9100000000000000311 ) ) ;
#793 = COLOUR_RGB ( '',0.2980392156862745057, 0.2980392156862745057, 0.2980392156862745057 ) ;
#794 = ORIENTED_EDGE ( 'NONE', *, *, #3854, .T. ) ;
#795 = CARTESIAN_POINT ( 'NONE',  ( 1.235936655574717769, 1.241652295288878660, 0.9100000000000000311 ) ) ;
#796 = DIRECTION ( 'NONE',  ( 0.000000000000000000, -1.000000000000000000, 0.000000000000000000 ) ) ;
#797 = ORIENTED_EDGE ( 'NONE', *, *, #531, .T. ) ;
#798 = DIRECTION ( 'NONE',  ( 1.000000000000000000, 2.982286546578954900E-12, -0.000000000000000000 ) ) ;
#799 = CARTESIAN_POINT ( 'NONE',  ( 0.9298138636666800627, 1.208542553615299164, 0.9100000000000000311 ) ) ;
#800 = ORIENTED_EDGE ( 'NONE', *, *, #6261, .T. ) ;
#801 = CARTESIAN_POINT ( 'NONE',  ( 0.7918166988234777159, 1.315965501922772507, 0.9100000000000000311 ) ) ;
#802 = CARTESIAN_POINT ( 'NONE',  ( 0.8108223003404817497, 1.284978134355933888, 0.9100000000000000311 ) ) ;
#803 = CARTESIAN_POINT ( 'NONE',  ( -0.7500000000000000000, -0.4500000000000002887, 0.000000000000000000 ) ) ;
#804 = ORIENTED_EDGE ( 'NONE', *, *, #8365, .F. ) ;
#805 = CARTESIAN_POINT ( 'NONE',  ( 0.9112214289417924773, 1.208542553615299164, 0.9100000000000000311 ) ) ;
#806 = CARTESIAN_POINT ( 'NONE',  ( 0.9851780089295304466, 1.241182611992108331, 0.9100000000000000311 ) ) ;
#807 = DIRECTION ( 'NONE',  ( 1.000000000000000000, 0.000000000000000000, 0.000000000000000000 ) ) ;
#808 = DIRECTION ( 'NONE',  ( -0.000000000000000000, 0.000000000000000000, 1.000000000000000000 ) ) ;
#809 = CARTESIAN_POINT ( 'NONE',  ( 1.201711610670615382, 1.283869125851567761, 0.9100000000000000311 ) ) ;
#810 = ORIENTED_EDGE ( 'NONE', *, *, #8754, .F. ) ;
#811 = ADVANCED_FACE ( 'NONE', ( #8836 ), #5900, .F. ) ;
#812 = DIRECTION ( 'NONE',  ( 1.000000000000000000, 0.000000000000000000, -0.000000000000000000 ) ) ;
#813 = LINE ( 'NONE', #1334, #5120 ) ;
#814 = CARTESIAN_POINT ( 'NONE',  ( 0.7579371558309245804, 1.218458532986570697, 0.9000000000000000222 ) ) ;
#815 = B_SPLINE_SURFACE_WITH_KNOTS ( 'NONE', 3, 1, ( 
 ( #6918, #1987 ),
 ( #7024, #7776 ),
 ( #2497, #6156 ),
 ( #519, #427 ) ),
 .UNSPECIFIED., .F., .F., .F.,
 ( 4, 4 ),
 ( 2, 2 ),
 ( 7.000000000000000000, 8.000000000000000000 ),
 ( 0.000000000000000000, 1.000000000000000000 ),
 .UNSPECIFIED. ) ;
#816 = VERTEX_POINT ( 'NONE', #5425 ) ;
#817 = CARTESIAN_POINT ( 'NONE',  ( 1.126175867035005496, 1.188502464270565273, 0.9100000000000000311 ) ) ;
#818 = CARTESIAN_POINT ( 'NONE',  ( 1.150864245780769624, 1.327155489067869620, 0.9100000000000000311 ) ) ;
#819 = FACE_OUTER_BOUND ( 'NONE', #9171, .T. ) ;
#820 = ORIENTED_EDGE ( 'NONE', *, *, #3301, .T. ) ;
#821 = CARTESIAN_POINT ( 'NONE',  ( 0.000000000000000000, 0.000000000000000000, 0.9100000000000000311 ) ) ;
#822 = EDGE_CURVE ( 'NONE', #3975, #8768, #4037, .T. ) ;
#823 = VERTEX_POINT ( 'NONE', #1105 ) ;
#824 = EDGE_LOOP ( 'NONE', ( #6089, #9252, #4308, #1722 ) ) ;
#825 = ORIENTED_EDGE ( 'NONE', *, *, #4657, .F. ) ;
#826 = CARTESIAN_POINT ( 'NONE',  ( 0.9298138636666800627, 1.208542553615299164, 0.9000000000000000222 ) ) ;
#827 = SURFACE_STYLE_FILL_AREA ( #8087 ) ;
#828 = FACE_OUTER_BOUND ( 'NONE', #5185, .T. ) ;
#829 = CARTESIAN_POINT ( 'NONE',  ( 0.8422228583409444580, 1.225069178020515848, 0.9100000000000000311 ) ) ;
#830 = CARTESIAN_POINT ( 'NONE',  ( 0.9260953861781459073, 1.272996321023685207, 0.9100000000000000311 ) ) ;
#831 = ADVANCED_FACE ( 'NONE', ( #7553 ), #9125, .F. ) ;
#832 = ORIENTED_EDGE ( 'NONE', *, *, #2511, .T. ) ;
#833 = DIRECTION ( 'NONE',  ( -1.000000000000000000, -0.000000000000000000, -0.000000000000000000 ) ) ;
#834 = EDGE_CURVE ( 'NONE', #6056, #3449, #857, .T. ) ;
#835 = DIRECTION ( 'NONE',  ( -0.000000000000000000, -0.000000000000000000, -1.000000000000000000 ) ) ;
#836 = CARTESIAN_POINT ( 'NONE',  ( 1.152216016217553651, 1.163992340966802930, 0.9100000000000000311 ) ) ;
#837 = CARTESIAN_POINT ( 'NONE',  ( 1.238640196447892361, 1.322342592128198602, 0.9000000000000000222 ) ) ;
#838 = EDGE_LOOP ( 'NONE', ( #3564, #804, #8108, #6140, #1247, #3390, #8926, #5918, #3701, #7253, #5940, #408 ) ) ;
#839 = LINE ( 'NONE', #7426, #7897 ) ;
#840 = LINE ( 'NONE', #8894, #6046 ) ;
#841 = FACE_OUTER_BOUND ( 'NONE', #8035, .T. ) ;
#842 = CARTESIAN_POINT ( 'NONE',  ( 1.213699289159290595, 1.275728793990915433, 0.9100000000000000311 ) ) ;
#843 = EDGE_CURVE ( 'NONE', #6948, #1997, #6851, .T. ) ;
#844 = EDGE_CURVE ( 'NONE', #4865, #5515, #4702, .T. ) ;
#845 = CARTESIAN_POINT ( 'NONE',  ( 0.9103950953573609617, 1.208542553615299164, 0.9100000000000000311 ) ) ;
#846 = ORIENTED_EDGE ( 'NONE', *, *, #8309, .F. ) ;
#847 = FACE_OUTER_BOUND ( 'NONE', #5468, .T. ) ;
#848 =( NAMED_UNIT ( * ) SI_UNIT ( $, .STERADIAN. ) SOLID_ANGLE_UNIT ( ) );
#849 = CARTESIAN_POINT ( 'NONE',  ( 1.074184696390907634, 1.326264211856659214, 0.9100000000000000311 ) ) ;
#850 = LINE ( 'NONE', #5921, #5698 ) ;
#851 = CARTESIAN_POINT ( 'NONE',  ( 1.101086413544136722, 1.334820473082782177, 0.9100000000000000311 ) ) ;
#852 = FILL_AREA_STYLE ('',( #7481 ) ) ;
#853 = VERTEX_POINT ( 'NONE', #8507 ) ;
#854 =( LENGTH_UNIT ( ) NAMED_UNIT ( * ) SI_UNIT ( .MILLI., .METRE. ) );
#855 = CARTESIAN_POINT ( 'NONE',  ( 1.269151586305875323, 1.196226866766145536, 0.9100000000000000311 ) ) ;
#856 = VERTEX_POINT ( 'NONE', #3266 ) ;
#857 = B_SPLINE_CURVE_WITH_KNOTS ( 'NONE', 3,
 ( #7602, #3327, #7751, #4095 ),
 .UNSPECIFIED., .F., .F.,
 ( 4, 4 ),
 ( 11.00000000000000000, 12.00000000000000000 ),
 .UNSPECIFIED. ) ;
#858 = FACE_OUTER_BOUND ( 'NONE', #5660, .T. ) ;
#859 = ORIENTED_EDGE ( 'NONE', *, *, #5622, .F. ) ;
#860 = FILL_AREA_STYLE_COLOUR ( '', #770 ) ;
#861 = DIRECTION ( 'NONE',  ( -0.000000000000000000, -0.000000000000000000, 1.000000000000000000 ) ) ;
#862 = CARTESIAN_POINT ( 'NONE',  ( 1.097060811474313002, 1.183541021129224102, 0.9100000000000000311 ) ) ;
#863 = EDGE_CURVE ( 'NONE', #6652, #1210, #2769, .T. ) ;
#864 = CARTESIAN_POINT ( 'NONE',  ( 0.8525519808632221475, 1.201518757550242400, 0.9100000000000000311 ) ) ;
#865 = CARTESIAN_POINT ( 'NONE',  ( 1.094297852120070136, 1.281432968141398954, 0.9000000000000000222 ) ) ;
#866 = VERTEX_POINT ( 'NONE', #537 ) ;
#867 = ORIENTED_EDGE ( 'NONE', *, *, #6496, .F. ) ;
#868 = EDGE_CURVE ( 'NONE', #7212, #2992, #446, .T. ) ;
#869 = B_SPLINE_SURFACE_WITH_KNOTS ( 'NONE', 3, 1, ( 
 ( #8649, #9269 ),
 ( #2759, #7839 ),
 ( #7937, #8599 ),
 ( #9211, #4224 ) ),
 .UNSPECIFIED., .F., .F., .F.,
 ( 4, 4 ),
 ( 2, 2 ),
 ( 5.000000000000000000, 6.000000000000000000 ),
 ( 0.000000000000000000, 1.000000000000000000 ),
 .UNSPECIFIED. ) ;
#870 = CARTESIAN_POINT ( 'NONE',  ( 0.8864315317360796920, 1.349431886003709113, 0.9000000000000000222 ) ) ;
#871 = CARTESIAN_POINT ( 'NONE',  ( 1.135044075284837639, 1.205347603559014713, 0.9000000000000000222 ) ) ;
#872 = CARTESIAN_POINT ( 'NONE',  ( 1.125863920011100916, 1.225995525614980153, 0.9100000000000000311 ) ) ;
#873 = CARTESIAN_POINT ( 'NONE',  ( 1.097060811474313002, 1.200386160417672654, 0.9100000000000000311 ) ) ;
#874 = VECTOR ( 'NONE', #2776, 1000.000000000000000 ) ;
#875 = AXIS2_PLACEMENT_3D ( 'NONE', #413, #8674, #9332 ) ;
#876 = DIRECTION ( 'NONE',  ( -1.000000000000000000, 0.000000000000000000, -0.000000000000000000 ) ) ;
#877 = ORIENTED_EDGE ( 'NONE', *, *, #5911, .F. ) ;
#878 = CARTESIAN_POINT ( 'NONE',  ( 1.116312399232795238, 1.207278704183104567, 0.9100000000000000311 ) ) ;
#879 = AXIS2_PLACEMENT_3D ( 'NONE', #3989, #6090, #9082 ) ;
#880 = B_SPLINE_CURVE_WITH_KNOTS ( 'NONE', 3,
 ( #3394, #8471, #4959, #8033 ),
 .UNSPECIFIED., .F., .F.,
 ( 4, 4 ),
 ( 6.000000000000000000, 7.000000000000000000 ),
 .UNSPECIFIED. ) ;
#881 = VECTOR ( 'NONE', #6103, 1000.000000000000000 ) ;
#882 = DIRECTION ( 'NONE',  ( -1.000000000000000000, 0.000000000000000000, -0.000000000000000000 ) ) ;
#883 = EDGE_CURVE ( 'NONE', #113, #5280, #2883, .T. ) ;
#884 = ORIENTED_EDGE ( 'NONE', *, *, #119, .T. ) ;
#885 = CARTESIAN_POINT ( 'NONE',  ( 1.207549476403001698, 1.321005676311579835, 0.9100000000000000311 ) ) ;
#886 = CARTESIAN_POINT ( 'NONE',  ( 0.8525519808632223695, 1.201518757550242622, 0.9000000000000000222 ) ) ;
#887 = ORIENTED_EDGE ( 'NONE', *, *, #93, .F. ) ;
#888 = DIRECTION ( 'NONE',  ( -0.000000000000000000, -0.000000000000000000, -1.000000000000000000 ) ) ;
#889 = CARTESIAN_POINT ( 'NONE',  ( 1.269151586305875323, 1.196226866766145536, 0.9100000000000000311 ) ) ;
#890 = PRESENTATION_LAYER_ASSIGNMENT (  '', '', ( #3607 ) ) ;
#891 = VECTOR ( 'NONE', #7646, 1000.000000000000000 ) ;
#892 = CARTESIAN_POINT ( 'NONE',  ( 1.084152146534487438, 1.182560616197007253, 0.9000000000000000222 ) ) ;
#893 = COLOUR_RGB ( '',0.8274509803921568096, 0.6666666666666666297, 0.1294117647058823373 ) ;
#894 = CARTESIAN_POINT ( 'NONE',  ( 1.239590892139771805, 1.326412758058725494, 0.9100000000000000311 ) ) ;
#895 = DIRECTION ( 'NONE',  ( -0.000000000000000000, -0.000000000000000000, -1.000000000000000000 ) ) ;
#896 = VECTOR ( 'NONE', #5037, 1000.000000000000000 ) ;
#897 = FACE_OUTER_BOUND ( 'NONE', #8154, .T. ) ;
#898 = CARTESIAN_POINT ( 'NONE',  ( 1.109301018506022807, 1.278135242460746834, 0.9100000000000000311 ) ) ;
#899 = CARTESIAN_POINT ( 'NONE',  ( 1.280322260684175095, 1.197118143977355720, 0.9100000000000000311 ) ) ;
#900 = CARTESIAN_POINT ( 'NONE',  ( 1.251875663031789543, 1.190166181731256767, 0.9100000000000000311 ) ) ;
#901 = ADVANCED_FACE ( 'NONE', ( #1957 ), #8217, .F. ) ;
#902 = CARTESIAN_POINT ( 'NONE',  ( -0.7500000000000000000, 1.450000000000000400, -0.02000000000000000042 ) ) ;
#903 = CARTESIAN_POINT ( 'NONE',  ( 0.7889245470388724923, 1.291175612597763145, 0.9000000000000000222 ) ) ;
#904 = EDGE_CURVE ( 'NONE', #4274, #1723, #1813, .T. ) ;
#905 = VERTEX_POINT ( 'NONE', #1863 ) ;
#906 = LINE ( 'NONE', #3204, #9057 ) ;
#907 = VECTOR ( 'NONE', #6373, 1000.000000000000000 ) ;
#908 = CARTESIAN_POINT ( 'NONE',  ( 1.147521956239419438, 1.164586525774281345, 0.9100000000000000311 ) ) ;
#909 = CARTESIAN_POINT ( 'NONE',  ( 0.9219637340171907836, 1.327947293583841670, 0.9100000000000000311 ) ) ;
#910 =( NAMED_UNIT ( * ) PLANE_ANGLE_UNIT ( ) SI_UNIT ( $, .RADIAN. ) );
#911 = DIRECTION ( 'NONE',  ( 1.000000000000000000, -0.000000000000000000, -0.000000000000000000 ) ) ;
#912 = CARTESIAN_POINT ( 'NONE',  ( 1.196378802024704591, 1.288414639627836422, 0.9000000000000000222 ) ) ;
#913 = EDGE_CURVE ( 'NONE', #2888, #8254, #6125, .T. ) ;
#914 = SURFACE_STYLE_USAGE ( .BOTH. , #1572 ) ;
#915 = CARTESIAN_POINT ( 'NONE',  ( 1.338760336487901048, 1.183541021129224102, 0.9100000000000000311 ) ) ;
#916 = ORIENTED_EDGE ( 'NONE', *, *, #965, .F. ) ;
#917 = AXIS2_PLACEMENT_3D ( 'NONE', #4414, #1630, #876 ) ;
#918 = ORIENTED_EDGE ( 'NONE', *, *, #347, .T. ) ;
#919 = EDGE_LOOP ( 'NONE', ( #6033, #4338, #8900, #1307 ) ) ;
#920 = DIRECTION ( 'NONE',  ( 0.3315284183576200916, 0.9434452330799572017, -0.000000000000000000 ) ) ;
#921 = AXIS2_PLACEMENT_3D ( 'NONE', #6307, #6401, #6452 ) ;
#922 = DIRECTION ( 'NONE',  ( -0.000000000000000000, 1.000000000000000000, -0.000000000000000000 ) ) ;
#923 = CARTESIAN_POINT ( 'NONE',  ( 0.7215786042045757576, 1.232506132997185366, 0.9000000000000000222 ) ) ;
#924 = LINE ( 'NONE', #968, #2245 ) ;
#925 = CARTESIAN_POINT ( 'NONE',  ( 1.201711610670615382, 1.326145374895321360, 0.9100000000000000311 ) ) ;
#926 = PRESENTATION_STYLE_ASSIGNMENT (( #4416 ) ) ;
#927 = EDGE_CURVE ( 'NONE', #7680, #7640, #2616, .T. ) ;
#928 = EDGE_CURVE ( 'NONE', #3988, #6947, #1250, .T. ) ;
#929 = B_SPLINE_CURVE_WITH_KNOTS ( 'NONE', 3,
 ( #7635, #5601, #2749, #9258 ),
 .UNSPECIFIED., .F., .F.,
 ( 4, 4 ),
 ( 20.00000000000000000, 21.00000000000000000 ),
 .UNSPECIFIED. ) ;
#930 = EDGE_LOOP ( 'NONE', ( #177, #8387, #1258, #2112 ) ) ;
#931 = CARTESIAN_POINT ( 'NONE',  ( 1.128433769302953138, 1.282353954592944989, 0.9100000000000000311 ) ) ;
#932 = PLANE ( 'NONE',  #6688 ) ;
#933 = DIRECTION ( 'NONE',  ( 0.000000000000000000, -1.000000000000000000, 0.000000000000000000 ) ) ;
#934 = ORIENTED_EDGE ( 'NONE', *, *, #1648, .T. ) ;
#935 = FACE_OUTER_BOUND ( 'NONE', #4613, .T. ) ;
#936 = LINE ( 'NONE', #5104, #6797 ) ;
#937 =( NAMED_UNIT ( * ) PLANE_ANGLE_UNIT ( ) SI_UNIT ( $, .RADIAN. ) );
#938 = AXIS2_PLACEMENT_3D ( 'NONE', #4822, #1774, #7006 ) ;
#939 = CARTESIAN_POINT ( 'NONE',  ( 1.238640196447892361, 1.322342592128198602, 0.9000000000000000222 ) ) ;
#940 = ORIENTED_EDGE ( 'NONE', *, *, #8365, .T. ) ;
#941 = VECTOR ( 'NONE', #522, 1000.000000000000000 ) ;
#942 = CARTESIAN_POINT ( 'NONE',  ( 1.104339575364488013, 1.183541021129224102, 0.9100000000000000311 ) ) ;
#943 = DIRECTION ( 'NONE',  ( 0.000000000000000000, -1.000000000000000000, 0.000000000000000000 ) ) ;
#944 = CARTESIAN_POINT ( 'NONE',  ( 1.109301018506022807, 1.278135242460746834, 0.9000000000000000222 ) ) ;
#945 = CARTESIAN_POINT ( 'NONE',  ( 1.201206553584558190, 1.216369731735640114, 0.9000000000000000222 ) ) ;
#946 = CARTESIAN_POINT ( 'NONE',  ( 0.8091696331716186075, 1.328360458406030453, 0.9100000000000000311 ) ) ;
#947 = CARTESIAN_POINT ( 'NONE',  ( 1.104339575364488013, 1.210249628219685958, 0.9000000000000000222 ) ) ;
#948 = ORIENTED_EDGE ( 'NONE', *, *, #2166, .F. ) ;
#949 = LINE ( 'NONE', #3820, #1481 ) ;
#950 = B_SPLINE_SURFACE_WITH_KNOTS ( 'NONE', 3, 1, ( 
 ( #9003, #2595 ),
 ( #329, #1176 ),
 ( #3202, #6107 ),
 ( #2491, #7579 ) ),
 .UNSPECIFIED., .F., .F., .F.,
 ( 4, 4 ),
 ( 2, 2 ),
 ( 3.000000000000000000, 4.000000000000000000 ),
 ( 0.000000000000000000, 1.000000000000000000 ),
 .UNSPECIFIED. ) ;
#951 = UNCERTAINTY_MEASURE_WITH_UNIT (LENGTH_MEASURE( 1.000000000000000082E-05 ), #5706, 'distance_accuracy_value', 'NONE');
#952 = EDGE_CURVE ( 'NONE', #7824, #6123, #7040, .T. ) ;
#953 = ORIENTED_EDGE ( 'NONE', *, *, #5504, .F. ) ;
#954 = CARTESIAN_POINT ( 'NONE',  ( 1.150314624833993493, 1.170231281444096716, 0.9000000000000000222 ) ) ;
#955 = EDGE_LOOP ( 'NONE', ( #7735, #3409, #7412, #7894 ) ) ;
#956 = DIRECTION ( 'NONE',  ( 0.000000000000000000, 0.000000000000000000, -1.000000000000000000 ) ) ;
#957 = EDGE_CURVE ( 'NONE', #6769, #3584, #6841, .T. ) ;
#958 = LINE ( 'NONE', #6023, #5489 ) ;
#959 = CARTESIAN_POINT ( 'NONE',  ( 1.150314624833993493, 1.170231281444096716, 0.9100000000000000311 ) ) ;
#960 = CARTESIAN_POINT ( 'NONE',  ( 1.251920226892687893, 1.183541021129224102, 0.9100000000000000311 ) ) ;
#961 = CARTESIAN_POINT ( 'NONE',  ( 1.084152146534487438, 1.182560616197007253, 0.9100000000000000311 ) ) ;
#962 = CARTESIAN_POINT ( 'NONE',  ( 1.123338634579733597, 1.210635848344820964, 0.9100000000000000311 ) ) ;
#963 = EDGE_CURVE ( 'NONE', #2587, #5603, #7132, .T. ) ;
#964 = VERTEX_POINT ( 'NONE', #2935 ) ;
#965 = EDGE_CURVE ( 'NONE', #4125, #1554, #3605, .T. ) ;
#966 = PLANE ( 'NONE',  #2207 ) ;
#967 =( NAMED_UNIT ( * ) SI_UNIT ( $, .STERADIAN. ) SOLID_ANGLE_UNIT ( ) );
#968 = CARTESIAN_POINT ( 'NONE',  ( 0.8108222924599810533, 1.213087364687867931, 0.9100000000000000311 ) ) ;
#969 = CARTESIAN_POINT ( 'NONE',  ( 1.134761837501267800, 1.195721809680069914, 0.9100000000000000311 ) ) ;
#970 = ORIENTED_EDGE ( 'NONE', *, *, #1548, .F. ) ;
#971 = VERTEX_POINT ( 'NONE', #8601 ) ;
#972 = ORIENTED_EDGE ( 'NONE', *, *, #5348, .F. ) ;
#973 = CARTESIAN_POINT ( 'NONE',  ( -0.2500000000000000000, -1.450000000000000400, -0.02000000000000000042 ) ) ;
#974 = CARTESIAN_POINT ( 'NONE',  ( 1.134761837501267800, 1.190374146413594847, 0.9000000000000000222 ) ) ;
#975 = CARTESIAN_POINT ( 'NONE',  ( 0.8194987635744022114, 1.213087364687867931, 0.9000000000000000222 ) ) ;
#976 = CARTESIAN_POINT ( 'NONE',  ( 1.125269735203826116, 1.201782494714958016, 0.9000000000000000222 ) ) ;
#977 = ADVANCED_FACE ( 'NONE', ( #6517 ), #267, .T. ) ;
#978 = DIRECTION ( 'NONE',  ( 0.000000000000000000, 0.000000000000000000, 1.000000000000000000 ) ) ;
#979 = CARTESIAN_POINT ( 'NONE',  ( 1.095530785595322243, 1.334820473082782177, 0.9100000000000000311 ) ) ;
#980 = VERTEX_POINT ( 'NONE', #9270 ) ;
#981 = LINE ( 'NONE', #8144, #1922 ) ;
#982 = EDGE_LOOP ( 'NONE', ( #9203, #4500, #3765, #4705 ) ) ;
#983 = ADVANCED_FACE ( 'NONE', ( #8700 ), #3284, .F. ) ;
#984 = CARTESIAN_POINT ( 'NONE',  ( 1.196378802024704591, 1.288414639627836422, 0.9000000000000000222 ) ) ;
#985 = CARTESIAN_POINT ( 'NONE',  ( 1.179147442611117924, 1.275728793990915433, 0.9000000000000000222 ) ) ;
#986 = CARTESIAN_POINT ( 'NONE',  ( 1.179741627418590788, 1.333840068150567770, 0.9100000000000000311 ) ) ;
#987 = DIRECTION ( 'NONE',  ( -1.000000000000000000, -0.000000000000000000, -0.000000000000000000 ) ) ;
#988 = ORIENTED_EDGE ( 'NONE', *, *, #7729, .F. ) ;
#989 = ORIENTED_EDGE ( 'NONE', *, *, #6785, .F. ) ;
#990 = CARTESIAN_POINT ( 'NONE',  ( 1.061053212148381109, 1.216369731735640114, 0.9100000000000000311 ) ) ;
#991 = APPLICATION_PROTOCOL_DEFINITION ( 'draft international standard', 'automotive_design', 1998, #750 ) ;
#992 = CARTESIAN_POINT ( 'NONE',  ( 1.252217319296026199, 1.234967716206178068, 0.9100000000000000311 ) ) ;
#993 = DIRECTION ( 'NONE',  ( -1.000000000000000000, -0.000000000000000000, -0.000000000000000000 ) ) ;
#994 = ADVANCED_FACE ( 'NONE', ( #2001 ), #2046, .F. ) ;
#995 = DIRECTION ( 'NONE',  ( -0.000000000000000000, -0.000000000000000000, -1.000000000000000000 ) ) ;
#996 = FACE_OUTER_BOUND ( 'NONE', #475, .T. ) ;
#997 = CARTESIAN_POINT ( 'NONE',  ( 1.192249217613508439, 1.284374182938038844, 0.9100000000000000311 ) ) ;
#998 = CARTESIAN_POINT ( 'NONE',  ( 1.135044075284837639, 1.205347603559014713, 0.9100000000000000311 ) ) ;
#999 = DIRECTION ( 'NONE',  ( 1.000000000000000000, -0.000000000000000000, -0.000000000000000000 ) ) ;
#1000 = ORIENTED_EDGE ( 'NONE', *, *, #6661, .T. ) ;
#1001 = VECTOR ( 'NONE', #9309, 1000.000000000000000 ) ;
#1002 = ORIENTED_EDGE ( 'NONE', *, *, #5588, .T. ) ;
#1003 = VERTEX_POINT ( 'NONE', #8554 ) ;
#1004 = SURFACE_SIDE_STYLE ('',( #6124 ) ) ;
#1005 = ORIENTED_EDGE ( 'NONE', *, *, #2782, .F. ) ;
#1006 = LINE ( 'NONE', #4458, #8801 ) ;
#1007 = CARTESIAN_POINT ( 'NONE',  ( 1.097060811474313002, 1.196969597775290994, 0.9000000000000000222 ) ) ;
#1008 = EDGE_LOOP ( 'NONE', ( #77, #9227, #6398, #4165, #4521, #3382, #1133 ) ) ;
#1009 = ORIENTED_EDGE ( 'NONE', *, *, #1825, .F. ) ;
#1010 = EDGE_CURVE ( 'NONE', #1155, #9036, #2803, .T. ) ;
#1011 = CARTESIAN_POINT ( 'NONE',  ( 1.109301018506022807, 1.285324878629917844, 0.9100000000000000311 ) ) ;
#1012 = EDGE_CURVE ( 'NONE', #2332, #8285, #2761, .T. ) ;
#1013 = ORIENTED_EDGE ( 'NONE', *, *, #2996, .F. ) ;
#1014 = ORIENTED_EDGE ( 'NONE', *, *, #6594, .T. ) ;
#1015 = DIRECTION ( 'NONE',  ( 0.000000000000000000, -1.000000000000000000, 0.000000000000000000 ) ) ;
#1016 = VECTOR ( 'NONE', #1039, 1000.000000000000000 ) ;
#1017 = VECTOR ( 'NONE', #3998, 1000.000000000000000 ) ;
#1018 = CARTESIAN_POINT ( 'NONE',  ( 1.179444535014458895, 1.327155489067869620, 0.9100000000000000311 ) ) ;
#1019 = DIRECTION ( 'NONE',  ( 1.000000000000000000, -0.000000000000000000, -0.000000000000000000 ) ) ;
#1020 = LINE ( 'NONE', #361, #8943 ) ;
#1021 = B_SPLINE_SURFACE_WITH_KNOTS ( 'NONE', 3, 1, ( 
 ( #1216, #8992 ),
 ( #1165, #6052 ),
 ( #9144, #6957 ),
 ( #5389, #3905 ) ),
 .UNSPECIFIED., .F., .F., .F.,
 ( 4, 4 ),
 ( 2, 2 ),
 ( 0.000000000000000000, 1.000000000000000000 ),
 ( 0.000000000000000000, 1.000000000000000000 ),
 .UNSPECIFIED. ) ;
#1022 = ADVANCED_FACE ( 'NONE', ( #1338 ), #5942, .F. ) ;
#1023 = CARTESIAN_POINT ( 'NONE',  ( 0.9599749370513984692, 1.191189627147457797, 0.9100000000000000311 ) ) ;
#1024 = VECTOR ( 'NONE', #3245, 1000.000000000000000 ) ;
#1025 = VERTEX_POINT ( 'NONE', #7176 ) ;
#1026 = AXIS2_PLACEMENT_3D ( 'NONE', #8786, #2280, #9115 ) ;
#1027 = EDGE_CURVE ( 'NONE', #5582, #7003, #402, .T. ) ;
#1028 = ORIENTED_EDGE ( 'NONE', *, *, #1691, .T. ) ;
#1029 =( LENGTH_UNIT ( ) NAMED_UNIT ( * ) SI_UNIT ( .MILLI., .METRE. ) );
#1030 = ORIENTED_EDGE ( 'NONE', *, *, #2203, .F. ) ;
#1031 = CARTESIAN_POINT ( 'NONE',  ( 1.121749190220074244, 1.214498049592610540, 0.9000000000000000222 ) ) ;
#1032 = VECTOR ( 'NONE', #5543, 1000.000000000000000 ) ;
#1033 = DIRECTION ( 'NONE',  ( -1.000000000000000000, -0.000000000000000000, -0.000000000000000000 ) ) ;
#1034 = LINE ( 'NONE', #945, #4016 ) ;
#1035 = VECTOR ( 'NONE', #4314, 1000.000000000000000 ) ;
#1036 = CARTESIAN_POINT ( 'NONE',  ( 1.081597151862784711, 1.201752785474624829, 0.9000000000000000222 ) ) ;
#1037 = CARTESIAN_POINT ( 'NONE',  ( 0.7500000000000000000, -1.450000000000000400, -0.02000000000000000042 ) ) ;
#1038 = VERTEX_POINT ( 'NONE', #586 ) ;
#1039 = DIRECTION ( 'NONE',  ( -0.000000000000000000, -0.000000000000000000, -1.000000000000000000 ) ) ;
#1040 = FACE_BOUND ( 'NONE', #8606, .T. ) ;
#1041 = EDGE_CURVE ( 'NONE', #1291, #8169, #69, .T. ) ;
#1042 = MECHANICAL_DESIGN_GEOMETRIC_PRESENTATION_REPRESENTATION (  '', ( #4504 ), #438 ) ;
#1043 = COLOUR_RGB ( '',0.8274509803921568096, 0.6666666666666666297, 0.1294117647058823373 ) ;
#1044 = CARTESIAN_POINT ( 'NONE',  ( 1.151651540650414196, 1.170231281444096716, 0.9100000000000000311 ) ) ;
#1045 = FACE_OUTER_BOUND ( 'NONE', #1899, .T. ) ;
#1046 = CARTESIAN_POINT ( 'NONE',  ( 1.179444535014458895, 1.327155489067869620, 0.9100000000000000311 ) ) ;
#1047 = CARTESIAN_POINT ( 'NONE',  ( -1.250000000000000000, 1.450000000000000400, -0.02000000000000000042 ) ) ;
#1048 = LINE ( 'NONE', #3929, #1653 ) ;
#1049 = VECTOR ( 'NONE', #9188, 1000.000000000000000 ) ;
#1050 = CARTESIAN_POINT ( 'NONE',  ( 1.040271598510911888, 1.190166181731253214, 0.9100000000000000311 ) ) ;
#1051 = ORIENTED_EDGE ( 'NONE', *, *, #5019, .F. ) ;
#1052 = ORIENTED_EDGE ( 'NONE', *, *, #4533, .F. ) ;
#1053 = EDGE_LOOP ( 'NONE', ( #6599, #3178, #1030, #8364 ) ) ;
#1054 = ORIENTED_EDGE ( 'NONE', *, *, #2797, .F. ) ;
#1055 = CARTESIAN_POINT ( 'NONE',  ( 1.093941341235667108, 1.191919026912945156, 0.9000000000000000222 ) ) ;
#1056 = CARTESIAN_POINT ( 'NONE',  ( 0.7591766404464682649, 1.187471133898119424, 0.9100000000000000311 ) ) ;
#1057 = CARTESIAN_POINT ( 'NONE',  ( 1.104339575364488013, 1.210249628219685958, 0.9100000000000000311 ) ) ;
#1058 =( GEOMETRIC_REPRESENTATION_CONTEXT ( 3 ) GLOBAL_UNCERTAINTY_ASSIGNED_CONTEXT ( ( #2273 ) ) GLOBAL_UNIT_ASSIGNED_CONTEXT ( ( #5173, #910, #7401 ) ) REPRESENTATION_CONTEXT ( 'NONE', 'WORKASPACE' ) );
#1059 = EDGE_LOOP ( 'NONE', ( #2464, #3856, #2663, #4793 ) ) ;
#1060 = VERTEX_POINT ( 'NONE', #9358 ) ;
#1061 = VECTOR ( 'NONE', #4339, 1000.000000000000000 ) ;
#1062 = ORIENTED_EDGE ( 'NONE', *, *, #2571, .T. ) ;
#1063 = ORIENTED_EDGE ( 'NONE', *, *, #9037, .T. ) ;
#1064 = EDGE_CURVE ( 'NONE', #7746, #4515, #8651, .T. ) ;
#1065 = B_SPLINE_CURVE_WITH_KNOTS ( 'NONE', 3,
 ( #1472, #6551, #7216, #1433 ),
 .UNSPECIFIED., .F., .F.,
 ( 4, 4 ),
 ( 4.000000000000000000, 5.000000000000000000 ),
 .UNSPECIFIED. ) ;
#1066 = EDGE_CURVE ( 'NONE', #6424, #5083, #1477, .T. ) ;
#1067 = CARTESIAN_POINT ( 'NONE',  ( 1.193704970391465947, 1.183541021129224102, 0.9100000000000000311 ) ) ;
#1068 = CARTESIAN_POINT ( 'NONE',  ( 0.8269357343120766757, 1.206063552861807775, 0.9100000000000000311 ) ) ;
#1069 = AXIS2_PLACEMENT_3D ( 'NONE', #8823, #8693, #812 ) ;
#1070 = CARTESIAN_POINT ( 'NONE',  ( 1.104339575364488013, 1.220766699310237513, 0.9000000000000000222 ) ) ;
#1071 = DIRECTION ( 'NONE',  ( -0.000000000000000000, -0.000000000000000000, -1.000000000000000000 ) ) ;
#1072 = VERTEX_POINT ( 'NONE', #6593 ) ;
#1073 = ORIENTED_EDGE ( 'NONE', *, *, #8932, .T. ) ;
#1074 = ORIENTED_EDGE ( 'NONE', *, *, #6322, .F. ) ;
#1075 = ADVANCED_FACE ( 'NONE', ( #7312 ), #2975, .T. ) ;
#1076 = CARTESIAN_POINT ( 'NONE',  ( 1.109301018506022807, 1.332443733853280632, 0.9000000000000000222 ) ) ;
#1077 = EDGE_LOOP ( 'NONE', ( #1591, #476, #6826, #3532 ) ) ;
#1078 = CARTESIAN_POINT ( 'NONE',  ( 1.140243192349245760, 1.217082753504454162, 0.9000000000000000222 ) ) ;
#1079 =( LENGTH_UNIT ( ) NAMED_UNIT ( * ) SI_UNIT ( .MILLI., .METRE. ) );
#1080 = CARTESIAN_POINT ( 'NONE',  ( 1.075046264361588344, 1.222133324367190133, 0.9100000000000000311 ) ) ;
#1081 = CARTESIAN_POINT ( 'NONE',  ( 1.097060811474313002, 1.183541021129224102, 0.9100000000000000311 ) ) ;
#1082 = CARTESIAN_POINT ( 'NONE',  ( -1.250000000000000000, 1.450000000000000400, -0.02000000000000000042 ) ) ;
#1083 = EDGE_LOOP ( 'NONE', ( #3078, #6724, #7476, #2723 ) ) ;
#1084 = DIRECTION ( 'NONE',  ( -1.000000000000000000, -8.064921454839610065E-14, 0.000000000000000000 ) ) ;
#1085 = CARTESIAN_POINT ( 'NONE',  ( 1.154978975571796962, 1.170231281444096716, 0.9000000000000000222 ) ) ;
#1086 = DIRECTION ( 'NONE',  ( 1.000000000000000000, 0.000000000000000000, 0.000000000000000000 ) ) ;
#1087 = VERTEX_POINT ( 'NONE', #3828 ) ;
#1088 = LINE ( 'NONE', #3968, #746 ) ;
#1089 = ORIENTED_EDGE ( 'NONE', *, *, #2287, .F. ) ;
#1090 = FACE_OUTER_BOUND ( 'NONE', #1726, .T. ) ;
#1091 = CARTESIAN_POINT ( 'NONE',  ( 0.8525519808632221475, 1.197387105388890260, 0.9100000000000000311 ) ) ;
#1092 = CARTESIAN_POINT ( 'NONE',  ( 1.137212849831603867, 1.225401340807505068, 0.9000000000000000222 ) ) ;
#1093 = CARTESIAN_POINT ( 'NONE',  ( 0.7885113802467559330, 1.315965501922772507, 0.9000000000000000222 ) ) ;
#1094 = CARTESIAN_POINT ( 'NONE',  ( 1.130409433787367801, 1.182560616197007253, 0.9100000000000000311 ) ) ;
#1095 = LINE ( 'NONE', #1805, #5892 ) ;
#1096 = AXIS2_PLACEMENT_3D ( 'NONE', #8390, #8342, #6308 ) ;
#1097 = DIRECTION ( 'NONE',  ( 0.000000000000000000, 0.000000000000000000, 1.000000000000000000 ) ) ;
#1098 = ORIENTED_EDGE ( 'NONE', *, *, #2257, .T. ) ;
#1099 = ADVANCED_FACE ( 'NONE', ( #996 ), #210, .F. ) ;
#1100 = EDGE_LOOP ( 'NONE', ( #260, #8265, #646, #7654 ) ) ;
#1101 = ORIENTED_EDGE ( 'NONE', *, *, #6808, .F. ) ;
#1102 = ORIENTED_EDGE ( 'NONE', *, *, #554, .T. ) ;
#1103 = B_SPLINE_SURFACE_WITH_KNOTS ( 'NONE', 3, 1, ( 
 ( #4023, #6829 ),
 ( #7684, #5410 ),
 ( #5366, #8250 ),
 ( #524, #1802 ) ),
 .UNSPECIFIED., .F., .F., .F.,
 ( 4, 4 ),
 ( 2, 2 ),
 ( 8.000000000000000000, 9.000000000000000000 ),
 ( 0.000000000000000000, 1.000000000000000000 ),
 .UNSPECIFIED. ) ;
#1104 = CARTESIAN_POINT ( 'NONE',  ( 1.179741627418590788, 1.333840068150567770, 0.9100000000000000311 ) ) ;
#1105 = CARTESIAN_POINT ( 'NONE',  ( 1.134761837501267800, 1.194117510700045459, 0.9000000000000000222 ) ) ;
#1106 = ADVANCED_FACE ( 'NONE', ( #4445 ), #110, .F. ) ;
#1107 = CARTESIAN_POINT ( 'NONE',  ( 1.202588033261658085, 1.305319197397347697, 0.9000000000000000222 ) ) ;
#1108 = VERTEX_POINT ( 'NONE', #5223 ) ;
#1109 = CARTESIAN_POINT ( 'NONE',  ( -1.500000000000000000, 1.499999999999999778, 0.9000000000000000222 ) ) ;
#1110 = EDGE_LOOP ( 'NONE', ( #3957, #4631, #3153, #1131 ) ) ;
#1111 = EDGE_LOOP ( 'NONE', ( #533, #1757, #8093, #4714 ) ) ;
#1112 = DIRECTION ( 'NONE',  ( 0.000000000000000000, 0.000000000000000000, 1.000000000000000000 ) ) ;
#1113 = CARTESIAN_POINT ( 'NONE',  ( 1.073664784684665197, 1.304130827782795654, 0.9000000000000000222 ) ) ;
#1114 = CARTESIAN_POINT ( 'NONE',  ( 0.7885113802467559330, 1.315965501922772507, 0.9100000000000000311 ) ) ;
#1115 = CARTESIAN_POINT ( 'NONE',  ( 1.061053212148381109, 1.209714861893276483, 0.9000000000000000222 ) ) ;
#1116 = EDGE_LOOP ( 'NONE', ( #5805, #4011, #7838, #3945 ) ) ;
#1117 = SURFACE_SIDE_STYLE ('',( #7614 ) ) ;
#1118 = EDGE_CURVE ( 'NONE', #8373, #8372, #5271, .T. ) ;
#1119 = VERTEX_POINT ( 'NONE', #3161 ) ;
#1120 = ORIENTED_EDGE ( 'NONE', *, *, #6390, .T. ) ;
#1121 =( NAMED_UNIT ( * ) PLANE_ANGLE_UNIT ( ) SI_UNIT ( $, .RADIAN. ) );
#1122 = CARTESIAN_POINT ( 'NONE',  ( 1.086038683297883223, 1.188532173510895351, 0.9100000000000000311 ) ) ;
#1123 = CARTESIAN_POINT ( 'NONE',  ( 1.032770015318032586, 1.275728793990911436, 0.9100000000000000311 ) ) ;
#1124 = CARTESIAN_POINT ( 'NONE',  ( 1.221988167221633503, 1.216369731735640114, 0.9100000000000000311 ) ) ;
#1125 = LINE ( 'NONE', #4010, #2557 ) ;
#1126 = CARTESIAN_POINT ( 'NONE',  ( 1.070990953051428107, 1.194652277026851506, 0.9100000000000000311 ) ) ;
#1127 = ORIENTED_EDGE ( 'NONE', *, *, #1971, .T. ) ;
#1128 = FACE_OUTER_BOUND ( 'NONE', #2509, .T. ) ;
#1129 = ADVANCED_FACE ( 'NONE', ( #6024 ), #5176, .F. ) ;
#1130 = AXIS2_PLACEMENT_3D ( 'NONE', #3908, #7570, #3236 ) ;
#1131 = ORIENTED_EDGE ( 'NONE', *, *, #1371, .T. ) ;
#1132 = CARTESIAN_POINT ( 'NONE',  ( 0.8021458213457586250, 1.180860465222669520, 0.9100000000000000311 ) ) ;
#1133 = ORIENTED_EDGE ( 'NONE', *, *, #1500, .T. ) ;
#1134 = DIRECTION ( 'NONE',  ( -0.000000000000000000, -0.000000000000000000, -1.000000000000000000 ) ) ;
#1135 = CARTESIAN_POINT ( 'NONE',  ( 1.089336408978731408, 1.225995525614980153, 0.9100000000000000311 ) ) ;
#1136 = FACE_OUTER_BOUND ( 'NONE', #8703, .T. ) ;
#1137 = DIRECTION ( 'NONE',  ( -0.000000000000000000, -0.000000000000000000, -1.000000000000000000 ) ) ;
#1138 = CARTESIAN_POINT ( 'NONE',  ( 0.9240295600976676793, 1.272996321023685207, 0.9100000000000000311 ) ) ;
#1139 = EDGE_LOOP ( 'NONE', ( #4748, #4348, #5712, #2184, #6206, #2373, #9316, #5982, #6150, #8226, #4318, #453, #9143, #1842, #7756, #3467, #1120, #3631, #3880, #6930, #2096, #205, #4567, #8598, #2583, #5329, #7, #5089, #8619, #1159, #6794, #1622, #316 ) ) ;
#1140 = DIRECTION ( 'NONE',  ( 1.000000000000000000, -0.000000000000000000, -0.000000000000000000 ) ) ;
#1141 = FILL_AREA_STYLE_COLOUR ( '', #5605 ) ;
#1142 = EDGE_LOOP ( 'NONE', ( #9266, #7044, #2529, #3372 ) ) ;
#1143 = ADVANCED_FACE ( 'NONE', ( #2234 ), #5505, .F. ) ;
#1144 = ORIENTED_EDGE ( 'NONE', *, *, #7655, .T. ) ;
#1145 = ORIENTED_EDGE ( 'NONE', *, *, #3760, .F. ) ;
#1146 = ORIENTED_EDGE ( 'NONE', *, *, #3175, .T. ) ;
#1147 = AXIS2_PLACEMENT_3D ( 'NONE', #368, #4733, #3294 ) ;
#1148 = EDGE_CURVE ( 'NONE', #5431, #8694, #5947, .T. ) ;
#1149 = CARTESIAN_POINT ( 'NONE',  ( 1.150388897934828458, 1.163992340966802930, 0.9100000000000000311 ) ) ;
#1150 = CARTESIAN_POINT ( 'NONE',  ( 0.7480211764592570312, 1.194081771051166196, 0.9100000000000000311 ) ) ;
#1151 = CARTESIAN_POINT ( 'NONE',  ( 1.294760951502789581, 1.183541021129224102, 0.9000000000000000222 ) ) ;
#1152 = CARTESIAN_POINT ( 'NONE',  ( 1.121749190220074244, 1.214498049592610540, 0.9100000000000000311 ) ) ;
#1153 = ORIENTED_EDGE ( 'NONE', *, *, #9356, .T. ) ;
#1154 = FILL_AREA_STYLE ('',( #7649 ) ) ;
#1155 = VERTEX_POINT ( 'NONE', #818 ) ;
#1156 = ORIENTED_EDGE ( 'NONE', *, *, #6496, .T. ) ;
#1157 = ADVANCED_FACE ( 'NONE', ( #4549 ), #6775, .F. ) ;
#1158 = ORIENTED_EDGE ( 'NONE', *, *, #843, .T. ) ;
#1159 = ORIENTED_EDGE ( 'NONE', *, *, #6958, .T. ) ;
#1160 = DIRECTION ( 'NONE',  ( -1.000000000000000000, 0.000000000000000000, 0.000000000000000000 ) ) ;
#1161 = DIRECTION ( 'NONE',  ( -0.000000000000000000, -0.000000000000000000, -1.000000000000000000 ) ) ;
#1162 = LINE ( 'NONE', #6050, #3882 ) ;
#1163 = CARTESIAN_POINT ( 'NONE',  ( 1.312541931863346001, 1.234224985196638702, 0.9000000000000000222 ) ) ;
#1164 = ORIENTED_EDGE ( 'NONE', *, *, #2747, .F. ) ;
#1165 = CARTESIAN_POINT ( 'NONE',  ( 0.9397298509186522431, 1.307702197600467686, 0.9100000000000000311 ) ) ;
#1166 = B_SPLINE_CURVE_WITH_KNOTS ( 'NONE', 3,
 ( #7350, #954, #8780, #6070 ),
 .UNSPECIFIED., .F., .F.,
 ( 4, 4 ),
 ( 4.000000000000000000, 5.000000000000000000 ),
 .UNSPECIFIED. ) ;
#1167 = EDGE_CURVE ( 'NONE', #9237, #355, #8882, .T. ) ;
#1168 = VECTOR ( 'NONE', #2780, 1000.000000000000000 ) ;
#1169 = SURFACE_STYLE_FILL_AREA ( #4675 ) ;
#1170 = CARTESIAN_POINT ( 'NONE',  ( 1.312363676420944314, 1.234224985196638702, 0.9000000000000000222 ) ) ;
#1171 = DIRECTION ( 'NONE',  ( -0.3416038306815923908, 0.9398440417769652333, 0.000000000000000000 ) ) ;
#1172 = PLANE ( 'NONE',  #1147 ) ;
#1173 = LINE ( 'NONE', #5340, #8141 ) ;
#1174 = DIRECTION ( 'NONE',  ( 0.000000000000000000, 0.000000000000000000, 1.000000000000000000 ) ) ;
#1175 = VECTOR ( 'NONE', #8945, 1000.000000000000000 ) ;
#1176 = CARTESIAN_POINT ( 'NONE',  ( 1.283248620860648836, 1.221955068924790222, 0.9000000000000000222 ) ) ;
#1177 = LINE ( 'NONE', #6260, #1024 ) ;
#1178 = ORIENTED_EDGE ( 'NONE', *, *, #1949, .T. ) ;
#1179 = B_SPLINE_SURFACE_WITH_KNOTS ( 'NONE', 3, 1, ( 
 ( #3669, #5103 ),
 ( #755, #7153 ),
 ( #2781, #5775 ),
 ( #1499, #663 ) ),
 .UNSPECIFIED., .F., .F., .F.,
 ( 4, 4 ),
 ( 2, 2 ),
 ( 4.000000000000000000, 5.000000000000000000 ),
 ( 0.000000000000000000, 1.000000000000000000 ),
 .UNSPECIFIED. ) ;
#1180 = VECTOR ( 'NONE', #4738, 1000.000000000000000 ) ;
#1181 = CARTESIAN_POINT ( 'NONE',  ( 1.162302303322470420, 1.183630148850227437, 0.9100000000000000311 ) ) ;
#1182 = ORIENTED_EDGE ( 'NONE', *, *, #5204, .F. ) ;
#1183 = CARTESIAN_POINT ( 'NONE',  ( -0.2500000000000000000, 1.450000000000000400, -0.02000000000000000042 ) ) ;
#1184 = PRESENTATION_LAYER_ASSIGNMENT (  '', '', ( #5121 ) ) ;
#1185 = ADVANCED_FACE ( 'NONE', ( #8969 ), #2652, .T. ) ;
#1186 = CARTESIAN_POINT ( 'NONE',  ( 1.089336408978731408, 1.225995525614980153, 0.9000000000000000222 ) ) ;
#1187 = DIRECTION ( 'NONE',  ( -0.8631877589412155771, -0.5048830486499243930, 0.000000000000000000 ) ) ;
#1188 = ADVANCED_FACE ( 'NONE', ( #1136 ), #1103, .F. ) ;
#1189 = CARTESIAN_POINT ( 'NONE',  ( 1.240095949225849425, 1.324481657434632087, 0.9100000000000000311 ) ) ;
#1190 = VERTEX_POINT ( 'NONE', #2604 ) ;
#1191 = PLANE ( 'NONE',  #747 ) ;
#1192 = CARTESIAN_POINT ( 'NONE',  ( 1.120932186110094486, 1.275728793990911436, 0.9000000000000000222 ) ) ;
#1193 = ORIENTED_EDGE ( 'NONE', *, *, #6333, .F. ) ;
#1194 = B_SPLINE_CURVE_WITH_KNOTS ( 'NONE', 3,
 ( #6300, #4737, #9154, #1841 ),
 .UNSPECIFIED., .F., .F.,
 ( 4, 4 ),
 ( 9.000000000000000000, 10.00000000000000000 ),
 .UNSPECIFIED. ) ;
#1195 = AXIS2_PLACEMENT_3D ( 'NONE', #8580, #2027, #2741 ) ;
#1196 =( GEOMETRIC_REPRESENTATION_CONTEXT ( 3 ) GLOBAL_UNCERTAINTY_ASSIGNED_CONTEXT ( ( #4439 ) ) GLOBAL_UNIT_ASSIGNED_CONTEXT ( ( #5118, #8905, #3779 ) ) REPRESENTATION_CONTEXT ( 'NONE', 'WORKASPACE' ) );
#1197 = AXIS2_PLACEMENT_3D ( 'NONE', #862, #2327, #8828 ) ;
#1198 = EDGE_LOOP ( 'NONE', ( #2755, #3313, #3655, #772, #6369, #5758, #3537, #3993 ) ) ;
#1199 = VERTEX_POINT ( 'NONE', #3927 ) ;
#1200 = VERTEX_POINT ( 'NONE', #1240 ) ;
#1201 = FILL_AREA_STYLE ('',( #6173 ) ) ;
#1202 = EDGE_CURVE ( 'NONE', #8533, #443, #482, .T. ) ;
#1203 = CARTESIAN_POINT ( 'NONE',  ( 1.300346288691936580, 1.199435464725793210, 0.9000000000000000222 ) ) ;
#1204 = VECTOR ( 'NONE', #4640, 1000.000000000000114 ) ;
#1205 = FACE_OUTER_BOUND ( 'NONE', #4195, .T. ) ;
#1206 = FACE_OUTER_BOUND ( 'NONE', #6132, .T. ) ;
#1207 = ORIENTED_EDGE ( 'NONE', *, *, #4829, .F. ) ;
#1208 = ORIENTED_EDGE ( 'NONE', *, *, #5195, .T. ) ;
#1209 = ORIENTED_EDGE ( 'NONE', *, *, #4673, .F. ) ;
#1210 = VERTEX_POINT ( 'NONE', #8438 ) ;
#1211 = LINE ( 'NONE', #2726, #7427 ) ;
#1212 = DIRECTION ( 'NONE',  ( -0.000000000000000000, -0.000000000000000000, -1.000000000000000000 ) ) ;
#1213 = FACE_OUTER_BOUND ( 'NONE', #3404, .T. ) ;
#1214 = CARTESIAN_POINT ( 'NONE',  ( 1.097060811474313002, 1.183541021129224102, 0.9000000000000000222 ) ) ;
#1215 = EDGE_CURVE ( 'NONE', #3796, #8299, #8307, .T. ) ;
#1216 = CARTESIAN_POINT ( 'NONE',  ( 0.9442746619914175188, 1.295307241117606534, 0.9100000000000000311 ) ) ;
#1217 = VECTOR ( 'NONE', #80, 1000.000000000000000 ) ;
#1218 = ADVANCED_FACE ( 'NONE', ( #3255 ), #9010, .F. ) ;
#1219 = VERTEX_POINT ( 'NONE', #7634 ) ;
#1220 = AXIS2_PLACEMENT_3D ( 'NONE', #2754, #5658, #2798 ) ;
#1221 = PLANE ( 'NONE',  #1130 ) ;
#1222 = VECTOR ( 'NONE', #4720, 1000.000000000000000 ) ;
#1223 = CARTESIAN_POINT ( 'NONE',  ( 1.294760951502789581, 1.183541021129224102, 0.9100000000000000311 ) ) ;
#1224 = AXIS2_PLACEMENT_3D ( 'NONE', #2354, #145, #3008 ) ;
#1225 = LINE ( 'NONE', #662, #7378 ) ;
#1226 = EDGE_CURVE ( 'NONE', #7606, #2252, #3971, .T. ) ;
#1227 = VECTOR ( 'NONE', #6215, 1000.000000000000000 ) ;
#1228 = LINE ( 'NONE', #1272, #4791 ) ;
#1229 = EDGE_CURVE ( 'NONE', #6981, #564, #3785, .T. ) ;
#1230 = CARTESIAN_POINT ( 'NONE',  ( 1.121155005412799444, 1.182560616197007253, 0.9100000000000000311 ) ) ;
#1231 = ORIENTED_EDGE ( 'NONE', *, *, #7226, .T. ) ;
#1232 = CARTESIAN_POINT ( 'NONE',  ( 1.128433769302953138, 1.301902634754964483, 0.9100000000000000311 ) ) ;
#1233 = CARTESIAN_POINT ( 'NONE',  ( 1.165005844195845741, 1.193850127536643324, 0.9000000000000000222 ) ) ;
#1234 = EDGE_CURVE ( 'NONE', #3381, #8352, #381, .T. ) ;
#1235 = ORIENTED_EDGE ( 'NONE', *, *, #7022, .F. ) ;
#1236 = VERTEX_POINT ( 'NONE', #1944 ) ;
#1237 = DIRECTION ( 'NONE',  ( -0.000000000000000000, 1.000000000000000000, -0.000000000000000000 ) ) ;
#1238 = ORIENTED_EDGE ( 'NONE', *, *, #7177, .F. ) ;
#1239 = DIRECTION ( 'NONE',  ( -0.000000000000000000, -0.000000000000000000, -1.000000000000000000 ) ) ;
#1240 = CARTESIAN_POINT ( 'NONE',  ( 0.8959343285546285118, 1.196147597132037221, 0.9100000000000000311 ) ) ;
#1241 = PLANE ( 'NONE',  #5017 ) ;
#1242 = CARTESIAN_POINT ( 'NONE',  ( 1.239769147581776254, 1.326412758058725494, 0.9100000000000000311 ) ) ;
#1243 = EDGE_LOOP ( 'NONE', ( #9326, #3943, #4311, #2758 ) ) ;
#1244 = CARTESIAN_POINT ( 'NONE',  ( 1.207549476403000588, 1.289305916839047050, 0.9100000000000000311 ) ) ;
#1245 = EDGE_CURVE ( 'NONE', #3298, #1408, #3369, .T. ) ;
#1246 = AXIS2_PLACEMENT_3D ( 'NONE', #2858, #1967, #8518 ) ;
#1247 = ORIENTED_EDGE ( 'NONE', *, *, #507, .F. ) ;
#1248 = ORIENTED_EDGE ( 'NONE', *, *, #3380, .F. ) ;
#1249 = CARTESIAN_POINT ( 'NONE',  ( 1.148814308195339473, 1.164200305649541578, 0.9100000000000000311 ) ) ;
#1250 = LINE ( 'NONE', #2665, #6185 ) ;
#1251 = FACE_OUTER_BOUND ( 'NONE', #3696, .T. ) ;
#1252 = ORIENTED_EDGE ( 'NONE', *, *, #5664, .T. ) ;
#1253 = DIRECTION ( 'NONE',  ( -0.3559357243699015627, 0.9345104387417368930, -0.000000000000000000 ) ) ;
#1254 = VERTEX_POINT ( 'NONE', #1851 ) ;
#1255 = EDGE_CURVE ( 'NONE', #9304, #3969, #2552, .T. ) ;
#1256 = EDGE_CURVE ( 'NONE', #1199, #1833, #7984, .T. ) ;
#1257 = VERTEX_POINT ( 'NONE', #3310 ) ;
#1258 = ORIENTED_EDGE ( 'NONE', *, *, #7672, .F. ) ;
#1259 = CARTESIAN_POINT ( 'NONE',  ( 1.032770015318032586, 1.275728793990911436, 0.9100000000000000311 ) ) ;
#1260 = FACE_BOUND ( 'NONE', #7149, .T. ) ;
#1261 = CARTESIAN_POINT ( 'NONE',  ( 0.7980141770651065780, 1.315139172278788404, 0.9000000000000000222 ) ) ;
#1262 = LINE ( 'NONE', #1214, #4243 ) ;
#1263 = B_SPLINE_SURFACE_WITH_KNOTS ( 'NONE', 3, 1, ( 
 ( #712, #2829 ),
 ( #7926, #567 ),
 ( #8632, #624 ),
 ( #6399, #8723 ) ),
 .UNSPECIFIED., .F., .F., .F.,
 ( 4, 4 ),
 ( 2, 2 ),
 ( 11.00000000000000000, 12.00000000000000000 ),
 ( 0.000000000000000000, 1.000000000000000000 ),
 .UNSPECIFIED. ) ;
#1264 = CARTESIAN_POINT ( 'NONE',  ( 1.269151586305875323, 1.196226866766145536, 0.9000000000000000222 ) ) ;
#1265 = EDGE_CURVE ( 'NONE', #971, #9268, #6214, .T. ) ;
#1266 = UNCERTAINTY_MEASURE_WITH_UNIT (LENGTH_MEASURE( 1.000000000000000082E-05 ), #9145, 'distance_accuracy_value', 'NONE');
#1267 = ORIENTED_EDGE ( 'NONE', *, *, #1148, .T. ) ;
#1268 = VERTEX_POINT ( 'NONE', #8391 ) ;
#1269 = EDGE_CURVE ( 'NONE', #2324, #7080, #1896, .T. ) ;
#1270 = LINE ( 'NONE', #468, #4710 ) ;
#1271 = LINE ( 'NONE', #4246, #4482 ) ;
#1272 = CARTESIAN_POINT ( 'NONE',  ( 1.294760951502789581, 1.183541021129224102, 0.9100000000000000311 ) ) ;
#1273 = CARTESIAN_POINT ( 'NONE',  ( 0.8959343285546274016, 1.324641973037194775, 0.9000000000000000222 ) ) ;
#1274 = VERTEX_POINT ( 'NONE', #716 ) ;
#1275 = CARTESIAN_POINT ( 'NONE',  ( 0.9851780089295304466, 1.226721829428373267, 0.9000000000000000222 ) ) ;
#1276 = CARTESIAN_POINT ( 'NONE',  ( 0.7723979383946608657, 1.211847887953021008, 0.9000000000000000222 ) ) ;
#1277 = ORIENTED_EDGE ( 'NONE', *, *, #7002, .F. ) ;
#1278 = EDGE_CURVE ( 'NONE', #387, #2185, #5828, .T. ) ;
#1279 = CARTESIAN_POINT ( 'NONE',  ( 0.8236304236160544301, 1.239116793792133686, 0.9100000000000000311 ) ) ;
#1280 = ORIENTED_EDGE ( 'NONE', *, *, #7672, .T. ) ;
#1281 = CARTESIAN_POINT ( 'NONE',  ( 1.311412980729066646, 1.230154819266510824, 0.9000000000000000222 ) ) ;
#1282 = FACE_OUTER_BOUND ( 'NONE', #2589, .T. ) ;
#1283 = CARTESIAN_POINT ( 'NONE',  ( 1.105141724854496799, 1.326917815144800894, 0.9100000000000000311 ) ) ;
#1284 = B_SPLINE_CURVE_WITH_KNOTS ( 'NONE', 3,
 ( #146, #3009, #6677, #6006 ),
 .UNSPECIFIED., .F., .F.,
 ( 4, 4 ),
 ( 1.000000000000000000, 2.000000000000000000 ),
 .UNSPECIFIED. ) ;
#1285 = DIRECTION ( 'NONE',  ( -0.000000000000000000, -0.000000000000000000, -1.000000000000000000 ) ) ;
#1286 = CARTESIAN_POINT ( 'NONE',  ( 1.149215382940226293, 1.308557504597331445, 0.9100000000000000311 ) ) ;
#1287 = CARTESIAN_POINT ( 'NONE',  ( 1.269151586305875323, 1.196226866766145536, 0.9000000000000000222 ) ) ;
#1288 = CARTESIAN_POINT ( 'NONE',  ( 0.8108223003404817497, 1.284978134355933888, 0.9100000000000000311 ) ) ;
#1289 = EDGE_CURVE ( 'NONE', #5492, #3381, #8687, .T. ) ;
#1290 = ORIENTED_EDGE ( 'NONE', *, *, #6549, .F. ) ;
#1291 = VERTEX_POINT ( 'NONE', #8587 ) ;
#1292 = ORIENTED_EDGE ( 'NONE', *, *, #8779, .F. ) ;
#1293 = CARTESIAN_POINT ( 'NONE',  ( 1.286472073440067199, 1.183541021129224102, 0.9000000000000000222 ) ) ;
#1294 = CARTESIAN_POINT ( 'NONE',  ( 1.150864245780769624, 1.333840068150567770, 0.9100000000000000311 ) ) ;
#1295 = FILL_AREA_STYLE ('',( #2047 ) ) ;
#1296 = CARTESIAN_POINT ( 'NONE',  ( 1.201206553584555525, 1.209714861893276483, 0.9100000000000000311 ) ) ;
#1297 = ORIENTED_EDGE ( 'NONE', *, *, #6836, .F. ) ;
#1298 = FILL_AREA_STYLE_COLOUR ( '', #1779 ) ;
#1299 = VERTEX_POINT ( 'NONE', #4169 ) ;
#1300 = ORIENTED_EDGE ( 'NONE', *, *, #5770, .T. ) ;
#1301 = ORIENTED_EDGE ( 'NONE', *, *, #1066, .T. ) ;
#1302 = DIRECTION ( 'NONE',  ( -0.000000000000000000, -0.000000000000000000, -1.000000000000000000 ) ) ;
#1303 = EDGE_CURVE ( 'NONE', #7037, #288, #4300, .T. ) ;
#1304 = CARTESIAN_POINT ( 'NONE',  ( 0.8091696331716186075, 1.328360458406030453, 0.9000000000000000222 ) ) ;
#1305 = CARTESIAN_POINT ( 'NONE',  ( 1.126175867035005496, 1.188502464270565273, 0.9100000000000000311 ) ) ;
#1306 = EDGE_CURVE ( 'NONE', #964, #4081, #627, .T. ) ;
#1307 = ORIENTED_EDGE ( 'NONE', *, *, #3646, .T. ) ;
#1308 = CARTESIAN_POINT ( 'NONE',  ( 1.273296025337236514, 1.200237614216001614, 0.9100000000000000311 ) ) ;
#1309 = ORIENTED_EDGE ( 'NONE', *, *, #1265, .T. ) ;
#1310 = CARTESIAN_POINT ( 'NONE',  ( 1.075566176068029511, 1.291652946828211634, 0.9100000000000000311 ) ) ;
#1311 = ADVANCED_FACE ( 'NONE', ( #8493 ), #3590, .F. ) ;
#1312 = DIRECTION ( 'NONE',  ( -1.000000000000000000, -0.000000000000000000, -0.000000000000000000 ) ) ;
#1313 = DIRECTION ( 'NONE',  ( -0.000000000000000000, -0.000000000000000000, -1.000000000000000000 ) ) ;
#1314 = CARTESIAN_POINT ( 'NONE',  ( 1.099660370006514620, 1.274748389058698805, 0.9000000000000000222 ) ) ;
#1315 = ORIENTED_EDGE ( 'NONE', *, *, #1265, .F. ) ;
#1316 = CARTESIAN_POINT ( 'NONE',  ( 1.129102227211281839, 1.200356451177339023, 0.9100000000000000311 ) ) ;
#1317 = CARTESIAN_POINT ( 'NONE',  ( 0.7500000000000000000, 0.4500000000000002887, 0.000000000000000000 ) ) ;
#1318 = ORIENTED_EDGE ( 'NONE', *, *, #103, .F. ) ;
#1319 = FACE_OUTER_BOUND ( 'NONE', #8219, .T. ) ;
#1320 = ORIENTED_EDGE ( 'NONE', *, *, #296, .T. ) ;
#1321 = CARTESIAN_POINT ( 'NONE',  ( 1.125863920011100916, 1.225995525614980153, 0.9100000000000000311 ) ) ;
#1322 = CARTESIAN_POINT ( 'NONE',  ( 1.078373699282968223, 1.193255942729563923, 0.9000000000000000222 ) ) ;
#1323 = VECTOR ( 'NONE', #2914, 1000.000000000000000 ) ;
#1324 = CARTESIAN_POINT ( 'NONE',  ( 1.078373699282968223, 1.195246461833929130, 0.9000000000000000222 ) ) ;
#1325 = CARTESIAN_POINT ( 'NONE',  ( -1.288484918030905479, -1.198655526412927497, 0.8799999999999998934 ) ) ;
#1326 = CARTESIAN_POINT ( 'NONE',  ( 0.8112354592522946772, 1.156070583778161076, 0.9000000000000000222 ) ) ;
#1327 = LINE ( 'NONE', #3594, #7108 ) ;
#1328 = CARTESIAN_POINT ( 'NONE',  ( 1.121749190220074244, 1.214498049592610540, 0.9100000000000000311 ) ) ;
#1329 = EDGE_CURVE ( 'NONE', #7648, #7228, #5253, .T. ) ;
#1330 = ADVANCED_FACE ( 'NONE', ( #676 ), #2128, .F. ) ;
#1331 = AXIS2_PLACEMENT_3D ( 'NONE', #2370, #2976, #7540 ) ;
#1332 = SURFACE_SIDE_STYLE ('',( #7833 ) ) ;
#1333 = ORIENTED_EDGE ( 'NONE', *, *, #2924, .T. ) ;
#1334 = CARTESIAN_POINT ( 'NONE',  ( 1.201711610670615382, 1.326145374895321360, 0.9100000000000000311 ) ) ;
#1335 = ORIENTED_EDGE ( 'NONE', *, *, #8701, .F. ) ;
#1336 = ORIENTED_EDGE ( 'NONE', *, *, #1426, .F. ) ;
#1337 = CARTESIAN_POINT ( 'NONE',  ( 1.312541931863346001, 1.234224985196638702, 0.9000000000000000222 ) ) ;
#1338 = FACE_OUTER_BOUND ( 'NONE', #3119, .T. ) ;
#1339 = SURFACE_SIDE_STYLE ('',( #7271 ) ) ;
#1340 = VECTOR ( 'NONE', #3158, 1000.000000000000000 ) ;
#1341 = VECTOR ( 'NONE', #8666, 1000.000000000000000 ) ;
#1342 = LINE ( 'NONE', #114, #4227 ) ;
#1343 = VECTOR ( 'NONE', #9163, 1000.000000000000000 ) ;
#1344 = ORIENTED_EDGE ( 'NONE', *, *, #6753, .F. ) ;
#1345 = EDGE_CURVE ( 'NONE', #7515, #543, #3549, .T. ) ;
#1346 = ORIENTED_EDGE ( 'NONE', *, *, #7379, .T. ) ;
#1347 = VECTOR ( 'NONE', #4217, 1000.000000000000000 ) ;
#1348 = ORIENTED_EDGE ( 'NONE', *, *, #5634, .T. ) ;
#1349 = UNCERTAINTY_MEASURE_WITH_UNIT (LENGTH_MEASURE( 1.000000000000000082E-05 ), #4018, 'distance_accuracy_value', 'NONE');
#1350 = LINE ( 'NONE', #8044, #8937 ) ;
#1351 = CARTESIAN_POINT ( 'NONE',  ( 1.040271598510911888, 1.190166181731253214, 0.9100000000000000311 ) ) ;
#1352 = LINE ( 'NONE', #7990, #5436 ) ;
#1353 = DIRECTION ( 'NONE',  ( -0.000000000000000000, -0.000000000000000000, -1.000000000000000000 ) ) ;
#1354 = CARTESIAN_POINT ( 'NONE',  ( 1.114247607027199383, 1.213844446304467306, 0.9000000000000000222 ) ) ;
#1355 = ADVANCED_FACE ( 'NONE', ( #5034 ), #7529, .T. ) ;
#1356 = VERTEX_POINT ( 'NONE', #9257 ) ;
#1357 = VECTOR ( 'NONE', #3695, 1000.000000000000000 ) ;
#1358 = CARTESIAN_POINT ( 'NONE',  ( 1.134761837501267800, 1.195721809680069914, 0.9100000000000000311 ) ) ;
#1359 = B_SPLINE_CURVE_WITH_KNOTS ( 'NONE', 3,
 ( #2676, #6289, #6137, #2526 ),
 .UNSPECIFIED., .F., .F.,
 ( 4, 4 ),
 ( 34.00000000000000000, 35.00000000000000000 ),
 .UNSPECIFIED. ) ;
#1360 = UNCERTAINTY_MEASURE_WITH_UNIT (LENGTH_MEASURE( 1.000000000000000082E-05 ), #6754, 'distance_accuracy_value', 'NONE');
#1361 = ADVANCED_FACE ( 'NONE', ( #2174 ), #1423, .T. ) ;
#1362 = ADVANCED_FACE ( 'NONE', ( #5962 ), #8902, .F. ) ;
#1363 = ORIENTED_EDGE ( 'NONE', *, *, #2401, .F. ) ;
#1364 = LINE ( 'NONE', #3534, #9355 ) ;
#1365 = FACE_OUTER_BOUND ( 'NONE', #1111, .T. ) ;
#1366 = CARTESIAN_POINT ( 'NONE',  ( 1.240393041629584081, 1.323144741618009768, 0.9100000000000000311 ) ) ;
#1367 = PRESENTATION_LAYER_ASSIGNMENT (  '', '', ( #5608 ) ) ;
#1368 = EDGE_LOOP ( 'NONE', ( #6872, #3364, #428, #5568 ) ) ;
#1369 = FACE_OUTER_BOUND ( 'NONE', #1110, .T. ) ;
#1370 = ADVANCED_FACE ( 'NONE', ( #5163 ), #6626, .F. ) ;
#1371 = EDGE_CURVE ( 'NONE', #1219, #1857, #1511, .T. ) ;
#1372 = ORIENTED_EDGE ( 'NONE', *, *, #3257, .T. ) ;
#1373 = VECTOR ( 'NONE', #7965, 1000.000000000000000 ) ;
#1374 = DIRECTION ( 'NONE',  ( 0.000000000000000000, -0.000000000000000000, 1.000000000000000000 ) ) ;
#1375 = VERTEX_POINT ( 'NONE', #6719 ) ;
#1376 = CARTESIAN_POINT ( 'NONE',  ( 1.201206553584558190, 1.216369731735640114, 0.9100000000000000311 ) ) ;
#1377 = VECTOR ( 'NONE', #6925, 1000.000000000000000 ) ;
#1378 = CARTESIAN_POINT ( 'NONE',  ( 0.9240295600976676793, 1.272996321023685207, 0.9000000000000000222 ) ) ;
#1379 = CARTESIAN_POINT ( 'NONE',  ( 1.117411641126347055, 1.183392474927158933, 0.9000000000000000222 ) ) ;
#1380 = CARTESIAN_POINT ( 'NONE',  ( 1.185861730934152147, 1.225044829923102929, 0.9000000000000000222 ) ) ;
#1381 = DIRECTION ( 'NONE',  ( 0.000000000000000000, -0.000000000000000000, -1.000000000000000000 ) ) ;
#1382 = LINE ( 'NONE', #7932, #896 ) ;
#1383 = VECTOR ( 'NONE', #7234, 1000.000000000000000 ) ;
#1384 = CARTESIAN_POINT ( 'NONE',  ( 1.093213464846687577, 1.274748389058698805, 0.9100000000000000311 ) ) ;
#1385 = ORIENTED_EDGE ( 'NONE', *, *, #2168, .F. ) ;
#1386 = ORIENTED_EDGE ( 'NONE', *, *, #8994, .T. ) ;
#1387 = CIRCLE ( 'NONE', #3793, 0.09299432094351947620 ) ;
#1388 = B_SPLINE_CURVE_WITH_KNOTS ( 'NONE', 3,
 ( #1404, #8665, #4322, #9323 ),
 .UNSPECIFIED., .F., .F.,
 ( 4, 4 ),
 ( 2.000000000000000000, 3.000000000000000000 ),
 .UNSPECIFIED. ) ;
#1389 = FILL_AREA_STYLE_COLOUR ( '', #6532 ) ;
#1390 = VECTOR ( 'NONE', #5264, 1000.000000000000000 ) ;
#1391 = CARTESIAN_POINT ( 'NONE',  ( 1.193704970391464837, 1.241652295288878660, 0.9100000000000000311 ) ) ;
#1392 = ORIENTED_EDGE ( 'NONE', *, *, #1371, .F. ) ;
#1393 = FACE_OUTER_BOUND ( 'NONE', #5593, .T. ) ;
#1394 = CARTESIAN_POINT ( 'NONE',  ( 1.252514411699763741, 1.241652295288878660, 0.9100000000000000311 ) ) ;
#1395 = CARTESIAN_POINT ( 'NONE',  ( 0.7476080254281427528, 1.272583177873071181, 0.9000000000000000222 ) ) ;
#1396 = EDGE_CURVE ( 'NONE', #727, #7648, #8662, .T. ) ;
#1397 = SURFACE_STYLE_USAGE ( .BOTH. , #1339 ) ;
#1398 = CARTESIAN_POINT ( 'NONE',  ( 1.116312399232795238, 1.207278704183104567, 0.9100000000000000311 ) ) ;
#1399 = ORIENTED_EDGE ( 'NONE', *, *, #6390, .F. ) ;
#1400 = ORIENTED_EDGE ( 'NONE', *, *, #8701, .T. ) ;
#1401 = ADVANCED_FACE ( 'NONE', ( #5307 ), #3010, .F. ) ;
#1402 = CARTESIAN_POINT ( 'NONE',  ( 1.201206553584558190, 1.234967716206178068, 0.9000000000000000222 ) ) ;
#1403 = CARTESIAN_POINT ( 'NONE',  ( 1.097060811474313002, 1.200386160417672654, 0.9000000000000000222 ) ) ;
#1404 = CARTESIAN_POINT ( 'NONE',  ( 1.147521956239419438, 1.164586525774281345, 0.9000000000000000222 ) ) ;
#1405 = DIRECTION ( 'NONE',  ( 0.000000000000000000, -1.000000000000000000, -0.000000000000000000 ) ) ;
#1406 = CARTESIAN_POINT ( 'NONE',  ( 1.129696412018558638, 1.220083386781760870, 0.9100000000000000311 ) ) ;
#1407 = CARTESIAN_POINT ( 'NONE',  ( 0.8161934449976795403, 1.333318442181288033, 0.9000000000000000222 ) ) ;
#1408 = VERTEX_POINT ( 'NONE', #3640 ) ;
#1409 = ADVANCED_FACE ( 'NONE', ( #4394 ), #2315, .F. ) ;
#1410 = CARTESIAN_POINT ( 'NONE',  ( 1.149215382940226293, 1.301902634754964483, 0.9100000000000000311 ) ) ;
#1411 = CARTESIAN_POINT ( 'NONE',  ( -0.7500000000000000000, 0.4500000000000002887, -0.02000000000000000042 ) ) ;
#1412 = FACE_OUTER_BOUND ( 'NONE', #8200, .T. ) ;
#1413 = ADVANCED_FACE ( 'NONE', ( #6582 ), #6097, .F. ) ;
#1414 = CARTESIAN_POINT ( 'NONE',  ( 1.311412980729066646, 1.230154819266510824, 0.9100000000000000311 ) ) ;
#1415 = DIRECTION ( 'NONE',  ( -0.000000000000000000, 1.000000000000000000, -0.000000000000000000 ) ) ;
#1416 = VERTEX_POINT ( 'NONE', #58 ) ;
#1417 = CARTESIAN_POINT ( 'NONE',  ( 1.188342452504821400, 1.275728793990915433, 0.9100000000000000311 ) ) ;
#1418 = ORIENTED_EDGE ( 'NONE', *, *, #7413, .F. ) ;
#1419 = CARTESIAN_POINT ( 'NONE',  ( 1.089752338343803251, 1.182560616197007253, 0.9100000000000000311 ) ) ;
#1420 = EDGE_LOOP ( 'NONE', ( #6700, #5990, #9156, #9052 ) ) ;
#1421 = DIRECTION ( 'NONE',  ( -0.000000000000000000, -0.000000000000000000, -1.000000000000000000 ) ) ;
#1422 = CARTESIAN_POINT ( 'NONE',  ( 1.087345889873970073, 1.203059992050906413, 0.9100000000000000311 ) ) ;
#1423 = PLANE ( 'NONE',  #6477 ) ;
#1424 = LINE ( 'NONE', #7930, #3174 ) ;
#1425 = DIRECTION ( 'NONE',  ( -0.000000000000000000, -0.000000000000000000, -1.000000000000000000 ) ) ;
#1426 = EDGE_CURVE ( 'NONE', #3452, #8832, #2219, .T. ) ;
#1427 = DIRECTION ( 'NONE',  ( -0.000000000000000000, 1.000000000000000000, -0.000000000000000000 ) ) ;
#1428 = CARTESIAN_POINT ( 'NONE',  ( 1.122491921229417100, 1.217528392109856972, 0.9000000000000000222 ) ) ;
#1429 = EDGE_CURVE ( 'NONE', #6572, #6948, #6509, .T. ) ;
#1430 = ORIENTED_EDGE ( 'NONE', *, *, #3556, .T. ) ;
#1431 = B_SPLINE_CURVE_WITH_KNOTS ( 'NONE', 3,
 ( #87, #2951, #8805, #8759 ),
 .UNSPECIFIED., .F., .F.,
 ( 4, 4 ),
 ( 7.000000000000000000, 8.000000000000000000 ),
 .UNSPECIFIED. ) ;
#1432 = SURFACE_STYLE_USAGE ( .BOTH. , #1332 ) ;
#1433 = CARTESIAN_POINT ( 'NONE',  ( 1.268988185483642006, 1.229501215978365369, 0.9100000000000000311 ) ) ;
#1434 = ORIENTED_EDGE ( 'NONE', *, *, #5735, .F. ) ;
#1435 = ORIENTED_EDGE ( 'NONE', *, *, #6108, .F. ) ;
#1436 = CARTESIAN_POINT ( 'NONE',  ( 1.128433769302971346, 1.308557504597331445, 0.9100000000000000311 ) ) ;
#1437 = DIRECTION ( 'NONE',  ( -0.000000000000000000, -0.000000000000000000, -1.000000000000000000 ) ) ;
#1438 = EDGE_CURVE ( 'NONE', #9250, #2913, #9149, .T. ) ;
#1439 = PLANE ( 'NONE',  #7406 ) ;
#1440 = PLANE ( 'NONE',  #1661 ) ;
#1441 = ORIENTED_EDGE ( 'NONE', *, *, #2915, .F. ) ;
#1442 = ORIENTED_EDGE ( 'NONE', *, *, #7154, .F. ) ;
#1443 = EDGE_CURVE ( 'NONE', #355, #8641, #4625, .T. ) ;
#1444 = ORIENTED_EDGE ( 'NONE', *, *, #1167, .F. ) ;
#1445 = ORIENTED_EDGE ( 'NONE', *, *, #6261, .F. ) ;
#1446 =( NAMED_UNIT ( * ) PLANE_ANGLE_UNIT ( ) SI_UNIT ( $, .RADIAN. ) );
#1447 = DIRECTION ( 'NONE',  ( 1.000000000000000000, 0.000000000000000000, -0.000000000000000000 ) ) ;
#1448 =( NAMED_UNIT ( * ) PLANE_ANGLE_UNIT ( ) SI_UNIT ( $, .RADIAN. ) );
#1449 = CARTESIAN_POINT ( 'NONE',  ( 1.159108559982791276, 1.176084001796648515, 0.9100000000000000311 ) ) ;
#1450 = CARTESIAN_POINT ( 'NONE',  ( 1.116312399232795238, 1.207278704183104567, 0.9100000000000000311 ) ) ;
#1451 = VERTEX_POINT ( 'NONE', #7669 ) ;
#1452 = CARTESIAN_POINT ( 'NONE',  ( 1.275360817542436687, 1.213131424535660141, 0.9000000000000000222 ) ) ;
#1453 = VERTEX_POINT ( 'NONE', #3912 ) ;
#1454 = VERTEX_POINT ( 'NONE', #6760 ) ;
#1455 = FACE_BOUND ( 'NONE', #8596, .T. ) ;
#1456 = CARTESIAN_POINT ( 'NONE',  ( 1.257698674144011708, 1.275728793990890786, 0.9000000000000000222 ) ) ;
#1457 = CARTESIAN_POINT ( 'NONE',  ( 1.120679657566859166, 1.203624467617654181, 0.9000000000000000222 ) ) ;
#1458 = CARTESIAN_POINT ( 'NONE',  ( 0.9298138636666800627, 1.208542553615299164, 0.9000000000000000222 ) ) ;
#1459 = SURFACE_STYLE_USAGE ( .BOTH. , #7961 ) ;
#1460 = SURFACE_STYLE_FILL_AREA ( #9294 ) ;
#1461 = AXIS2_PLACEMENT_3D ( 'NONE', #2760, #5665, #7840 ) ;
#1462 = ADVANCED_FACE ( 'NONE', ( #1927 ), #5186, .T. ) ;
#1463 = EDGE_LOOP ( 'NONE', ( #6238, #5779, #4997, #5250 ) ) ;
#1464 = FACE_OUTER_BOUND ( 'NONE', #73, .T. ) ;
#1465 = CARTESIAN_POINT ( 'NONE',  ( 0.9678250667006877972, 1.287870270379535942, 0.9000000000000000222 ) ) ;
#1466 = SURFACE_STYLE_FILL_AREA ( #7969 ) ;
#1467 = CARTESIAN_POINT ( 'NONE',  ( 1.109301018506022807, 1.278135242460746834, 0.9100000000000000311 ) ) ;
#1468 = CARTESIAN_POINT ( 'NONE',  ( 1.259258409263130929, 1.190166181731256767, 0.9000000000000000222 ) ) ;
#1469 = CARTESIAN_POINT ( 'NONE',  ( 0.7707452751660485157, 1.315965501922772507, 0.9100000000000000311 ) ) ;
#1470 =( NAMED_UNIT ( * ) SI_UNIT ( $, .STERADIAN. ) SOLID_ANGLE_UNIT ( ) );
#1471 = EDGE_CURVE ( 'NONE', #2088, #5480, #7520, .T. ) ;
#1472 = CARTESIAN_POINT ( 'NONE',  ( 1.275360817542436687, 1.213131424535660141, 0.9100000000000000311 ) ) ;
#1473 = ORIENTED_EDGE ( 'NONE', *, *, #5935, .F. ) ;
#1474 = ORIENTED_EDGE ( 'NONE', *, *, #5348, .T. ) ;
#1475 = EDGE_CURVE ( 'NONE', #8671, #509, #9100, .T. ) ;
#1476 = LINE ( 'NONE', #4312, #2213 ) ;
#1477 = LINE ( 'NONE', #4357, #7862 ) ;
#1478 = CARTESIAN_POINT ( 'NONE',  ( 0.8401570243797654713, 1.324641973037194775, 0.9000000000000000222 ) ) ;
#1479 = CARTESIAN_POINT ( 'NONE',  ( 1.259258409263130929, 1.190166181731256767, 0.9100000000000000311 ) ) ;
#1480 = ORIENTED_EDGE ( 'NONE', *, *, #7256, .F. ) ;
#1481 = VECTOR ( 'NONE', #3099, 1000.000000000000000 ) ;
#1482 = VECTOR ( 'NONE', #433, 1000.000000000000000 ) ;
#1483 = VERTEX_POINT ( 'NONE', #3354 ) ;
#1484 = VERTEX_POINT ( 'NONE', #5537 ) ;
#1485 = SURFACE_SIDE_STYLE ('',( #7947 ) ) ;
#1486 = AXIS2_PLACEMENT_3D ( 'NONE', #6820, #4437, #8201 ) ;
#1487 = CARTESIAN_POINT ( 'NONE',  ( 1.235936655574717769, 1.241652295288878660, 0.9100000000000000311 ) ) ;
#1488 = VECTOR ( 'NONE', #2772, 1000.000000000000000 ) ;
#1489 =( GEOMETRIC_REPRESENTATION_CONTEXT ( 3 ) GLOBAL_UNCERTAINTY_ASSIGNED_CONTEXT ( ( #3103 ) ) GLOBAL_UNIT_ASSIGNED_CONTEXT ( ( #8982, #4505, #967 ) ) REPRESENTATION_CONTEXT ( 'NONE', 'WORKASPACE' ) );
#1490 = CARTESIAN_POINT ( 'NONE',  ( 1.114203043166696494, 1.184996773907179834, 0.9100000000000000311 ) ) ;
#1491 = CARTESIAN_POINT ( 'NONE',  ( 0.9017186321234433866, 1.208955712526911475, 0.9000000000000000222 ) ) ;
#1492 = CARTESIAN_POINT ( 'NONE',  ( 1.140243192349245760, 1.224153552711890303, 0.9100000000000000311 ) ) ;
#1493 = AXIS2_PLACEMENT_3D ( 'NONE', #1525, #8787, #2462 ) ;
#1494 = EDGE_CURVE ( 'NONE', #2574, #4855, #6812, .T. ) ;
#1495 = FILL_AREA_STYLE_COLOUR ( '', #477 ) ;
#1496 = CARTESIAN_POINT ( 'NONE',  ( 1.116312399232795238, 1.207278704183104567, 0.9000000000000000222 ) ) ;
#1497 = VECTOR ( 'NONE', #664, 1000.000000000000000 ) ;
#1498 = ORIENTED_EDGE ( 'NONE', *, *, #2571, .F. ) ;
#1499 = CARTESIAN_POINT ( 'NONE',  ( 0.7885113802467559330, 1.315965501922772507, 0.9100000000000000311 ) ) ;
#1500 = EDGE_CURVE ( 'NONE', #5083, #1976, #1585, .T. ) ;
#1501 = CARTESIAN_POINT ( 'NONE',  ( 1.283248620860648836, 1.204337489386468674, 0.9000000000000000222 ) ) ;
#1502 = CARTESIAN_POINT ( 'NONE',  ( 0.7980141770651065780, 1.315139172278788404, 0.9100000000000000311 ) ) ;
#1503 = PRESENTATION_STYLE_ASSIGNMENT (( #2786 ) ) ;
#1504 = VECTOR ( 'NONE', #4853, 1000.000000000000000 ) ;
#1505 = CARTESIAN_POINT ( 'NONE',  ( 1.201711610670615382, 1.283869125851567761, 0.9000000000000000222 ) ) ;
#1506 = EDGE_LOOP ( 'NONE', ( #4092, #2742, #2830, #6328 ) ) ;
#1507 = EDGE_CURVE ( 'NONE', #8254, #5098, #3843, .T. ) ;
#1508 = LINE ( 'NONE', #5868, #4541 ) ;
#1509 = PLANE ( 'NONE',  #4729 ) ;
#1510 = AXIS2_PLACEMENT_3D ( 'NONE', #2367, #5268, #956 ) ;
#1511 = LINE ( 'NONE', #3816, #3737 ) ;
#1512 = CARTESIAN_POINT ( 'NONE',  ( 1.105052597133295178, 1.282740174717684534, 0.9100000000000000311 ) ) ;
#1513 = DIRECTION ( 'NONE',  ( -1.000000000000000000, 0.000000000000000000, 0.000000000000000000 ) ) ;
#1514 = CARTESIAN_POINT ( 'NONE',  ( 1.251920226892687893, 1.183541021129224102, 0.9100000000000000311 ) ) ;
#1515 = CARTESIAN_POINT ( 'NONE',  ( 0.9062634589572108323, 1.341581746996276969, 0.9100000000000000311 ) ) ;
#1516 = ORIENTED_EDGE ( 'NONE', *, *, #6989, .F. ) ;
#1517 = CARTESIAN_POINT ( 'NONE',  ( 1.097060811474313002, 1.200386160417672654, 0.9100000000000000311 ) ) ;
#1518 = VERTEX_POINT ( 'NONE', #6061 ) ;
#1519 = DIRECTION ( 'NONE',  ( -0.000000000000000000, -1.000000000000000000, -0.000000000000000000 ) ) ;
#1520 = ORIENTED_EDGE ( 'NONE', *, *, #1783, .F. ) ;
#1521 = LINE ( 'NONE', #243, #9093 ) ;
#1522 = CARTESIAN_POINT ( 'NONE',  ( 1.238996707332299385, 1.323293287820081598, 0.9000000000000000222 ) ) ;
#1523 = CARTESIAN_POINT ( 'NONE',  ( 1.159108559982791276, 1.176084001796648515, 0.9100000000000000311 ) ) ;
#1524 = CARTESIAN_POINT ( 'NONE',  ( 0.8112354592522946772, 1.156070583778161076, 0.9000000000000000222 ) ) ;
#1525 = CARTESIAN_POINT ( 'NONE',  ( 1.040271598510911888, 1.190166181731253214, 0.9100000000000000311 ) ) ;
#1526 = CARTESIAN_POINT ( 'NONE',  ( 1.312541931863346001, 1.234224985196638702, 0.9100000000000000311 ) ) ;
#1527 = ADVANCED_FACE ( 'NONE', ( #8954 ), #7621, .F. ) ;
#1528 = VECTOR ( 'NONE', #3858, 1000.000000000000000 ) ;
#1529 = ORIENTED_EDGE ( 'NONE', *, *, #1552, .F. ) ;
#1530 = ORIENTED_EDGE ( 'NONE', *, *, #2472, .F. ) ;
#1531 = DIRECTION ( 'NONE',  ( -0.000000000000000000, -0.000000000000000000, -1.000000000000000000 ) ) ;
#1532 = CARTESIAN_POINT ( 'NONE',  ( 0.9698908927811655811, 1.201931916461858485, 0.9000000000000000222 ) ) ;
#1533 = CARTESIAN_POINT ( 'NONE',  ( 1.061053212148381109, 1.209714861893276483, 0.9100000000000000311 ) ) ;
#1534 = CARTESIAN_POINT ( 'NONE',  ( 1.093941341235667108, 1.191919026912945156, 0.9000000000000000222 ) ) ;
#1535 = CARTESIAN_POINT ( 'NONE',  ( 1.229950243640265617, 1.298188979709240742, 0.9100000000000000311 ) ) ;
#1536 = EDGE_CURVE ( 'NONE', #6424, #2531, #33, .T. ) ;
#1537 = ORIENTED_EDGE ( 'NONE', *, *, #5645, .T. ) ;
#1538 = CARTESIAN_POINT ( 'NONE',  ( 0.7476080254281427528, 1.232919315550307982, 0.9100000000000000311 ) ) ;
#1539 = EDGE_CURVE ( 'NONE', #4365, #9133, #2021, .T. ) ;
#1540 = B_SPLINE_CURVE_WITH_KNOTS ( 'NONE', 3,
 ( #7273, #2805, #3609, #5049 ),
 .UNSPECIFIED., .F., .F.,
 ( 4, 4 ),
 ( 10.00000000000000000, 11.00000000000000000 ),
 .UNSPECIFIED. ) ;
#1541 = SURFACE_STYLE_FILL_AREA ( #3186 ) ;
#1542 = CARTESIAN_POINT ( 'NONE',  ( -0.7500000000000000000, -0.4500000000000002887, -0.01999999999999918510 ) ) ;
#1543 = DIRECTION ( 'NONE',  ( -1.000000000000000000, -0.000000000000000000, -0.000000000000000000 ) ) ;
#1544 = ORIENTED_EDGE ( 'NONE', *, *, #3805, .F. ) ;
#1545 = LINE ( 'NONE', #8847, #5014 ) ;
#1546 = B_SPLINE_SURFACE_WITH_KNOTS ( 'NONE', 3, 1, ( 
 ( #2153, #2770 ),
 ( #5672, #2105 ),
 ( #5008, #4321 ),
 ( #7910, #7230 ) ),
 .UNSPECIFIED., .F., .F., .F.,
 ( 4, 4 ),
 ( 2, 2 ),
 ( 19.00000000000000000, 20.00000000000000000 ),
 ( 0.000000000000000000, 1.000000000000000000 ),
 .UNSPECIFIED. ) ;
#1547 = CARTESIAN_POINT ( 'NONE',  ( 1.224959091258592814, 1.190166181731256767, 0.9100000000000000311 ) ) ;
#1548 = EDGE_CURVE ( 'NONE', #4035, #8510, #7588, .T. ) ;
#1549 = VERTEX_POINT ( 'NONE', #5727 ) ;
#1550 = DIRECTION ( 'NONE',  ( -0.000000000000000000, -0.000000000000000000, -1.000000000000000000 ) ) ;
#1551 = CARTESIAN_POINT ( 'NONE',  ( 0.7889245470388724923, 1.291175612597763145, 0.9100000000000000311 ) ) ;
#1552 = EDGE_CURVE ( 'NONE', #5637, #2533, #1225, .T. ) ;
#1553 = LINE ( 'NONE', #6004, #5408 ) ;
#1554 = VERTEX_POINT ( 'NONE', #4879 ) ;
#1555 = CARTESIAN_POINT ( 'NONE',  ( 0.7215786042045757576, 1.232506132997185366, 0.9000000000000000222 ) ) ;
#1556 = FILL_AREA_STYLE_COLOUR ( '', #9264 ) ;
#1557 = DIRECTION ( 'NONE',  ( 0.000000000000000000, 0.000000000000000000, -1.000000000000000000 ) ) ;
#1558 = CARTESIAN_POINT ( 'NONE',  ( 1.109301018506022807, 1.285324878629917844, 0.9000000000000000222 ) ) ;
#1559 = DIRECTION ( 'NONE',  ( -0.000000000000000000, -0.000000000000000000, 1.000000000000000000 ) ) ;
#1560 = CARTESIAN_POINT ( 'NONE',  ( 1.268646529219798813, 1.186244562002401137, 0.9000000000000000222 ) ) ;
#1561 = PRESENTATION_STYLE_ASSIGNMENT (( #7482 ) ) ;
#1562 = CARTESIAN_POINT ( 'NONE',  ( 0.8269357343120766757, 1.188297451721348263, 0.9000000000000000222 ) ) ;
#1563 = ADVANCED_FACE ( 'NONE', ( #6391 ), #7194, .F. ) ;
#1564 = PLANE ( 'NONE',  #3030 ) ;
#1565 = ORIENTED_EDGE ( 'NONE', *, *, #4807, .T. ) ;
#1566 = LINE ( 'NONE', #3786, #1340 ) ;
#1567 = ORIENTED_EDGE ( 'NONE', *, *, #9240, .T. ) ;
#1568 = CARTESIAN_POINT ( 'NONE',  ( 1.239308654356203077, 1.324659912877033330, 0.9100000000000000311 ) ) ;
#1569 = CARTESIAN_POINT ( 'NONE',  ( 1.243854168132468629, 1.333840068150569991, 0.9100000000000000311 ) ) ;
#1570 = FILL_AREA_STYLE ('',( #3108 ) ) ;
#1571 = CARTESIAN_POINT ( 'NONE',  ( 1.265987552206726985, 1.275728793990915433, 0.9100000000000000311 ) ) ;
#1572 = SURFACE_SIDE_STYLE ('',( #1715 ) ) ;
#1573 = CARTESIAN_POINT ( 'NONE',  ( 1.088148039363981079, 1.281432968141398954, 0.9000000000000000222 ) ) ;
#1574 = ORIENTED_EDGE ( 'NONE', *, *, #3868, .T. ) ;
#1575 = B_SPLINE_CURVE_WITH_KNOTS ( 'NONE', 3,
 ( #1885, #6146, #4734, #8238 ),
 .UNSPECIFIED., .F., .F.,
 ( 4, 4 ),
 ( 7.000000000000000000, 8.000000000000000000 ),
 .UNSPECIFIED. ) ;
#1576 = EDGE_LOOP ( 'NONE', ( #6499, #1051, #5494, #3419 ) ) ;
#1577 = ORIENTED_EDGE ( 'NONE', *, *, #2250, .T. ) ;
#1578 = EDGE_LOOP ( 'NONE', ( #8682, #135, #7667, #8960 ) ) ;
#1579 = DIRECTION ( 'NONE',  ( -1.000000000000000000, 0.000000000000000000, 0.000000000000000000 ) ) ;
#1580 = FACE_OUTER_BOUND ( 'NONE', #9319, .T. ) ;
#1581 = DIRECTION ( 'NONE',  ( -0.000000000000000000, -0.000000000000000000, -1.000000000000000000 ) ) ;
#1582 = CARTESIAN_POINT ( 'NONE',  ( 0.9442746619914175188, 1.295307241117606534, 0.9100000000000000311 ) ) ;
#1583 = VERTEX_POINT ( 'NONE', #8574 ) ;
#1584 = FACE_OUTER_BOUND ( 'NONE', #7771, .T. ) ;
#1585 = B_SPLINE_CURVE_WITH_KNOTS ( 'NONE', 3,
 ( #324, #3197, #8424, #984 ),
 .UNSPECIFIED., .F., .F.,
 ( 4, 4 ),
 ( 2.000000000000000000, 3.000000000000000000 ),
 .UNSPECIFIED. ) ;
#1586 = EDGE_CURVE ( 'NONE', #4295, #6835, #6352, .T. ) ;
#1587 = ORIENTED_EDGE ( 'NONE', *, *, #8706, .F. ) ;
#1588 = EDGE_CURVE ( 'NONE', #2574, #7025, #7767, .T. ) ;
#1589 = DIRECTION ( 'NONE',  ( -0.9910683662997337162, -0.1333547648941603436, 0.000000000000000000 ) ) ;
#1590 = CARTESIAN_POINT ( 'NONE',  ( 0.8525519808632221475, 1.201518757550242400, 0.9100000000000000311 ) ) ;
#1591 = ORIENTED_EDGE ( 'NONE', *, *, #8110, .T. ) ;
#1592 = CARTESIAN_POINT ( 'NONE',  ( 1.040271598510909890, 1.216369731735640114, 0.9000000000000000222 ) ) ;
#1593 = CARTESIAN_POINT ( 'NONE',  ( 0.9273348786743881300, 1.272996321023685207, 0.9000000000000000222 ) ) ;
#1594 = DIRECTION ( 'NONE',  ( 1.000000000000000000, -0.000000000000000000, 0.000000000000000000 ) ) ;
#1595 = AXIS2_PLACEMENT_3D ( 'NONE', #5963, #149, #8237 ) ;
#1596 = EDGE_CURVE ( 'NONE', #8874, #1375, #1271, .T. ) ;
#1597 = CARTESIAN_POINT ( 'NONE',  ( 1.149215382940226293, 1.301902634754964483, 0.9100000000000000311 ) ) ;
#1598 = ORIENTED_EDGE ( 'NONE', *, *, #6511, .F. ) ;
#1599 = DIRECTION ( 'NONE',  ( -0.000000000000000000, -0.000000000000000000, 1.000000000000000000 ) ) ;
#1600 = CARTESIAN_POINT ( 'NONE',  ( 0.9273348786743881300, 1.272996321023685207, 0.9100000000000000311 ) ) ;
#1601 = CARTESIAN_POINT ( 'NONE',  ( 1.196215401202468831, 1.321688988840056922, 0.9100000000000000311 ) ) ;
#1602 = CARTESIAN_POINT ( 'NONE',  ( -0.2500000000000000000, 1.450000000000000400, -0.02000000000000000042 ) ) ;
#1603 = FACE_OUTER_BOUND ( 'NONE', #3187, .T. ) ;
#1604 = CARTESIAN_POINT ( 'NONE',  ( 0.8661864298425271391, 1.324641973037194775, 0.9000000000000000222 ) ) ;
#1605 = ORIENTED_EDGE ( 'NONE', *, *, #8842, .F. ) ;
#1606 = CARTESIAN_POINT ( 'NONE',  ( 0.9698908927811655811, 1.201931916461858485, 0.9100000000000000311 ) ) ;
#1607 = CARTESIAN_POINT ( 'NONE',  ( 1.195873744938231731, 1.278432334864485931, 0.9000000000000000222 ) ) ;
#1608 = CARTESIAN_POINT ( 'NONE',  ( 0.7476080254281427528, 1.249859090987030186, 0.9000000000000000222 ) ) ;
#1609 = PLANE ( 'NONE',  #8883 ) ;
#1610 = EDGE_CURVE ( 'NONE', #6807, #101, #9242, .T. ) ;
#1611 = CARTESIAN_POINT ( 'NONE',  ( 1.179102878750615702, 1.282353954592944989, 0.9100000000000000311 ) ) ;
#1612 = DIRECTION ( 'NONE',  ( 0.000000000000000000, 1.000000000000000000, -0.000000000000000000 ) ) ;
#1613 = FACE_OUTER_BOUND ( 'NONE', #1142, .T. ) ;
#1614 = VERTEX_POINT ( 'NONE', #7107 ) ;
#1615 = ADVANCED_FACE ( 'NONE', ( #2 ), #5345, .T. ) ;
#1616 = ORIENTED_EDGE ( 'NONE', *, *, #3283, .T. ) ;
#1617 = B_SPLINE_CURVE_WITH_KNOTS ( 'NONE', 3,
 ( #5404, #9110, #1279, #7679 ),
 .UNSPECIFIED., .F., .F.,
 ( 4, 4 ),
 ( 15.00000000000000000, 16.00000000000000000 ),
 .UNSPECIFIED. ) ;
#1618 = PRESENTATION_LAYER_ASSIGNMENT (  '', '', ( #4955 ) ) ;
#1619 = AXIS2_PLACEMENT_3D ( 'NONE', #4832, #7014, #2682 ) ;
#1620 = EDGE_LOOP ( 'NONE', ( #2555, #6413, #7907, #4739 ) ) ;
#1621 = ORIENTED_EDGE ( 'NONE', *, *, #4777, .F. ) ;
#1622 = ORIENTED_EDGE ( 'NONE', *, *, #5108, .T. ) ;
#1623 = B_SPLINE_SURFACE_WITH_KNOTS ( 'NONE', 3, 1, ( 
 ( #2962, #235 ),
 ( #6009, #5117 ),
 ( #851, #8904 ),
 ( #2408, #5309 ) ),
 .UNSPECIFIED., .F., .F., .F.,
 ( 4, 4 ),
 ( 2, 2 ),
 ( 5.000000000000000000, 6.000000000000000000 ),
 ( 0.000000000000000000, 1.000000000000000000 ),
 .UNSPECIFIED. ) ;
#1624 = ORIENTED_EDGE ( 'NONE', *, *, #5588, .F. ) ;
#1625 = DIRECTION ( 'NONE',  ( -0.3559357243643225810, 0.9345104387438617488, -0.000000000000000000 ) ) ;
#1626 = DIRECTION ( 'NONE',  ( -0.000000000000000000, -0.000000000000000000, 1.000000000000000000 ) ) ;
#1627 = CARTESIAN_POINT ( 'NONE',  ( 1.079784888200421955, 1.331968386007539973, 0.9000000000000000222 ) ) ;
#1628 = VECTOR ( 'NONE', #5862, 1000.000000000000000 ) ;
#1629 = AXIS2_PLACEMENT_3D ( 'NONE', #2885, #4171, #7970 ) ;
#1630 = DIRECTION ( 'NONE',  ( 0.000000000000000000, 0.000000000000000000, -1.000000000000000000 ) ) ;
#1631 = ORIENTED_EDGE ( 'NONE', *, *, #2374, .T. ) ;
#1632 = EDGE_LOOP ( 'NONE', ( #5620, #953, #1399, #3014 ) ) ;
#1633 = DIRECTION ( 'NONE',  ( 0.000000000000000000, 0.000000000000000000, 1.000000000000000000 ) ) ;
#1634 = PRESENTATION_LAYER_ASSIGNMENT (  '', '', ( #8756 ) ) ;
#1635 = ORIENTED_EDGE ( 'NONE', *, *, #4438, .T. ) ;
#1636 = VECTOR ( 'NONE', #3525, 1000.000000000000000 ) ;
#1637 = CARTESIAN_POINT ( 'NONE',  ( 1.097060811474312780, 1.209922826576012023, 0.9000000000000000222 ) ) ;
#1638 = B_SPLINE_CURVE_WITH_KNOTS ( 'NONE', 3,
 ( #6586, #3387, #5709, #1911 ),
 .UNSPECIFIED., .F., .F.,
 ( 4, 4 ),
 ( 1.000000000000000000, 2.000000000000000000 ),
 .UNSPECIFIED. ) ;
#1639 = EDGE_CURVE ( 'NONE', #226, #964, #7869, .T. ) ;
#1640 = CARTESIAN_POINT ( 'NONE',  ( 0.8475940029981404722, 1.349431886003709113, 0.9100000000000000311 ) ) ;
#1641 = LINE ( 'NONE', #4468, #6764 ) ;
#1642 = ORIENTED_EDGE ( 'NONE', *, *, #1010, .T. ) ;
#1643 = DIRECTION ( 'NONE',  ( 0.000000000000000000, 1.000000000000000000, 0.000000000000000000 ) ) ;
#1644 = CARTESIAN_POINT ( 'NONE',  ( 1.040271598510909890, 1.234967716206176513, 0.9000000000000000222 ) ) ;
#1645 = VECTOR ( 'NONE', #1519, 1000.000000000000000 ) ;
#1646 = STYLED_ITEM ( 'NONE', ( #8796 ), #2936 ) ;
#1647 = CARTESIAN_POINT ( 'NONE',  ( 0.7215786042045757576, 1.249032741641795008, 0.9100000000000000311 ) ) ;
#1648 = EDGE_CURVE ( 'NONE', #6208, #3668, #8527, .T. ) ;
#1649 = SURFACE_STYLE_FILL_AREA ( #5206 ) ;
#1650 = CARTESIAN_POINT ( 'NONE',  ( 1.238996707332299385, 1.323293287820081598, 0.9100000000000000311 ) ) ;
#1651 = ORIENTED_EDGE ( 'NONE', *, *, #1245, .T. ) ;
#1652 = CARTESIAN_POINT ( 'NONE',  ( 1.294760951502789581, 1.183541021129224102, 0.9100000000000000311 ) ) ;
#1653 = VECTOR ( 'NONE', #6833, 1000.000000000000000 ) ;
#1654 = CARTESIAN_POINT ( 'NONE',  ( 1.099660370006514620, 1.274748389058698805, 0.9000000000000000222 ) ) ;
#1655 = CARTESIAN_POINT ( 'NONE',  ( 0.9087424439495014328, 1.208955712526911475, 0.9000000000000000222 ) ) ;
#1656 = PLANE ( 'NONE',  #9061 ) ;
#1657 = LINE ( 'NONE', #3819, #2398 ) ;
#1658 = ORIENTED_EDGE ( 'NONE', *, *, #2192, .F. ) ;
#1659 = DIRECTION ( 'NONE',  ( 1.000000000000000000, 0.000000000000000000, 0.000000000000000000 ) ) ;
#1660 = PLANE ( 'NONE',  #1486 ) ;
#1661 = AXIS2_PLACEMENT_3D ( 'NONE', #821, #8655, #3653 ) ;
#1662 = EDGE_CURVE ( 'NONE', #7513, #816, #1364, .T. ) ;
#1663 = CARTESIAN_POINT ( 'NONE',  ( 1.032770015318031698, 1.333840068150567770, 0.9100000000000000311 ) ) ;
#1664 = CARTESIAN_POINT ( 'NONE',  ( 1.100046590131256385, 1.281432968141398954, 0.9000000000000000222 ) ) ;
#1665 = VERTEX_POINT ( 'NONE', #1979 ) ;
#1666 = CARTESIAN_POINT ( 'NONE',  ( 1.073248855319393069, 1.282680756237013497, 0.9000000000000000222 ) ) ;
#1667 = B_SPLINE_CURVE_WITH_KNOTS ( 'NONE', 3,
 ( #3523, #4954, #7948, #6429 ),
 .UNSPECIFIED., .F., .F.,
 ( 4, 4 ),
 ( 2.000000000000000000, 3.000000000000000000 ),
 .UNSPECIFIED. ) ;
#1668 = CARTESIAN_POINT ( 'NONE',  ( 1.151651540650414196, 1.170231281444096716, 0.9000000000000000222 ) ) ;
#1669 = DIRECTION ( 'NONE',  ( 0.000000000000000000, 1.000000000000000000, 0.000000000000000000 ) ) ;
#1670 =( NAMED_UNIT ( * ) SI_UNIT ( $, .STERADIAN. ) SOLID_ANGLE_UNIT ( ) );
#1671 = CARTESIAN_POINT ( 'NONE',  ( 1.079368958835152492, 1.287553071657355330, 0.9000000000000000222 ) ) ;
#1672 = ORIENTED_EDGE ( 'NONE', *, *, #8521, .F. ) ;
#1673 = VERTEX_POINT ( 'NONE', #4157 ) ;
#1674 = ORIENTED_EDGE ( 'NONE', *, *, #2475, .T. ) ;
#1675 = VECTOR ( 'NONE', #2630, 1000.000000000000000 ) ;
#1676 = ORIENTED_EDGE ( 'NONE', *, *, #3079, .F. ) ;
#1677 = EDGE_CURVE ( 'NONE', #6993, #2686, #3401, .T. ) ;
#1678 = EDGE_LOOP ( 'NONE', ( #520, #7065, #3990, #5031 ) ) ;
#1679 = PLANE ( 'NONE',  #1751 ) ;
#1680 = EDGE_LOOP ( 'NONE', ( #7189, #7465, #989, #6747 ) ) ;
#1681 = VECTOR ( 'NONE', #4297, 1000.000000000000000 ) ;
#1682 = LINE ( 'NONE', #303, #6821 ) ;
#1683 = VECTOR ( 'NONE', #2175, 1000.000000000000000 ) ;
#1684 = CARTESIAN_POINT ( 'NONE',  ( 1.125433136025661085, 1.219578329695286456, 0.9100000000000000311 ) ) ;
#1685 = LINE ( 'NONE', #3077, #4539 ) ;
#1686 = EDGE_LOOP ( 'NONE', ( #95, #1605, #4456, #3144 ) ) ;
#1687 = PRESENTATION_STYLE_ASSIGNMENT (( #5148 ) ) ;
#1688 = ADVANCED_FACE ( 'NONE', ( #9186 ), #556, .F. ) ;
#1689 = STYLED_ITEM ( 'NONE', ( #5101 ), #7745 ) ;
#1690 = ORIENTED_EDGE ( 'NONE', *, *, #645, .F. ) ;
#1691 = EDGE_CURVE ( 'NONE', #4081, #7425, #3809, .T. ) ;
#1692 = CARTESIAN_POINT ( 'NONE',  ( 0.8525519808632221475, 1.174663018502851486, 0.9000000000000000222 ) ) ;
#1693 = CARTESIAN_POINT ( 'NONE',  ( 0.7500000000000000000, 1.450000000000000400, -0.02000000000000000042 ) ) ;
#1694 = ORIENTED_EDGE ( 'NONE', *, *, #4294, .T. ) ;
#1695 = DIRECTION ( 'NONE',  ( -0.000000000000000000, -0.000000000000000000, -1.000000000000000000 ) ) ;
#1696 = CARTESIAN_POINT ( 'NONE',  ( 1.139797553743641112, 1.201693366993959788, 0.9100000000000000311 ) ) ;
#1697 = ORIENTED_EDGE ( 'NONE', *, *, #2204, .T. ) ;
#1698 = EDGE_CURVE ( 'NONE', #8435, #7631, #5997, .T. ) ;
#1699 = DIRECTION ( 'NONE',  ( 0.000000000000000000, -1.000000000000000000, 0.000000000000000000 ) ) ;
#1700 = CARTESIAN_POINT ( 'NONE',  ( 1.324544464971793012, 1.199435464725793210, 0.9000000000000000222 ) ) ;
#1701 = DIRECTION ( 'NONE',  ( 0.9369753459545586693, 0.3493954794689467791, -0.000000000000000000 ) ) ;
#1702 = CARTESIAN_POINT ( 'NONE',  ( 1.283248620860648836, 1.213339389217999775, 0.9000000000000000222 ) ) ;
#1703 = CARTESIAN_POINT ( 'NONE',  ( 1.200523241056063783, 1.292425387077691390, 0.9000000000000000222 ) ) ;
#1704 = CARTESIAN_POINT ( 'NONE',  ( 0.7409973803943973314, 1.296133570761587306, 0.9100000000000000311 ) ) ;
#1705 = VERTEX_POINT ( 'NONE', #886 ) ;
#1706 = LINE ( 'NONE', #6723, #4374 ) ;
#1707 = CARTESIAN_POINT ( 'NONE',  ( 1.201711610670615382, 1.283869125851567761, 0.9100000000000000311 ) ) ;
#1708 = ORIENTED_EDGE ( 'NONE', *, *, #246, .F. ) ;
#1709 = FILL_AREA_STYLE ('',( #7681 ) ) ;
#1710 = DIRECTION ( 'NONE',  ( -0.3658589216693960422, 0.9306703226357370129, 0.000000000000000000 ) ) ;
#1711 = EDGE_CURVE ( 'NONE', #6602, #9250, #4421, .T. ) ;
#1712 = CARTESIAN_POINT ( 'NONE',  ( 1.157459697142466659, 1.172162382068190123, 0.9000000000000000222 ) ) ;
#1713 = EDGE_CURVE ( 'NONE', #9086, #4700, #651, .T. ) ;
#1714 = CARTESIAN_POINT ( 'NONE',  ( 0.7719847597815928664, 1.184165815321398973, 0.9100000000000000311 ) ) ;
#1715 = SURFACE_STYLE_FILL_AREA ( #5225 ) ;
#1716 = CARTESIAN_POINT ( 'NONE',  ( 1.147521956239419438, 1.171063140174639639, 0.9000000000000000222 ) ) ;
#1717 = ORIENTED_EDGE ( 'NONE', *, *, #4777, .T. ) ;
#1718 = ORIENTED_EDGE ( 'NONE', *, *, #5572, .T. ) ;
#1719 = ORIENTED_EDGE ( 'NONE', *, *, #2889, .T. ) ;
#1720 = CARTESIAN_POINT ( 'NONE',  ( 1.179444535014458895, 1.327155489067869620, 0.9000000000000000222 ) ) ;
#1721 = CARTESIAN_POINT ( 'NONE',  ( 1.078373699282968223, 1.195246461833929130, 0.9100000000000000311 ) ) ;
#1722 = ORIENTED_EDGE ( 'NONE', *, *, #1677, .T. ) ;
#1723 = VERTEX_POINT ( 'NONE', #1496 ) ;
#1724 = PLANE ( 'NONE',  #6940 ) ;
#1725 = EDGE_CURVE ( 'NONE', #8568, #7976, #6613, .T. ) ;
#1726 = EDGE_LOOP ( 'NONE', ( #1717, #3383, #5233, #6106 ) ) ;
#1727 = ORIENTED_EDGE ( 'NONE', *, *, #2451, .T. ) ;
#1728 = CARTESIAN_POINT ( 'NONE',  ( 1.125269735203826116, 1.201782494714958016, 0.9100000000000000311 ) ) ;
#1729 = CARTESIAN_POINT ( 'NONE',  ( 1.131894895805856560, 1.188502464270565273, 0.9000000000000000222 ) ) ;
#1730 = LINE ( 'NONE', #1693, #8751 ) ;
#1731 =( LENGTH_UNIT ( ) NAMED_UNIT ( * ) SI_UNIT ( .MILLI., .METRE. ) );
#1732 = CARTESIAN_POINT ( 'NONE',  ( 1.123338634579733597, 1.210635848344820964, 0.9100000000000000311 ) ) ;
#1733 = VECTOR ( 'NONE', #6840, 1000.000000000000000 ) ;
#1734 = ORIENTED_EDGE ( 'NONE', *, *, #8755, .T. ) ;
#1735 = CARTESIAN_POINT ( 'NONE',  ( 0.9219637340171907836, 1.327947293583841670, 0.9000000000000000222 ) ) ;
#1736 = CARTESIAN_POINT ( 'NONE',  ( 1.123338634579733597, 1.210635848344820964, 0.9000000000000000222 ) ) ;
#1737 = CARTESIAN_POINT ( 'NONE',  ( 1.093941341235667108, 1.191919026912945156, 0.9100000000000000311 ) ) ;
#1738 = CARTESIAN_POINT ( 'NONE',  ( 1.202588033261658085, 1.312568252047187523, 0.9100000000000000311 ) ) ;
#1739 = CARTESIAN_POINT ( 'NONE',  ( 1.114247607027199383, 1.213844446304467306, 0.9100000000000000311 ) ) ;
#1740 = CARTESIAN_POINT ( 'NONE',  ( 1.040271598510909890, 1.282353954592944989, 0.9100000000000000311 ) ) ;
#1741 = ORIENTED_EDGE ( 'NONE', *, *, #8581, .T. ) ;
#1742 = CARTESIAN_POINT ( 'NONE',  ( 1.202588033261658085, 1.305319197397347697, 0.9000000000000000222 ) ) ;
#1743 = CARTESIAN_POINT ( 'NONE',  ( 1.121897736421943126, 1.188502464270565273, 0.9000000000000000222 ) ) ;
#1744 = APPLICATION_PROTOCOL_DEFINITION ( 'draft international standard', 'automotive_design', 1998, #2064 ) ;
#1745 = ORIENTED_EDGE ( 'NONE', *, *, #6886, .T. ) ;
#1746 = CARTESIAN_POINT ( 'NONE',  ( 1.040271598510909890, 1.282353954592944989, 0.9100000000000000311 ) ) ;
#1747 = ORIENTED_EDGE ( 'NONE', *, *, #231, .T. ) ;
#1748 = CARTESIAN_POINT ( 'NONE',  ( 1.097060811474313002, 1.216696533379710621, 0.9000000000000000222 ) ) ;
#1749 = CARTESIAN_POINT ( 'NONE',  ( 1.302723027921833587, 1.206001206847159946, 0.9000000000000000222 ) ) ;
#1750 = CARTESIAN_POINT ( 'NONE',  ( 1.032770015318033252, 1.183541021129224102, 0.9000000000000000222 ) ) ;
#1751 = AXIS2_PLACEMENT_3D ( 'NONE', #4559, #8259, #1812 ) ;
#1752 = CARTESIAN_POINT ( 'NONE',  ( 1.179102878750615702, 1.282353954592944989, 0.9000000000000000222 ) ) ;
#1753 = PLANE ( 'NONE',  #8466 ) ;
#1754 = DIRECTION ( 'NONE',  ( -1.000000000000000000, 0.000000000000000000, 0.000000000000000000 ) ) ;
#1755 = ORIENTED_EDGE ( 'NONE', *, *, #85, .F. ) ;
#1756 = B_SPLINE_CURVE_WITH_KNOTS ( 'NONE', 3,
 ( #7261, #1469, #9262, #4938 ),
 .UNSPECIFIED., .F., .F.,
 ( 4, 4 ),
 ( 5.000000000000000000, 6.000000000000000000 ),
 .UNSPECIFIED. ) ;
#1757 = ORIENTED_EDGE ( 'NONE', *, *, #1234, .F. ) ;
#1758 = ADVANCED_FACE ( 'NONE', ( #46 ), #2305, .F. ) ;
#1759 = EDGE_CURVE ( 'NONE', #6623, #6837, #3667, .T. ) ;
#1760 = VERTEX_POINT ( 'NONE', #8054 ) ;
#1761 = ORIENTED_EDGE ( 'NONE', *, *, #2777, .T. ) ;
#1762 = VERTEX_POINT ( 'NONE', #5151 ) ;
#1763 = DIRECTION ( 'NONE',  ( 0.000000000000000000, 0.000000000000000000, 1.000000000000000000 ) ) ;
#1764 = CARTESIAN_POINT ( 'NONE',  ( 1.128433769302971346, 1.308557504597331445, 0.9000000000000000222 ) ) ;
#1765 = CARTESIAN_POINT ( 'NONE',  ( 1.135044075284837639, 1.205347603559014713, 0.9100000000000000311 ) ) ;
#1766 = ORIENTED_EDGE ( 'NONE', *, *, #2166, .T. ) ;
#1767 = CARTESIAN_POINT ( 'NONE',  ( 1.251920226892687893, 1.183541021129224102, 0.9100000000000000311 ) ) ;
#1768 = ORIENTED_EDGE ( 'NONE', *, *, #4264, .T. ) ;
#1769 = VERTEX_POINT ( 'NONE', #8097 ) ;
#1770 = ORIENTED_EDGE ( 'NONE', *, *, #2309, .F. ) ;
#1771 = ORIENTED_EDGE ( 'NONE', *, *, #5888, .F. ) ;
#1772 = PRESENTATION_LAYER_ASSIGNMENT (  '', '', ( #8750 ) ) ;
#1773 = VECTOR ( 'NONE', #7313, 1000.000000000000000 ) ;
#1774 = DIRECTION ( 'NONE',  ( 0.9369753459439810195, 0.3493954794973129774, -0.000000000000000000 ) ) ;
#1775 = FACE_OUTER_BOUND ( 'NONE', #8062, .T. ) ;
#1776 = FACE_OUTER_BOUND ( 'NONE', #2855, .T. ) ;
#1777 = B_SPLINE_SURFACE_WITH_KNOTS ( 'NONE', 3, 1, ( 
 ( #4325, #8569 ),
 ( #2677, #3572 ),
 ( #1358, #3528 ),
 ( #1970, #6434 ) ),
 .UNSPECIFIED., .F., .F., .F.,
 ( 4, 4 ),
 ( 2, 2 ),
 ( 2.000000000000000000, 3.000000000000000000 ),
 ( 0.000000000000000000, 1.000000000000000000 ),
 .UNSPECIFIED. ) ;
#1778 = CARTESIAN_POINT ( 'NONE',  ( 1.324544464971793012, 1.199435464725793210, 0.9100000000000000311 ) ) ;
#1779 = COLOUR_RGB ( '',0.8274509803921568096, 0.6666666666666666297, 0.1294117647058823373 ) ;
#1780 = B_SPLINE_CURVE_WITH_KNOTS ( 'NONE', 3,
 ( #6288, #5130, #9180, #2675 ),
 .UNSPECIFIED., .F., .F.,
 ( 4, 4 ),
 ( 18.00000000000000000, 19.00000000000000000 ),
 .UNSPECIFIED. ) ;
#1781 = ORIENTED_EDGE ( 'NONE', *, *, #8156, .F. ) ;
#1782 = VECTOR ( 'NONE', #4480, 1000.000000000000000 ) ;
#1783 = EDGE_CURVE ( 'NONE', #8607, #4659, #8845, .T. ) ;
#1784 = EDGE_CURVE ( 'NONE', #8936, #250, #4380, .T. ) ;
#1785 = CARTESIAN_POINT ( 'NONE',  ( 1.075046264361588344, 1.215062525159354978, 0.9100000000000000311 ) ) ;
#1786 = VECTOR ( 'NONE', #5881, 1000.000000000000000 ) ;
#1787 = DIRECTION ( 'NONE',  ( -1.000000000000000000, 0.000000000000000000, 0.000000000000000000 ) ) ;
#1788 = STYLED_ITEM ( 'NONE', ( #7940 ), #3135 ) ;
#1789 = AXIS2_PLACEMENT_3D ( 'NONE', #7827, #8636, #6502 ) ;
#1790 = CARTESIAN_POINT ( 'NONE',  ( 1.115807342146520220, 1.220469606906500415, 0.9000000000000000222 ) ) ;
#1791 = CARTESIAN_POINT ( 'NONE',  ( 0.9103951111183632428, 1.232092981966071532, 0.9100000000000000311 ) ) ;
#1792 = VERTEX_POINT ( 'NONE', #8718 ) ;
#1793 = PLANE ( 'NONE',  #8603 ) ;
#1794 = LINE ( 'NONE', #3361, #9207 ) ;
#1795 = PRESENTATION_LAYER_ASSIGNMENT (  '', '', ( #2994 ) ) ;
#1796 = VECTOR ( 'NONE', #7074, 1000.000000000000000 ) ;
#1797 = PRODUCT_CONTEXT ( 'NONE', #2064, 'mechanical' ) ;
#1798 = EDGE_CURVE ( 'NONE', #2810, #490, #5944, .T. ) ;
#1799 = CARTESIAN_POINT ( 'NONE',  ( 0.8108222924599810533, 1.180860465222669520, 0.9000000000000000222 ) ) ;
#1800 = ORIENTED_EDGE ( 'NONE', *, *, #2898, .T. ) ;
#1801 = FACE_BOUND ( 'NONE', #1965, .T. ) ;
#1802 = CARTESIAN_POINT ( 'NONE',  ( 1.130409433787367801, 1.225995525614980153, 0.9000000000000000222 ) ) ;
#1803 = CARTESIAN_POINT ( 'NONE',  ( 1.139797553743641112, 1.201693366993959788, 0.9100000000000000311 ) ) ;
#1804 = CARTESIAN_POINT ( 'NONE',  ( 1.125462845266195666, 1.182560616197007253, 0.9000000000000000222 ) ) ;
#1805 = CARTESIAN_POINT ( 'NONE',  ( -1.500000000000000000, -1.500000000000000222, 0.000000000000000000 ) ) ;
#1806 = VECTOR ( 'NONE', #5155, 1000.000000000000000 ) ;
#1807 = CARTESIAN_POINT ( 'NONE',  ( 1.074556061895679759, 1.185828632637324187, 0.9000000000000000222 ) ) ;
#1808 = ORIENTED_EDGE ( 'NONE', *, *, #6578, .F. ) ;
#1809 = ORIENTED_EDGE ( 'NONE', *, *, #7877, .F. ) ;
#1810 = ORIENTED_EDGE ( 'NONE', *, *, #7943, .F. ) ;
#1811 = ORIENTED_EDGE ( 'NONE', *, *, #7911, .T. ) ;
#1812 = DIRECTION ( 'NONE',  ( -0.000000000000000000, 0.000000000000000000, 1.000000000000000000 ) ) ;
#1813 = LINE ( 'NONE', #9077, #6949 ) ;
#1814 = B_SPLINE_CURVE_WITH_KNOTS ( 'NONE', 3,
 ( #8504, #5702, #1998, #4902 ),
 .UNSPECIFIED., .F., .F.,
 ( 4, 4 ),
 ( 6.000000000000000000, 7.000000000000000000 ),
 .UNSPECIFIED. ) ;
#1815 = ADVANCED_FACE ( 'NONE', ( #3626 ), #2344, .F. ) ;
#1816 = AXIS2_PLACEMENT_3D ( 'NONE', #6827, #479, #6267 ) ;
#1817 = ORIENTED_EDGE ( 'NONE', *, *, #8445, .T. ) ;
#1818 =( NAMED_UNIT ( * ) PLANE_ANGLE_UNIT ( ) SI_UNIT ( $, .RADIAN. ) );
#1819 = EDGE_LOOP ( 'NONE', ( #2436, #4743, #6129, #6899 ) ) ;
#1820 = ORIENTED_EDGE ( 'NONE', *, *, #5703, .T. ) ;
#1821 = ORIENTED_EDGE ( 'NONE', *, *, #2363, .F. ) ;
#1822 = VERTEX_POINT ( 'NONE', #8134 ) ;
#1823 = CARTESIAN_POINT ( 'NONE',  ( 0.7781822498441738345, 1.227548170893502322, 0.9000000000000000222 ) ) ;
#1824 = DIRECTION ( 'NONE',  ( 0.000000000000000000, 0.000000000000000000, -1.000000000000000000 ) ) ;
#1825 = EDGE_CURVE ( 'NONE', #1760, #1554, #1431, .T. ) ;
#1826 = CARTESIAN_POINT ( 'NONE',  ( 0.8194987635744022114, 1.213087364687867931, 0.9100000000000000311 ) ) ;
#1827 = VECTOR ( 'NONE', #405, 1000.000000000000000 ) ;
#1828 = CARTESIAN_POINT ( 'NONE',  ( 1.089336408978731408, 1.225995525614980153, 0.9000000000000000222 ) ) ;
#1829 = EDGE_CURVE ( 'NONE', #4399, #8311, #1641, .T. ) ;
#1830 = EDGE_LOOP ( 'NONE', ( #3542, #4448, #8363, #6960 ) ) ;
#1831 = DIRECTION ( 'NONE',  ( 0.000000000000000000, -0.000000000000000000, -1.000000000000000000 ) ) ;
#1832 =( GEOMETRIC_REPRESENTATION_CONTEXT ( 3 ) GLOBAL_UNCERTAINTY_ASSIGNED_CONTEXT ( ( #8475 ) ) GLOBAL_UNIT_ASSIGNED_CONTEXT ( ( #8065, #8815, #848 ) ) REPRESENTATION_CONTEXT ( 'NONE', 'WORKASPACE' ) );
#1833 = VERTEX_POINT ( 'NONE', #2301 ) ;
#1834 = UNCERTAINTY_MEASURE_WITH_UNIT (LENGTH_MEASURE( 1.000000000000000082E-05 ), #4180, 'distance_accuracy_value', 'NONE');
#1835 = MECHANICAL_DESIGN_GEOMETRIC_PRESENTATION_REPRESENTATION (  '', ( #5630 ), #9267 ) ;
#1836 = CARTESIAN_POINT ( 'NONE',  ( 0.2500000000000000000, -0.4500000000000002887, -0.02000000000000000042 ) ) ;
#1837 = EDGE_CURVE ( 'NONE', #450, #6444, #7330, .T. ) ;
#1838 = CARTESIAN_POINT ( 'NONE',  ( 1.128433769302971346, 1.308557504597331445, 0.9100000000000000311 ) ) ;
#1839 = LINE ( 'NONE', #3240, #8449 ) ;
#1840 = FACE_OUTER_BOUND ( 'NONE', #1830, .T. ) ;
#1841 = CARTESIAN_POINT ( 'NONE',  ( 1.070990953051428107, 1.194652277026851506, 0.9100000000000000311 ) ) ;
#1842 = ORIENTED_EDGE ( 'NONE', *, *, #4816, .T. ) ;
#1843 = LINE ( 'NONE', #563, #4974 ) ;
#1844 = ORIENTED_EDGE ( 'NONE', *, *, #7618, .T. ) ;
#1845 = EDGE_CURVE ( 'NONE', #9146, #5835, #7370, .T. ) ;
#1846 = LINE ( 'NONE', #8244, #5026 ) ;
#1847 = CARTESIAN_POINT ( 'NONE',  ( 0.7947088506078845427, 1.196973914955268059, 0.9000000000000000222 ) ) ;
#1848 = VERTEX_POINT ( 'NONE', #8942 ) ;
#1849 =( NAMED_UNIT ( * ) SI_UNIT ( $, .STERADIAN. ) SOLID_ANGLE_UNIT ( ) );
#1850 = CARTESIAN_POINT ( 'NONE',  ( 0.9734028026345205031, 1.274752273980148676, 0.9100000000000000311 ) ) ;
#1851 = CARTESIAN_POINT ( 'NONE',  ( 1.130409433787367801, 1.207070739500372580, 0.9000000000000000222 ) ) ;
#1852 = CARTESIAN_POINT ( 'NONE',  ( 1.195873744938231731, 1.331285073479063330, 0.9000000000000000222 ) ) ;
#1853 = DIRECTION ( 'NONE',  ( -0.000000000000000000, -0.000000000000000000, -1.000000000000000000 ) ) ;
#1854 = CARTESIAN_POINT ( 'NONE',  ( 1.235936655574717769, 1.241652295288878660, 0.9000000000000000222 ) ) ;
#1855 = DIRECTION ( 'NONE',  ( 1.000000000000000000, 8.064921454839610065E-14, -0.000000000000000000 ) ) ;
#1856 = ORIENTED_EDGE ( 'NONE', *, *, #307, .T. ) ;
#1857 = VERTEX_POINT ( 'NONE', #8891 ) ;
#1858 = ORIENTED_EDGE ( 'NONE', *, *, #2621, .T. ) ;
#1859 = ORIENTED_EDGE ( 'NONE', *, *, #1066, .F. ) ;
#1860 = ORIENTED_EDGE ( 'NONE', *, *, #9012, .T. ) ;
#1861 = B_SPLINE_SURFACE_WITH_KNOTS ( 'NONE', 3, 1, ( 
 ( #8720, #5245 ),
 ( #5300, #137 ),
 ( #5912, #8056 ),
 ( #799, #1458 ) ),
 .UNSPECIFIED., .F., .F., .F.,
 ( 4, 4 ),
 ( 2, 2 ),
 ( 24.00000000000000000, 25.00000000000000000 ),
 ( 0.000000000000000000, 1.000000000000000000 ),
 .UNSPECIFIED. ) ;
#1862 = CARTESIAN_POINT ( 'NONE',  ( 1.223637030062156406, 1.234967716206178068, 0.9100000000000000311 ) ) ;
#1863 = CARTESIAN_POINT ( 'NONE',  ( 1.265987552206726985, 1.275728793990915433, 0.9100000000000000311 ) ) ;
#1864 = CARTESIAN_POINT ( 'NONE',  ( -1.250000000000000000, 1.450000000000000400, -0.02000000000000000042 ) ) ;
#1865 = CARTESIAN_POINT ( 'NONE',  ( 1.250000000000000000, -1.450000000000000400, 0.000000000000000000 ) ) ;
#1866 = VERTEX_POINT ( 'NONE', #7610 ) ;
#1867 = EDGE_CURVE ( 'NONE', #1299, #509, #1162, .T. ) ;
#1868 = ORIENTED_EDGE ( 'NONE', *, *, #6055, .T. ) ;
#1869 = ORIENTED_EDGE ( 'NONE', *, *, #6926, .F. ) ;
#1870 = ORIENTED_EDGE ( 'NONE', *, *, #283, .T. ) ;
#1871 = ORIENTED_EDGE ( 'NONE', *, *, #927, .T. ) ;
#1872 = DIRECTION ( 'NONE',  ( 0.000000000000000000, -0.000000000000000000, 1.000000000000000000 ) ) ;
#1873 = LINE ( 'NONE', #457, #6843 ) ;
#1874 = CARTESIAN_POINT ( 'NONE',  ( 1.097060811474313002, 1.189958217048518119, 0.9100000000000000311 ) ) ;
#1875 = LINE ( 'NONE', #4153, #2875 ) ;
#1876 = CARTESIAN_POINT ( 'NONE',  ( 1.134761837501267800, 1.194117510700045459, 0.9100000000000000311 ) ) ;
#1877 = B_SPLINE_CURVE_WITH_KNOTS ( 'NONE', 3,
 ( #8576, #4973, #5729, #6393 ),
 .UNSPECIFIED., .F., .F.,
 ( 4, 4 ),
 ( 0.000000000000000000, 1.000000000000000000 ),
 .UNSPECIFIED. ) ;
#1878 = VERTEX_POINT ( 'NONE', #1114 ) ;
#1879 = EDGE_CURVE ( 'NONE', #226, #5924, #5297, .T. ) ;
#1880 = EDGE_CURVE ( 'NONE', #6276, #4390, #3947, .T. ) ;
#1881 = CARTESIAN_POINT ( 'NONE',  ( 0.9595617623785821504, 1.240769437319490187, 0.9100000000000000311 ) ) ;
#1882 = CARTESIAN_POINT ( 'NONE',  ( 1.074184696390907634, 1.326264211856659214, 0.9100000000000000311 ) ) ;
#1883 = CARTESIAN_POINT ( 'NONE',  ( 1.207549476403000588, 1.289305916839047050, 0.9000000000000000222 ) ) ;
#1884 = LINE ( 'NONE', #7015, #9329 ) ;
#1885 = CARTESIAN_POINT ( 'NONE',  ( 1.130409433787367801, 1.225995525614980153, 0.9000000000000000222 ) ) ;
#1886 = CARTESIAN_POINT ( 'NONE',  ( 1.223637030062156406, 1.241652295288878660, 0.9000000000000000222 ) ) ;
#1887 = ORIENTED_EDGE ( 'NONE', *, *, #5989, .F. ) ;
#1888 = LINE ( 'NONE', #4123, #2384 ) ;
#1889 = CARTESIAN_POINT ( 'NONE',  ( 1.179741627418590788, 1.333840068150567770, 0.9100000000000000311 ) ) ;
#1890 = ORIENTED_EDGE ( 'NONE', *, *, #5272, .F. ) ;
#1891 = ORIENTED_EDGE ( 'NONE', *, *, #2443, .F. ) ;
#1892 = CARTESIAN_POINT ( 'NONE',  ( 0.8021458213457586250, 1.213087364687867931, 0.9100000000000000311 ) ) ;
#1893 = ORIENTED_EDGE ( 'NONE', *, *, #5659, .T. ) ;
#1894 =( NAMED_UNIT ( * ) PLANE_ANGLE_UNIT ( ) SI_UNIT ( $, .RADIAN. ) );
#1895 = CARTESIAN_POINT ( 'NONE',  ( 1.120932186110094486, 1.333840068150567770, 0.9100000000000000311 ) ) ;
#1896 = LINE ( 'NONE', #4934, #1952 ) ;
#1897 = CARTESIAN_POINT ( 'NONE',  ( 1.109301018506022807, 1.278135242460746834, 0.9000000000000000222 ) ) ;
#1898 = CARTESIAN_POINT ( 'NONE',  ( 0.9207242415209481168, 1.301917886151154224, 0.9100000000000000311 ) ) ;
#1899 = EDGE_LOOP ( 'NONE', ( #3274, #5383, #5091, #6847 ) ) ;
#1900 = FACE_OUTER_BOUND ( 'NONE', #1198, .T. ) ;
#1901 = ORIENTED_EDGE ( 'NONE', *, *, #619, .F. ) ;
#1902 = ORIENTED_EDGE ( 'NONE', *, *, #2924, .F. ) ;
#1903 = ORIENTED_EDGE ( 'NONE', *, *, #5533, .F. ) ;
#1904 = EDGE_CURVE ( 'NONE', #5500, #2888, #7891, .T. ) ;
#1905 = DIRECTION ( 'NONE',  ( -0.3416038306902630661, 0.9398440417738136432, 0.000000000000000000 ) ) ;
#1906 = CARTESIAN_POINT ( 'NONE',  ( 1.201206553584555525, 1.209714861893276483, 0.9000000000000000222 ) ) ;
#1907 = EDGE_CURVE ( 'NONE', #5443, #1257, #3281, .T. ) ;
#1908 = CARTESIAN_POINT ( 'NONE',  ( 1.196215401202468831, 1.321688988840056922, 0.9100000000000000311 ) ) ;
#1909 = PLANE ( 'NONE',  #8630 ) ;
#1910 = ORIENTED_EDGE ( 'NONE', *, *, #5087, .F. ) ;
#1911 = CARTESIAN_POINT ( 'NONE',  ( 1.167026072540940485, 1.177272371411596463, 0.9000000000000000222 ) ) ;
#1912 = ORIENTED_EDGE ( 'NONE', *, *, #3043, .F. ) ;
#1913 = ORIENTED_EDGE ( 'NONE', *, *, #5075, .F. ) ;
#1914 = ORIENTED_EDGE ( 'NONE', *, *, #2235, .T. ) ;
#1915 = ORIENTED_EDGE ( 'NONE', *, *, #2797, .T. ) ;
#1916 = FACE_OUTER_BOUND ( 'NONE', #7317, .T. ) ;
#1917 = CARTESIAN_POINT ( 'NONE',  ( 1.243438238767396786, 1.234967716206178068, 0.9100000000000000311 ) ) ;
#1918 = CARTESIAN_POINT ( 'NONE',  ( 1.210475836579079312, 1.314142841786481553, 0.9100000000000000311 ) ) ;
#1919 = CARTESIAN_POINT ( 'NONE',  ( 1.061053212148381109, 1.216369731735640114, 0.9100000000000000311 ) ) ;
#1920 = EDGE_CURVE ( 'NONE', #5503, #167, #6977, .T. ) ;
#1921 = CARTESIAN_POINT ( 'NONE',  ( 1.124408167233147404, 1.209685152652943518, 0.9000000000000000222 ) ) ;
#1922 = VECTOR ( 'NONE', #8812, 1000.000000000000000 ) ;
#1923 = VECTOR ( 'NONE', #5908, 1000.000000000000000 ) ;
#1924 = DIRECTION ( 'NONE',  ( 0.000000000000000000, 0.000000000000000000, 1.000000000000000000 ) ) ;
#1925 = ORIENTED_EDGE ( 'NONE', *, *, #5659, .F. ) ;
#1926 = SURFACE_STYLE_FILL_AREA ( #4117 ) ;
#1927 = FACE_OUTER_BOUND ( 'NONE', #5328, .T. ) ;
#1928 = CARTESIAN_POINT ( 'NONE',  ( 1.201711610670615382, 1.326145374895321360, 0.9100000000000000311 ) ) ;
#1929 = EDGE_CURVE ( 'NONE', #8947, #3477, #8229, .T. ) ;
#1930 = CARTESIAN_POINT ( 'NONE',  ( 1.312081438637376696, 1.232472140014946760, 0.9100000000000000311 ) ) ;
#1931 = VECTOR ( 'NONE', #8522, 1000.000000000000000 ) ;
#1932 = VECTOR ( 'NONE', #6692, 1000.000000000000000 ) ;
#1933 = ORIENTED_EDGE ( 'NONE', *, *, #1255, .T. ) ;
#1934 = FACE_OUTER_BOUND ( 'NONE', #6170, .T. ) ;
#1935 = CARTESIAN_POINT ( 'NONE',  ( 0.9087424439495014328, 1.208955712526911475, 0.9000000000000000222 ) ) ;
#1936 = EDGE_LOOP ( 'NONE', ( #6085, #5445, #5079, #6793 ) ) ;
#1937 = VECTOR ( 'NONE', #8962, 1000.000000000000000 ) ;
#1938 = VERTEX_POINT ( 'NONE', #1874 ) ;
#1939 = LINE ( 'NONE', #9006, #7708 ) ;
#1940 = CARTESIAN_POINT ( 'NONE',  ( 0.7500000000000000000, 1.450000000000000400, 0.000000000000000000 ) ) ;
#1941 = AXIS2_PLACEMENT_3D ( 'NONE', #8508, #5519, #4143 ) ;
#1942 = AXIS2_PLACEMENT_3D ( 'NONE', #8290, #7738, #4846 ) ;
#1943 = PLANE ( 'NONE',  #4888 ) ;
#1944 = CARTESIAN_POINT ( 'NONE',  ( 1.170665454486224943, 1.282353954592944989, 0.9000000000000000222 ) ) ;
#1945 = FACE_OUTER_BOUND ( 'NONE', #8152, .T. ) ;
#1946 = CARTESIAN_POINT ( 'NONE',  ( 1.240675279413155918, 1.322342592128198602, 0.9000000000000000222 ) ) ;
#1947 = CARTESIAN_POINT ( 'NONE',  ( 1.312081438637376696, 1.232472140014946760, 0.9000000000000000222 ) ) ;
#1948 = CARTESIAN_POINT ( 'NONE',  ( 0.8959343285546285118, 1.196147597132037221, 0.9100000000000000311 ) ) ;
#1949 = EDGE_CURVE ( 'NONE', #443, #6303, #6187, .T. ) ;
#1950 = STYLED_ITEM ( 'NONE', ( #1503 ), #5886 ) ;
#1951 = VECTOR ( 'NONE', #4897, 1000.000000000000000 ) ;
#1952 = VECTOR ( 'NONE', #4259, 1000.000000000000000 ) ;
#1953 = EDGE_LOOP ( 'NONE', ( #1856, #1156, #5938, #2942, #4557, #4336, #8221, #5053 ) ) ;
#1954 = VERTEX_POINT ( 'NONE', #6855 ) ;
#1955 = EDGE_LOOP ( 'NONE', ( #5373, #1809, #4939, #5006 ) ) ;
#1956 =( LENGTH_UNIT ( ) NAMED_UNIT ( * ) SI_UNIT ( .MILLI., .METRE. ) );
#1957 = FACE_OUTER_BOUND ( 'NONE', #344, .T. ) ;
#1958 = VECTOR ( 'NONE', #5861, 1000.000000000000000 ) ;
#1959 = CARTESIAN_POINT ( 'NONE',  ( 0.8108223003404817497, 1.284978134355933888, 0.9000000000000000222 ) ) ;
#1960 = CARTESIAN_POINT ( 'NONE',  ( 1.091876549030068588, 1.189661124644782575, 0.9100000000000000311 ) ) ;
#1961 = ORIENTED_EDGE ( 'NONE', *, *, #7555, .F. ) ;
#1962 = STYLED_ITEM ( 'NONE', ( #4173 ), #4565 ) ;
#1963 = ADVANCED_FACE ( 'NONE', ( #1775 ), #2614, .F. ) ;
#1964 = ORIENTED_EDGE ( 'NONE', *, *, #791, .T. ) ;
#1965 = EDGE_LOOP ( 'NONE', ( #9108, #4703 ) ) ;
#1966 = CARTESIAN_POINT ( 'NONE',  ( 1.122491921229417100, 1.217528392109856972, 0.9000000000000000222 ) ) ;
#1967 = DIRECTION ( 'NONE',  ( 0.000000000000000000, 1.000000000000000000, -0.000000000000000000 ) ) ;
#1968 = CARTESIAN_POINT ( 'NONE',  ( 0.7719847597815928664, 1.184165815321398973, 0.9000000000000000222 ) ) ;
#1969 = CARTESIAN_POINT ( 'NONE',  ( 1.250000000000000000, -1.450000000000000400, 0.000000000000000000 ) ) ;
#1970 = CARTESIAN_POINT ( 'NONE',  ( 1.134761837501267800, 1.194117510700045459, 0.9100000000000000311 ) ) ;
#1971 = EDGE_CURVE ( 'NONE', #439, #1038, #1730, .T. ) ;
#1972 = VECTOR ( 'NONE', #1239, 1000.000000000000000 ) ;
#1973 = ORIENTED_EDGE ( 'NONE', *, *, #9121, .T. ) ;
#1974 = B_SPLINE_CURVE_WITH_KNOTS ( 'NONE', 3,
 ( #8010, #9249, #4929, #7820 ),
 .UNSPECIFIED., .F., .F.,
 ( 4, 4 ),
 ( 5.000000000000000000, 6.000000000000000000 ),
 .UNSPECIFIED. ) ;
#1975 = VECTOR ( 'NONE', #8270, 1000.000000000000000 ) ;
#1976 = VERTEX_POINT ( 'NONE', #6802 ) ;
#1977 = CARTESIAN_POINT ( 'NONE',  ( 1.165897121407055481, 1.190433564894261886, 0.9100000000000000311 ) ) ;
#1978 = COLOUR_RGB ( '',0.8274509803921568096, 0.6666666666666666297, 0.1294117647058823373 ) ;
#1979 = CARTESIAN_POINT ( 'NONE',  ( 1.109301018506022807, 1.332443733853280632, 0.9100000000000000311 ) ) ;
#1980 = VECTOR ( 'NONE', #4986, 1000.000000000000000 ) ;
#1981 = FACE_OUTER_BOUND ( 'NONE', #824, .T. ) ;
#1982 = CARTESIAN_POINT ( 'NONE',  ( 1.196378802024704591, 1.288414639627836422, 0.9100000000000000311 ) ) ;
#1983 = ORIENTED_EDGE ( 'NONE', *, *, #5869, .F. ) ;
#1984 = CARTESIAN_POINT ( 'NONE',  ( 1.068272557557687463, 1.287969001022424509, 0.9100000000000000311 ) ) ;
#1985 = ADVANCED_FACE ( 'NONE', ( #2479 ), #5860, .T. ) ;
#1986 = CARTESIAN_POINT ( 'NONE',  ( 1.151651540650414196, 1.170231281444096716, 0.9000000000000000222 ) ) ;
#1987 = CARTESIAN_POINT ( 'NONE',  ( 1.074556061895679759, 1.185828632637324187, 0.9000000000000000222 ) ) ;
#1988 = ORIENTED_EDGE ( 'NONE', *, *, #1475, .F. ) ;
#1989 = CARTESIAN_POINT ( 'NONE',  ( 1.086038683297883223, 1.188532173510895351, 0.9100000000000000311 ) ) ;
#1990 = CARTESIAN_POINT ( 'NONE',  ( 1.104339575364488013, 1.210249628219685958, 0.9100000000000000311 ) ) ;
#1991 = FILL_AREA_STYLE_COLOUR ( '', #6224 ) ;
#1992 = DIRECTION ( 'NONE',  ( -1.000000000000000000, -0.000000000000000000, -0.000000000000000000 ) ) ;
#1993 = CARTESIAN_POINT ( 'NONE',  ( 1.250000000000000000, -0.4500000000000002887, -0.02000000000000000042 ) ) ;
#1994 = CARTESIAN_POINT ( 'NONE',  ( -0.7500000000000000000, 1.450000000000000400, -0.02000000000000000042 ) ) ;
#1995 = CARTESIAN_POINT ( 'NONE',  ( 1.134761837501267800, 1.194117510700045459, 0.9100000000000000311 ) ) ;
#1996 = EDGE_CURVE ( 'NONE', #782, #5833, #5387, .T. ) ;
#1997 = VERTEX_POINT ( 'NONE', #504 ) ;
#1998 = CARTESIAN_POINT ( 'NONE',  ( 1.114247607027197606, 1.217528392109856972, 0.9000000000000000222 ) ) ;
#1999 = EDGE_CURVE ( 'NONE', #3080, #5701, #9234, .T. ) ;
#2000 = SURFACE_STYLE_FILL_AREA ( #1201 ) ;
#2001 = FACE_OUTER_BOUND ( 'NONE', #8083, .T. ) ;
#2002 = VECTOR ( 'NONE', #2790, 1000.000000000000114 ) ;
#2003 = SURFACE_STYLE_USAGE ( .BOTH. , #6126 ) ;
#2004 = LINE ( 'NONE', #4039, #2714 ) ;
#2005 = ORIENTED_EDGE ( 'NONE', *, *, #660, .T. ) ;
#2006 = CARTESIAN_POINT ( 'NONE',  ( 1.040271598510909890, 1.216369731735640114, 0.9000000000000000222 ) ) ;
#2007 = ORIENTED_EDGE ( 'NONE', *, *, #1829, .F. ) ;
#2008 = ADVANCED_FACE ( 'NONE', ( #71 ), #4053, .F. ) ;
#2009 = ORIENTED_EDGE ( 'NONE', *, *, #5616, .F. ) ;
#2010 = ORIENTED_EDGE ( 'NONE', *, *, #6461, .T. ) ;
#2011 = PRODUCT_DEFINITION_CONTEXT ( 'detailed design', #750, 'design' ) ;
#2012 = FILL_AREA_STYLE_COLOUR ( '', #1978 ) ;
#2013 = LINE ( 'NONE', #696, #8967 ) ;
#2014 = CARTESIAN_POINT ( 'NONE',  ( 1.078225153081099341, 1.277392511451602930, 0.9000000000000000222 ) ) ;
#2015 = CARTESIAN_POINT ( 'NONE',  ( 0.8525519808632221475, 1.197387105388890260, 0.9000000000000000222 ) ) ;
#2016 = B_SPLINE_SURFACE_WITH_KNOTS ( 'NONE', 3, 1, ( 
 ( #5241, #7329 ),
 ( #6664, #5199 ),
 ( #8758, #1692 ),
 ( #2300, #3849 ) ),
 .UNSPECIFIED., .F., .F., .F.,
 ( 4, 4 ),
 ( 2, 2 ),
 ( 10.00000000000000000, 11.00000000000000000 ),
 ( 0.000000000000000000, 1.000000000000000000 ),
 .UNSPECIFIED. ) ;
#2017 = CARTESIAN_POINT ( 'NONE',  ( 0.7980141770651065780, 1.315139172278788404, 0.9000000000000000222 ) ) ;
#2018 = ORIENTED_EDGE ( 'NONE', *, *, #5154, .F. ) ;
#2019 = VERTEX_POINT ( 'NONE', #4191 ) ;
#2020 = DIRECTION ( 'NONE',  ( -1.000000000000000000, 0.000000000000000000, -0.000000000000000000 ) ) ;
#2021 = LINE ( 'NONE', #2066, #2078 ) ;
#2022 = DIRECTION ( 'NONE',  ( 0.000000000000000000, -0.000000000000000000, -1.000000000000000000 ) ) ;
#2023 = EDGE_CURVE ( 'NONE', #543, #8145, #1780, .T. ) ;
#2024 = CARTESIAN_POINT ( 'NONE',  ( 0.7889245470388724923, 1.291175612597763145, 0.9100000000000000311 ) ) ;
#2025 = ORIENTED_EDGE ( 'NONE', *, *, #103, .T. ) ;
#2026 = CARTESIAN_POINT ( 'NONE',  ( 0.9851780089295304466, 1.241182611992108331, 0.9000000000000000222 ) ) ;
#2027 = DIRECTION ( 'NONE',  ( 0.9209172030172457779, -0.3897582650655311287, 0.000000000000000000 ) ) ;
#2028 = ORIENTED_EDGE ( 'NONE', *, *, #2635, .F. ) ;
#2029 = VERTEX_POINT ( 'NONE', #549 ) ;
#2030 = SURFACE_SIDE_STYLE ('',( #7823 ) ) ;
#2031 = CARTESIAN_POINT ( 'NONE',  ( 1.118911957764999965, 1.222697799933933682, 0.9100000000000000311 ) ) ;
#2032 = EDGE_CURVE ( 'NONE', #1236, #5083, #5577, .T. ) ;
#2033 = FACE_OUTER_BOUND ( 'NONE', #7603, .T. ) ;
#2034 = DIRECTION ( 'NONE',  ( 0.000000000000000000, 0.000000000000000000, 1.000000000000000000 ) ) ;
#2035 = CARTESIAN_POINT ( 'NONE',  ( 1.142233711453809475, 1.194830532468855955, 0.9000000000000000222 ) ) ;
#2036 = FACE_OUTER_BOUND ( 'NONE', #1686, .T. ) ;
#2037 = CARTESIAN_POINT ( 'NONE',  ( 0.9595617623785821504, 1.240769437319490187, 0.9000000000000000222 ) ) ;
#2038 = EDGE_CURVE ( 'NONE', #2587, #456, #7855, .T. ) ;
#2039 = CARTESIAN_POINT ( 'NONE',  ( 1.121749190220074244, 1.216161767052905018, 0.9000000000000000222 ) ) ;
#2040 = EDGE_LOOP ( 'NONE', ( #8562, #8275, #8351, #4242 ) ) ;
#2041 = FACE_OUTER_BOUND ( 'NONE', #3690, .T. ) ;
#2042 = DIRECTION ( 'NONE',  ( -0.000000000000000000, -0.000000000000000000, -1.000000000000000000 ) ) ;
#2043 = EDGE_LOOP ( 'NONE', ( #1144, #6992, #7215, #4629 ) ) ;
#2044 = ORIENTED_EDGE ( 'NONE', *, *, #4719, .F. ) ;
#2045 =( NAMED_UNIT ( * ) PLANE_ANGLE_UNIT ( ) SI_UNIT ( $, .RADIAN. ) );
#2046 = PLANE ( 'NONE',  #8160 ) ;
#2047 = FILL_AREA_STYLE_COLOUR ( '', #7397 ) ;
#2048 = CARTESIAN_POINT ( 'NONE',  ( 1.128433769302953138, 1.301902634754964483, 0.9100000000000000311 ) ) ;
#2049 = EDGE_CURVE ( 'NONE', #3510, #1274, #880, .T. ) ;
#2050 = DIRECTION ( 'NONE',  ( -1.000000000000000000, -0.000000000000000000, -0.000000000000000000 ) ) ;
#2051 = EDGE_CURVE ( 'NONE', #7116, #6867, #8577, .T. ) ;
#2052 = ORIENTED_EDGE ( 'NONE', *, *, #6753, .T. ) ;
#2053 = ORIENTED_EDGE ( 'NONE', *, *, #1429, .T. ) ;
#2054 = EDGE_LOOP ( 'NONE', ( #4177, #1988, #7136, #1418, #7184, #3600, #8399, #1445, #544, #6407, #3979, #3127, #9206, #6891, #1290 ) ) ;
#2055 = CARTESIAN_POINT ( 'NONE',  ( 1.312868733507022601, 1.232293884572940756, 0.9100000000000000311 ) ) ;
#2056 =( NAMED_UNIT ( * ) SI_UNIT ( $, .STERADIAN. ) SOLID_ANGLE_UNIT ( ) );
#2057 =( LENGTH_UNIT ( ) NAMED_UNIT ( * ) SI_UNIT ( .MILLI., .METRE. ) );
#2058 = CARTESIAN_POINT ( 'NONE',  ( 0.7930561834390216225, 1.156070583778161076, 0.9100000000000000311 ) ) ;
#2059 = DIRECTION ( 'NONE',  ( -0.000000000000000000, -0.000000000000000000, -1.000000000000000000 ) ) ;
#2060 = ORIENTED_EDGE ( 'NONE', *, *, #5473, .F. ) ;
#2061 = CARTESIAN_POINT ( 'NONE',  ( 0.7500000000000000000, 0.4500000000000002887, 0.000000000000000000 ) ) ;
#2062 = ORIENTED_EDGE ( 'NONE', *, *, #3902, .T. ) ;
#2063 = ORIENTED_EDGE ( 'NONE', *, *, #4517, .T. ) ;
#2064 = APPLICATION_CONTEXT ( 'automotive_design' ) ;
#2065 = LINE ( 'NONE', #3625, #7435 ) ;
#2066 = CARTESIAN_POINT ( 'NONE',  ( -1.250000000000000000, -1.450000000000000400, 0.000000000000000000 ) ) ;
#2067 = PLANE ( 'NONE',  #52 ) ;
#2068 = CARTESIAN_POINT ( 'NONE',  ( 1.097060811474313002, 1.200386160417672654, 0.9100000000000000311 ) ) ;
#2069 = ORIENTED_EDGE ( 'NONE', *, *, #5195, .F. ) ;
#2070 = CARTESIAN_POINT ( 'NONE',  ( 1.065791835987018654, 1.294980381749195830, 0.9100000000000000311 ) ) ;
#2071 = ADVANCED_FACE ( 'NONE', ( #819 ), #8746, .F. ) ;
#2072 = EDGE_LOOP ( 'NONE', ( #4778, #4646, #4115, #6155, #9177, #1146, #6217, #6342 ) ) ;
#2073 =( NAMED_UNIT ( * ) PLANE_ANGLE_UNIT ( ) SI_UNIT ( $, .RADIAN. ) );
#2074 = CARTESIAN_POINT ( 'NONE',  ( 1.073248855319393069, 1.282680756237013497, 0.9100000000000000311 ) ) ;
#2075 = CARTESIAN_POINT ( 'NONE',  ( 1.185861730934152147, 1.225044829923102929, 0.9000000000000000222 ) ) ;
#2076 = AXIS2_PLACEMENT_3D ( 'NONE', #2632, #5532, #1831 ) ;
#2077 = CARTESIAN_POINT ( 'NONE',  ( 1.078373699282968223, 1.197504364102093488, 0.9000000000000000222 ) ) ;
#2078 = VECTOR ( 'NONE', #5585, 1000.000000000000000 ) ;
#2079 = LINE ( 'NONE', #5073, #6533 ) ;
#2080 = CARTESIAN_POINT ( 'NONE',  ( 0.8475940029981404722, 1.349431886003709113, 0.9100000000000000311 ) ) ;
#2081 = CARTESIAN_POINT ( 'NONE',  ( 1.170665454486224943, 1.327155489067869620, 0.9000000000000000222 ) ) ;
#2082 = ORIENTED_EDGE ( 'NONE', *, *, #648, .F. ) ;
#2083 = EDGE_CURVE ( 'NONE', #8559, #8947, #9139, .T. ) ;
#2084 = PRESENTATION_LAYER_ASSIGNMENT (  '', '', ( #9218 ) ) ;
#2085 = MECHANICAL_DESIGN_GEOMETRIC_PRESENTATION_REPRESENTATION (  '', ( #5269 ), #2532 ) ;
#2086 = DIRECTION ( 'NONE',  ( -1.000000000000000000, -0.000000000000000000, -0.000000000000000000 ) ) ;
#2087 = FACE_OUTER_BOUND ( 'NONE', #1083, .T. ) ;
#2088 = VERTEX_POINT ( 'NONE', #7050 ) ;
#2089 = EDGE_LOOP ( 'NONE', ( #8928, #5759, #2427, #7847, #7964, #3554, #4867, #4944, #2082, #2710, #7706, #699, #7942, #5338, #9094, #5349, #4450, #8684, #4615, #3747, #3825 ) ) ;
#2090 = B_SPLINE_SURFACE_WITH_KNOTS ( 'NONE', 3, 1, ( 
 ( #3196, #7572 ),
 ( #2486, #6909 ),
 ( #8377, #7668 ),
 ( #5394, #3353 ) ),
 .UNSPECIFIED., .F., .F., .F.,
 ( 4, 4 ),
 ( 2, 2 ),
 ( 12.00000000000000000, 13.00000000000000000 ),
 ( 0.000000000000000000, 1.000000000000000000 ),
 .UNSPECIFIED. ) ;
#2091 = CARTESIAN_POINT ( 'NONE',  ( 1.134761837501267800, 1.194117510700045459, 0.9100000000000000311 ) ) ;
#2092 = CARTESIAN_POINT ( 'NONE',  ( 1.273236606856172015, 1.225846979412915427, 0.9000000000000000222 ) ) ;
#2093 =( GEOMETRIC_REPRESENTATION_CONTEXT ( 3 ) GLOBAL_UNCERTAINTY_ASSIGNED_CONTEXT ( ( #7146 ) ) GLOBAL_UNIT_ASSIGNED_CONTEXT ( ( #759, #8534, #4978 ) ) REPRESENTATION_CONTEXT ( 'NONE', 'WORKASPACE' ) );
#2094 = AXIS2_PLACEMENT_3D ( 'NONE', #72, #8653, #7842 ) ;
#2095 = DIRECTION ( 'NONE',  ( -0.000000000000000000, -0.000000000000000000, 1.000000000000000000 ) ) ;
#2096 = ORIENTED_EDGE ( 'NONE', *, *, #5911, .T. ) ;
#2097 = VECTOR ( 'NONE', #7538, 1000.000000000000000 ) ;
#2098 = LINE ( 'NONE', #540, #7850 ) ;
#2099 = ADVANCED_FACE ( 'NONE', ( #5530 ), #7372, .F. ) ;
#2100 = ORIENTED_EDGE ( 'NONE', *, *, #2414, .T. ) ;
#2101 = COLOUR_RGB ( '',0.8274509803921568096, 0.6666666666666666297, 0.1294117647058823373 ) ;
#2102 = ORIENTED_EDGE ( 'NONE', *, *, #5504, .T. ) ;
#2103 = ADVANCED_FACE ( 'NONE', ( #1213 ), #7007, .F. ) ;
#2104 = CARTESIAN_POINT ( 'NONE',  ( 1.311412980729066646, 1.230154819266510824, 0.9100000000000000311 ) ) ;
#2105 = CARTESIAN_POINT ( 'NONE',  ( 1.117411641126347055, 1.183392474927158933, 0.9000000000000000222 ) ) ;
#2106 = FACE_OUTER_BOUND ( 'NONE', #2876, .T. ) ;
#2107 = DIRECTION ( 'NONE',  ( -1.000000000000000000, -0.000000000000000000, -0.000000000000000000 ) ) ;
#2108 = CARTESIAN_POINT ( 'NONE',  ( 1.251920226892687893, 1.183541021129224102, 0.9000000000000000222 ) ) ;
#2109 = VECTOR ( 'NONE', #3962, 1000.000000000000000 ) ;
#2110 = FACE_OUTER_BOUND ( 'NONE', #2483, .T. ) ;
#2111 = ADVANCED_FACE ( 'NONE', ( #8116 ), #4494, .F. ) ;
#2112 = ORIENTED_EDGE ( 'NONE', *, *, #8431, .T. ) ;
#2113 = ADVANCED_FACE ( 'NONE', ( #3026 ), #7459, .T. ) ;
#2114 = CARTESIAN_POINT ( 'NONE',  ( 0.2500000000000000000, -1.450000000000000400, 0.000000000000000000 ) ) ;
#2115 = CARTESIAN_POINT ( 'NONE',  ( 1.259139572301796406, 1.234967716206178068, 0.9000000000000000222 ) ) ;
#2116 = LINE ( 'NONE', #2953, #2909 ) ;
#2117 = CARTESIAN_POINT ( 'NONE',  ( 0.8959343285546274016, 1.324641973037194775, 0.9100000000000000311 ) ) ;
#2118 = CARTESIAN_POINT ( 'NONE',  ( -0.2500000000000000000, 1.450000000000000400, -0.02000000000000000042 ) ) ;
#2119 = EDGE_LOOP ( 'NONE', ( #7754, #5399, #6273, #3070, #2719, #401, #6639, #3980, #1267, #8172, #5004, #6650, #5647, #223, #2179 ) ) ;
#2120 = VECTOR ( 'NONE', #5676, 1000.000000000000000 ) ;
#2121 = EDGE_CURVE ( 'NONE', #905, #9285, #3066, .T. ) ;
#2122 = EDGE_LOOP ( 'NONE', ( #1694, #4724, #768, #4044 ) ) ;
#2123 = VECTOR ( 'NONE', #1599, 1000.000000000000000 ) ;
#2124 =( LENGTH_UNIT ( ) NAMED_UNIT ( * ) SI_UNIT ( .MILLI., .METRE. ) );
#2125 = LINE ( 'NONE', #2695, #6662 ) ;
#2126 =( GEOMETRIC_REPRESENTATION_CONTEXT ( 3 ) GLOBAL_UNCERTAINTY_ASSIGNED_CONTEXT ( ( #2768 ) ) GLOBAL_UNIT_ASSIGNED_CONTEXT ( ( #3505, #3681, #2267 ) ) REPRESENTATION_CONTEXT ( 'NONE', 'WORKASPACE' ) );
#2127 = CARTESIAN_POINT ( 'NONE',  ( 1.104339575364488013, 1.220766699310237513, 0.9100000000000000311 ) ) ;
#2128 = PLANE ( 'NONE',  #1789 ) ;
#2129 = LINE ( 'NONE', #4432, #4543 ) ;
#2130 = CARTESIAN_POINT ( 'NONE',  ( 0.7781822498441738345, 1.227548170893502322, 0.9100000000000000311 ) ) ;
#2131 =( NAMED_UNIT ( * ) SI_UNIT ( $, .STERADIAN. ) SOLID_ANGLE_UNIT ( ) );
#2132 = FACE_OUTER_BOUND ( 'NONE', #4763, .T. ) ;
#2133 = VERTEX_POINT ( 'NONE', #6025 ) ;
#2134 = EDGE_CURVE ( 'NONE', #3117, #3498, #3791, .T. ) ;
#2135 = LINE ( 'NONE', #7078, #29 ) ;
#2136 = CARTESIAN_POINT ( 'NONE',  ( 1.074556061895679759, 1.185828632637324187, 0.9100000000000000311 ) ) ;
#2137 = VERTEX_POINT ( 'NONE', #211 ) ;
#2138 = DIRECTION ( 'NONE',  ( -0.3559357243699015627, 0.9345104387417368930, -0.000000000000000000 ) ) ;
#2139 = VECTOR ( 'NONE', #2553, 1000.000000000000000 ) ;
#2140 = CARTESIAN_POINT ( 'NONE',  ( 0.9467536469835114987, 1.209782046111543607, 0.9000000000000000222 ) ) ;
#2141 = CARTESIAN_POINT ( 'NONE',  ( 1.040271598510911888, 1.209714861893276483, 0.9000000000000000222 ) ) ;
#2142 = EDGE_CURVE ( 'NONE', #7171, #5500, #3922, .T. ) ;
#2143 = CARTESIAN_POINT ( 'NONE',  ( 0.7773559083790417823, 1.167639206676788888, 0.9100000000000000311 ) ) ;
#2144 = DIRECTION ( 'NONE',  ( -0.000000000000000000, -0.000000000000000000, -1.000000000000000000 ) ) ;
#2145 = ORIENTED_EDGE ( 'NONE', *, *, #843, .F. ) ;
#2146 = VERTEX_POINT ( 'NONE', #8251 ) ;
#2147 = AXIS2_PLACEMENT_3D ( 'NONE', #8318, #1824, #4721 ) ;
#2148 = ORIENTED_EDGE ( 'NONE', *, *, #7796, .T. ) ;
#2149 = COLOUR_RGB ( '',0.8274509803921568096, 0.6666666666666666297, 0.1294117647058823373 ) ;
#2150 = B_SPLINE_CURVE_WITH_KNOTS ( 'NONE', 3,
 ( #3772, #1555, #6624, #6542 ),
 .UNSPECIFIED., .F., .F.,
 ( 4, 4 ),
 ( 7.000000000000000000, 8.000000000000000000 ),
 .UNSPECIFIED. ) ;
#2151 = ORIENTED_EDGE ( 'NONE', *, *, #3920, .T. ) ;
#2152 = CARTESIAN_POINT ( 'NONE',  ( 0.9219637340171907836, 1.327947293583841670, 0.9000000000000000222 ) ) ;
#2153 = CARTESIAN_POINT ( 'NONE',  ( 1.114203043166696494, 1.184996773907179834, 0.9100000000000000311 ) ) ;
#2154 = ADVANCED_FACE ( 'NONE', ( #6643 ), #8869, .F. ) ;
#2155 = FACE_BOUND ( 'NONE', #8262, .T. ) ;
#2156 = CARTESIAN_POINT ( 'NONE',  ( 1.268988185483642006, 1.229501215978365369, 0.9000000000000000222 ) ) ;
#2157 = CARTESIAN_POINT ( 'NONE',  ( 1.251920226892687893, 1.183541021129224102, 0.9100000000000000311 ) ) ;
#2158 = EDGE_LOOP ( 'NONE', ( #2817, #2215, #3978, #6907 ) ) ;
#2159 = VERTEX_POINT ( 'NONE', #291 ) ;
#2160 = CARTESIAN_POINT ( 'NONE',  ( 0.9397298509186522431, 1.307702197600467686, 0.9100000000000000311 ) ) ;
#2161 = DIRECTION ( 'NONE',  ( 0.3315284183505310400, 0.9434452330824483202, -0.000000000000000000 ) ) ;
#2162 = FACE_OUTER_BOUND ( 'NONE', #3333, .T. ) ;
#2163 = CARTESIAN_POINT ( 'NONE',  ( 0.9207242415209481168, 1.301917886151154224, 0.9000000000000000222 ) ) ;
#2164 = FACE_OUTER_BOUND ( 'NONE', #2631, .T. ) ;
#2165 = ORIENTED_EDGE ( 'NONE', *, *, #8235, .F. ) ;
#2166 = EDGE_CURVE ( 'NONE', #1190, #7128, #3163, .T. ) ;
#2167 = SURFACE_SIDE_STYLE ('',( #1460 ) ) ;
#2168 = EDGE_CURVE ( 'NONE', #9069, #8338, #8164, .T. ) ;
#2169 = B_SPLINE_SURFACE_WITH_KNOTS ( 'NONE', 3, 1, ( 
 ( #2393, #8133 ),
 ( #1640, #7422 ),
 ( #5296, #6750 ),
 ( #262, #6287 ) ),
 .UNSPECIFIED., .F., .F., .F.,
 ( 4, 4 ),
 ( 2, 2 ),
 ( 2.000000000000000000, 3.000000000000000000 ),
 ( 0.000000000000000000, 1.000000000000000000 ),
 .UNSPECIFIED. ) ;
#2170 = EDGE_LOOP ( 'NONE', ( #3319, #5243, #8550, #8162 ) ) ;
#2171 = VERTEX_POINT ( 'NONE', #7449 ) ;
#2172 = CARTESIAN_POINT ( 'NONE',  ( 1.257698674144011708, 1.275728793990890786, 0.9100000000000000311 ) ) ;
#2173 = FACE_OUTER_BOUND ( 'NONE', #8496, .T. ) ;
#2174 = FACE_OUTER_BOUND ( 'NONE', #5052, .T. ) ;
#2175 = DIRECTION ( 'NONE',  ( -0.000000000000000000, 1.000000000000000000, -0.000000000000000000 ) ) ;
#2176 = DIRECTION ( 'NONE',  ( -0.9445574604294421084, -0.3283461648125086119, 0.000000000000000000 ) ) ;
#2177 = PLANE ( 'NONE',  #447 ) ;
#2178 = CARTESIAN_POINT ( 'NONE',  ( 1.075046264361588344, 1.215062525159354978, 0.9100000000000000311 ) ) ;
#2179 = ORIENTED_EDGE ( 'NONE', *, *, #5888, .T. ) ;
#2180 = CARTESIAN_POINT ( 'NONE',  ( 0.8108222924599810533, 1.180860465222669520, 0.9000000000000000222 ) ) ;
#2181 = ORIENTED_EDGE ( 'NONE', *, *, #4075, .F. ) ;
#2182 = B_SPLINE_CURVE_WITH_KNOTS ( 'NONE', 3,
 ( #1736, #4624, #7519, #1031 ),
 .UNSPECIFIED., .F., .F.,
 ( 4, 4 ),
 ( 13.00000000000000000, 14.00000000000000000 ),
 .UNSPECIFIED. ) ;
#2183 = CARTESIAN_POINT ( 'NONE',  ( 0.7980141770651065780, 1.315139172278788404, 0.9000000000000000222 ) ) ;
#2184 = ORIENTED_EDGE ( 'NONE', *, *, #2401, .T. ) ;
#2185 = VERTEX_POINT ( 'NONE', #5889 ) ;
#2186 = FACE_OUTER_BOUND ( 'NONE', #9134, .T. ) ;
#2187 = CARTESIAN_POINT ( 'NONE',  ( 1.084152146534487438, 1.182560616197007253, 0.9100000000000000311 ) ) ;
#2188 = CARTESIAN_POINT ( 'NONE',  ( 1.142233711453809475, 1.191027749701734306, 0.9100000000000000311 ) ) ;
#2189 = DIRECTION ( 'NONE',  ( 1.000000000000000000, 0.000000000000000000, 0.000000000000000000 ) ) ;
#2190 = B_SPLINE_CURVE_WITH_KNOTS ( 'NONE', 3,
 ( #8767, #845, #6622, #8950 ),
 .UNSPECIFIED., .F., .F.,
 ( 4, 4 ),
 ( 26.00000000000000000, 27.00000000000000000 ),
 .UNSPECIFIED. ) ;
#2191 = VERTEX_POINT ( 'NONE', #5177 ) ;
#2192 = EDGE_CURVE ( 'NONE', #1857, #6276, #3109, .T. ) ;
#2193 = ORIENTED_EDGE ( 'NONE', *, *, #1662, .F. ) ;
#2194 = ORIENTED_EDGE ( 'NONE', *, *, #4326, .T. ) ;
#2195 = ADVANCED_FACE ( 'NONE', ( #4597 ), #5368, .T. ) ;
#2196 = FILL_AREA_STYLE_COLOUR ( '', #5826 ) ;
#2197 = DIRECTION ( 'NONE',  ( 0.000000000000000000, 1.000000000000000000, 0.000000000000000000 ) ) ;
#2198 = CARTESIAN_POINT ( 'NONE',  ( 1.118911957764999965, 1.222697799933933682, 0.9100000000000000311 ) ) ;
#2199 = CARTESIAN_POINT ( 'NONE',  ( 1.104339575364488013, 1.183541021129224102, 0.9000000000000000222 ) ) ;
#2200 = ORIENTED_EDGE ( 'NONE', *, *, #8541, .F. ) ;
#2201 = PLANE ( 'NONE',  #8280 ) ;
#2202 = STYLED_ITEM ( 'NONE', ( #6787 ), #6842 ) ;
#2203 = EDGE_CURVE ( 'NONE', #3613, #8984, #8439, .T. ) ;
#2204 = EDGE_CURVE ( 'NONE', #6993, #7824, #3928, .T. ) ;
#2205 = ORIENTED_EDGE ( 'NONE', *, *, #6118, .T. ) ;
#2206 = B_SPLINE_CURVE_WITH_KNOTS ( 'NONE', 3,
 ( #2412, #1743, #3156, #3059 ),
 .UNSPECIFIED., .F., .F.,
 ( 4, 4 ),
 ( 0.000000000000000000, 1.000000000000000000 ),
 .UNSPECIFIED. ) ;
#2207 = AXIS2_PLACEMENT_3D ( 'NONE', #3837, #3121, #1763 ) ;
#2208 = CARTESIAN_POINT ( 'NONE',  ( 1.063415096757715395, 1.282353954592944989, 0.9100000000000000311 ) ) ;
#2209 = CARTESIAN_POINT ( 'NONE',  ( 0.8525519808632221475, 1.199866090381379369, 0.9100000000000000311 ) ) ;
#2210 = DIRECTION ( 'NONE',  ( 0.000000000000000000, 1.000000000000000000, 0.000000000000000000 ) ) ;
#2211 = LINE ( 'NONE', #3045, #2404 ) ;
#2212 = PLANE ( 'NONE',  #1195 ) ;
#2213 = VECTOR ( 'NONE', #775, 1000.000000000000000 ) ;
#2214 = CARTESIAN_POINT ( 'NONE',  ( 1.140243192349245760, 1.224153552711890303, 0.9100000000000000311 ) ) ;
#2215 = ORIENTED_EDGE ( 'NONE', *, *, #8060, .F. ) ;
#2216 = CARTESIAN_POINT ( 'NONE',  ( 0.8108222924599810533, 1.213087364687867931, 0.9000000000000000222 ) ) ;
#2217 = CARTESIAN_POINT ( 'NONE',  ( 1.072179322666178880, 1.187997407184091303, 0.9000000000000000222 ) ) ;
#2218 = ADVANCED_FACE ( 'NONE', ( #7591 ), #4485, .F. ) ;
#2219 = LINE ( 'NONE', #5114, #5418 ) ;
#2220 = DIRECTION ( 'NONE',  ( -0.000000000000000000, -0.000000000000000000, -1.000000000000000000 ) ) ;
#2221 = FACE_OUTER_BOUND ( 'NONE', #7017, .T. ) ;
#2222 = CARTESIAN_POINT ( 'NONE',  ( 0.8661864298425271391, 1.324641973037194775, 0.9100000000000000311 ) ) ;
#2223 = CARTESIAN_POINT ( 'NONE',  ( 1.083676798688548049, 1.220083386781760870, 0.9100000000000000311 ) ) ;
#2224 = ORIENTED_EDGE ( 'NONE', *, *, #5295, .T. ) ;
#2225 = CARTESIAN_POINT ( 'NONE',  ( -0.2500000000000000000, 0.4500000000000002887, -0.02000000000000000042 ) ) ;
#2226 = PRESENTATION_LAYER_ASSIGNMENT (  '', '', ( #2833 ) ) ;
#2227 = ORIENTED_EDGE ( 'NONE', *, *, #3192, .F. ) ;
#2228 = DIRECTION ( 'NONE',  ( 0.8863488427958780003, 0.4630180653866626805, 0.000000000000000000 ) ) ;
#2229 = ORIENTED_EDGE ( 'NONE', *, *, #8004, .F. ) ;
#2230 = LINE ( 'NONE', #3650, #305 ) ;
#2231 = VECTOR ( 'NONE', #3190, 1000.000000000000000 ) ;
#2232 = CARTESIAN_POINT ( 'NONE',  ( 1.073248855319393069, 1.282680756237013497, 0.9000000000000000222 ) ) ;
#2233 = EDGE_CURVE ( 'NONE', #3685, #2288, #4896, .T. ) ;
#2234 = FACE_OUTER_BOUND ( 'NONE', #3846, .T. ) ;
#2235 = EDGE_CURVE ( 'NONE', #5434, #5479, #6162, .T. ) ;
#2236 = CARTESIAN_POINT ( 'NONE',  ( 0.8161934449976795403, 1.333318442181288033, 0.9000000000000000222 ) ) ;
#2237 = FILL_AREA_STYLE_COLOUR ( '', #7546 ) ;
#2238 = DIRECTION ( 'NONE',  ( -1.000000000000000000, 0.000000000000000000, 0.000000000000000000 ) ) ;
#2239 = VECTOR ( 'NONE', #8542, 1000.000000000000000 ) ;
#2240 = ORIENTED_EDGE ( 'NONE', *, *, #8873, .F. ) ;
#2241 = CARTESIAN_POINT ( 'NONE',  ( 1.338760336487900826, 1.183541021129224102, 0.9000000000000000222 ) ) ;
#2242 = EDGE_CURVE ( 'NONE', #2191, #6837, #3258, .T. ) ;
#2243 = VECTOR ( 'NONE', #3005, 1000.000000000000000 ) ;
#2244 = CARTESIAN_POINT ( 'NONE',  ( 1.116312399232795238, 1.207278704183104567, 0.9000000000000000222 ) ) ;
#2245 = VECTOR ( 'NONE', #1581, 1000.000000000000000 ) ;
#2246 = CARTESIAN_POINT ( 'NONE',  ( 1.137554506095840301, 1.185858341877657818, 0.9000000000000000222 ) ) ;
#2247 = CARTESIAN_POINT ( 'NONE',  ( 0.8525519808632221475, 1.201518757550242400, 0.9100000000000000311 ) ) ;
#2248 = B_SPLINE_SURFACE_WITH_KNOTS ( 'NONE', 3, 1, ( 
 ( #3402, #7575 ),
 ( #4834, #4881 ),
 ( #6254, #6296 ),
 ( #1080, #9243 ) ),
 .UNSPECIFIED., .F., .F., .F.,
 ( 4, 4 ),
 ( 2, 2 ),
 ( 0.000000000000000000, 1.000000000000000000 ),
 ( 0.000000000000000000, 1.000000000000000000 ),
 .UNSPECIFIED. ) ;
#2249 =( NAMED_UNIT ( * ) PLANE_ANGLE_UNIT ( ) SI_UNIT ( $, .RADIAN. ) );
#2250 = EDGE_CURVE ( 'NONE', #5194, #387, #4146, .T. ) ;
#2251 = VECTOR ( 'NONE', #8107, 1000.000000000000000 ) ;
#2252 = VERTEX_POINT ( 'NONE', #4134 ) ;
#2253 = FACE_OUTER_BOUND ( 'NONE', #3955, .T. ) ;
#2254 = DIRECTION ( 'NONE',  ( -0.000000000000000000, -0.000000000000000000, -1.000000000000000000 ) ) ;
#2255 = VECTOR ( 'NONE', #8788, 1000.000000000000000 ) ;
#2256 =( NAMED_UNIT ( * ) PLANE_ANGLE_UNIT ( ) SI_UNIT ( $, .RADIAN. ) );
#2257 = EDGE_CURVE ( 'NONE', #169, #4077, #3213, .T. ) ;
#2258 = DIRECTION ( 'NONE',  ( 1.000000000000000000, 0.000000000000000000, 0.000000000000000000 ) ) ;
#2259 = CARTESIAN_POINT ( 'NONE',  ( 0.7409973803943973314, 1.296133570761587306, 0.9000000000000000222 ) ) ;
#2260 = FACE_OUTER_BOUND ( 'NONE', #6758, .T. ) ;
#2261 = DIRECTION ( 'NONE',  ( -1.000000000000000000, -0.000000000000000000, -0.000000000000000000 ) ) ;
#2262 = ORIENTED_EDGE ( 'NONE', *, *, #7922, .F. ) ;
#2263 = CARTESIAN_POINT ( 'NONE',  ( 1.079784888200421955, 1.331968386007539973, 0.9000000000000000222 ) ) ;
#2264 = FACE_OUTER_BOUND ( 'NONE', #693, .T. ) ;
#2265 = AXIS2_PLACEMENT_3D ( 'NONE', #6591, #8865, #108 ) ;
#2266 = DIRECTION ( 'NONE',  ( 0.000000000000000000, 0.000000000000000000, 1.000000000000000000 ) ) ;
#2267 =( NAMED_UNIT ( * ) SI_UNIT ( $, .STERADIAN. ) SOLID_ANGLE_UNIT ( ) );
#2268 = EDGE_CURVE ( 'NONE', #3582, #3988, #297, .T. ) ;
#2269 = LINE ( 'NONE', #4584, #1782 ) ;
#2270 = DIRECTION ( 'NONE',  ( 0.000000000000000000, 0.000000000000000000, 1.000000000000000000 ) ) ;
#2271 = CARTESIAN_POINT ( 'NONE',  ( 1.073664784684665197, 1.311439300913304518, 0.9100000000000000311 ) ) ;
#2272 = LINE ( 'NONE', #5926, #7245 ) ;
#2273 = UNCERTAINTY_MEASURE_WITH_UNIT (LENGTH_MEASURE( 1.000000000000000082E-05 ), #5173, 'distance_accuracy_value', 'NONE');
#2274 = CARTESIAN_POINT ( 'NONE',  ( 1.202588033261658085, 1.305319197397347697, 0.9100000000000000311 ) ) ;
#2275 = CARTESIAN_POINT ( 'NONE',  ( -1.250000000000000000, 1.450000000000000400, 0.000000000000000000 ) ) ;
#2276 = SURFACE_STYLE_USAGE ( .BOTH. , #8915 ) ;
#2277 = PLANE ( 'NONE',  #2507 ) ;
#2278 = CARTESIAN_POINT ( 'NONE',  ( 1.201206553584558190, 1.216369731735640114, 0.9100000000000000311 ) ) ;
#2279 = AXIS2_PLACEMENT_3D ( 'NONE', #5903, #2293, #4461 ) ;
#2280 = DIRECTION ( 'NONE',  ( 0.000000000000000000, -1.000000000000000000, 0.000000000000000000 ) ) ;
#2281 = PRESENTATION_STYLE_ASSIGNMENT (( #914 ) ) ;
#2282 = ORIENTED_EDGE ( 'NONE', *, *, #4770, .F. ) ;
#2283 = PLANE ( 'NONE',  #8166 ) ;
#2284 = AXIS2_PLACEMENT_3D ( 'NONE', #2590, #6100, #4878 ) ;
#2285 = EDGE_CURVE ( 'NONE', #8487, #2543, #7740, .T. ) ;
#2286 = B_SPLINE_CURVE_WITH_KNOTS ( 'NONE', 3,
 ( #2930, #9299, #2130, #5654 ),
 .UNSPECIFIED., .F., .F.,
 ( 4, 4 ),
 ( 16.00000000000000000, 17.00000000000000000 ),
 .UNSPECIFIED. ) ;
#2287 = EDGE_CURVE ( 'NONE', #4328, #1190, #7835, .T. ) ;
#2288 = VERTEX_POINT ( 'NONE', #8495 ) ;
#2289 = DIRECTION ( 'NONE',  ( 0.000000000000000000, -0.000000000000000000, -1.000000000000000000 ) ) ;
#2290 = CARTESIAN_POINT ( 'NONE',  ( -0.7500000000000000000, -1.450000000000000400, -0.02000000000000000042 ) ) ;
#2291 = LINE ( 'NONE', #5945, #2437 ) ;
#2292 =( LENGTH_UNIT ( ) NAMED_UNIT ( * ) SI_UNIT ( .MILLI., .METRE. ) );
#2293 = DIRECTION ( 'NONE',  ( 1.000000000000000000, 2.238881569535245910E-14, -0.000000000000000000 ) ) ;
#2294 = VECTOR ( 'NONE', #8941, 1000.000000000000000 ) ;
#2295 = ORIENTED_EDGE ( 'NONE', *, *, #5484, .F. ) ;
#2296 = ORIENTED_EDGE ( 'NONE', *, *, #4961, .T. ) ;
#2297 = FACE_OUTER_BOUND ( 'NONE', #3982, .T. ) ;
#2298 = PRESENTATION_STYLE_ASSIGNMENT (( #5198 ) ) ;
#2299 = ADVANCED_FACE ( 'NONE', ( #6117 ), #7687, .F. ) ;
#2300 = CARTESIAN_POINT ( 'NONE',  ( 0.8525519808632221475, 1.197387105388890260, 0.9100000000000000311 ) ) ;
#2301 = CARTESIAN_POINT ( 'NONE',  ( 1.130409433787367801, 1.225995525614980153, 0.9000000000000000222 ) ) ;
#2302 = VECTOR ( 'NONE', #2603, 1000.000000000000000 ) ;
#2303 = ORIENTED_EDGE ( 'NONE', *, *, #9037, .F. ) ;
#2304 = DIRECTION ( 'NONE',  ( -0.000000000000000000, 1.000000000000000000, -0.000000000000000000 ) ) ;
#2305 = B_SPLINE_SURFACE_WITH_KNOTS ( 'NONE', 3, 1, ( 
 ( #6665, #2918 ),
 ( #3041, #5953 ),
 ( #225, #4519 ),
 ( #5857, #7423 ) ),
 .UNSPECIFIED., .F., .F., .F.,
 ( 4, 4 ),
 ( 2, 2 ),
 ( 12.00000000000000000, 13.00000000000000000 ),
 ( 0.000000000000000000, 1.000000000000000000 ),
 .UNSPECIFIED. ) ;
#2306 = LINE ( 'NONE', #1644, #8171 ) ;
#2307 = CARTESIAN_POINT ( 'NONE',  ( 0.9595617623785821504, 1.240769437319490187, 0.9100000000000000311 ) ) ;
#2308 = B_SPLINE_CURVE_WITH_KNOTS ( 'NONE', 3,
 ( #892, #3046, #5955, #6002 ),
 .UNSPECIFIED., .F., .F.,
 ( 4, 4 ),
 ( 6.000000000000000000, 7.000000000000000000 ),
 .UNSPECIFIED. ) ;
#2309 = EDGE_CURVE ( 'NONE', #6947, #5267, #4419, .T. ) ;
#2310 = CARTESIAN_POINT ( 'NONE',  ( 1.087345889873970073, 1.203059992050906413, 0.9000000000000000222 ) ) ;
#2311 = EDGE_LOOP ( 'NONE', ( #4634, #346, #658, #6169 ) ) ;
#2312 = CARTESIAN_POINT ( 'NONE',  ( 1.086900251268559714, 1.334820473082782177, 0.9100000000000000311 ) ) ;
#2313 = ADVANCED_FACE ( 'NONE', ( #2503 ), #3044, .T. ) ;
#2314 = SURFACE_STYLE_FILL_AREA ( #6811 ) ;
#2315 = PLANE ( 'NONE',  #5259 ) ;
#2316 = CARTESIAN_POINT ( 'NONE',  ( 1.040271598510909890, 1.234967716206176513, 0.9100000000000000311 ) ) ;
#2317 = CARTESIAN_POINT ( 'NONE',  ( 1.134761837501267800, 1.194117510700045459, 0.9000000000000000222 ) ) ;
#2318 = SURFACE_STYLE_USAGE ( .BOTH. , #60 ) ;
#2319 = CARTESIAN_POINT ( 'NONE',  ( 1.079770033580256250, 1.321599861119052921, 0.9100000000000000311 ) ) ;
#2320 = VERTEX_POINT ( 'NONE', #576 ) ;
#2321 = CARTESIAN_POINT ( 'NONE',  ( 0.8194987635744022114, 1.213087364687867931, 0.9000000000000000222 ) ) ;
#2322 = CARTESIAN_POINT ( 'NONE',  ( 1.252217319296026199, 1.234967716206178068, 0.9000000000000000222 ) ) ;
#2323 = CARTESIAN_POINT ( 'NONE',  ( 1.128433769302969791, 1.327155489067869620, 0.9000000000000000222 ) ) ;
#2324 = VERTEX_POINT ( 'NONE', #1286 ) ;
#2325 = CARTESIAN_POINT ( 'NONE',  ( 0.2500000000000000000, 1.450000000000000400, 0.000000000000000000 ) ) ;
#2326 = DIRECTION ( 'NONE',  ( -1.000000000000000000, -0.000000000000000000, -0.000000000000000000 ) ) ;
#2327 = DIRECTION ( 'NONE',  ( 1.000000000000000000, 0.000000000000000000, 0.000000000000000000 ) ) ;
#2328 = DIRECTION ( 'NONE',  ( -1.000000000000000000, 0.000000000000000000, 0.000000000000000000 ) ) ;
#2329 = CARTESIAN_POINT ( 'NONE',  ( 1.154161971461618696, 1.225044829923102929, 0.9000000000000000222 ) ) ;
#2330 = ORIENTED_EDGE ( 'NONE', *, *, #1711, .F. ) ;
#2331 = B_SPLINE_CURVE_WITH_KNOTS ( 'NONE', 3,
 ( #90, #6714, #4332, #7373 ),
 .UNSPECIFIED., .F., .F.,
 ( 4, 4 ),
 ( 14.00000000000000000, 15.00000000000000000 ),
 .UNSPECIFIED. ) ;
#2332 = VERTEX_POINT ( 'NONE', #1467 ) ;
#2333 = VERTEX_POINT ( 'NONE', #8689 ) ;
#2334 = ORIENTED_EDGE ( 'NONE', *, *, #8987, .T. ) ;
#2335 = CARTESIAN_POINT ( 'NONE',  ( 1.093213464846687577, 1.274748389058698805, 0.9000000000000000222 ) ) ;
#2336 = SURFACE_SIDE_STYLE ('',( #827 ) ) ;
#2337 = FACE_OUTER_BOUND ( 'NONE', #4083, .T. ) ;
#2338 = EDGE_CURVE ( 'NONE', #2029, #7347, #2286, .T. ) ;
#2339 = CARTESIAN_POINT ( 'NONE',  ( 1.139797553743641112, 1.201693366993959788, 0.9000000000000000222 ) ) ;
#2340 = ADVANCED_FACE ( 'NONE', ( #2837 ), #4216, .F. ) ;
#2341 = CARTESIAN_POINT ( 'NONE',  ( 1.114247607027199383, 1.211289451632566738, 0.9100000000000000311 ) ) ;
#2342 =( NAMED_UNIT ( * ) PLANE_ANGLE_UNIT ( ) SI_UNIT ( $, .RADIAN. ) );
#2343 = FACE_OUTER_BOUND ( 'NONE', #749, .T. ) ;
#2344 = PLANE ( 'NONE',  #5565 ) ;
#2345 = ORIENTED_EDGE ( 'NONE', *, *, #2777, .F. ) ;
#2346 = SURFACE_SIDE_STYLE ('',( #6712 ) ) ;
#2347 = EDGE_CURVE ( 'NONE', #118, #6867, #7165, .T. ) ;
#2348 = LINE ( 'NONE', #4470, #4366 ) ;
#2349 = CARTESIAN_POINT ( 'NONE',  ( 1.130409433787367801, 1.207070739500372580, 0.9100000000000000311 ) ) ;
#2350 =( LENGTH_UNIT ( ) NAMED_UNIT ( * ) SI_UNIT ( .MILLI., .METRE. ) );
#2351 = VECTOR ( 'NONE', #2683, 1000.000000000000000 ) ;
#2352 = CARTESIAN_POINT ( 'NONE',  ( 1.032770015318033252, 1.183541021129224102, 0.9100000000000000311 ) ) ;
#2353 = EDGE_LOOP ( 'NONE', ( #8949, #1164, #2060, #7458 ) ) ;
#2354 = CARTESIAN_POINT ( 'NONE',  ( 1.150864245780769624, 1.327155489067869620, 0.9100000000000000311 ) ) ;
#2355 = CARTESIAN_POINT ( 'NONE',  ( 1.078373699282968223, 1.193255942729563923, 0.9100000000000000311 ) ) ;
#2356 = DIRECTION ( 'NONE',  ( -1.000000000000000000, 0.000000000000000000, -0.000000000000000000 ) ) ;
#2357 = CARTESIAN_POINT ( 'NONE',  ( 1.283248620860648836, 1.204337489386468674, 0.9100000000000000311 ) ) ;
#2358 = FACE_BOUND ( 'NONE', #7994, .T. ) ;
#2359 = CARTESIAN_POINT ( 'NONE',  ( 1.063415096757715395, 1.282353954592944989, 0.9100000000000000311 ) ) ;
#2360 = DIRECTION ( 'NONE',  ( -0.000000000000000000, -0.000000000000000000, -1.000000000000000000 ) ) ;
#2361 = EDGE_LOOP ( 'NONE', ( #3183, #2229, #8833, #8410 ) ) ;
#2362 = CARTESIAN_POINT ( 'NONE',  ( 0.2500000000000000000, -1.450000000000000400, -0.02000000000000000042 ) ) ;
#2363 = EDGE_CURVE ( 'NONE', #8638, #9019, #6164, .T. ) ;
#2364 = CARTESIAN_POINT ( 'NONE',  ( 1.196378802024704591, 1.288414639627836422, 0.9100000000000000311 ) ) ;
#2365 = CARTESIAN_POINT ( 'NONE',  ( 1.154978975571796962, 1.170231281444096716, 0.9100000000000000311 ) ) ;
#2366 = ORIENTED_EDGE ( 'NONE', *, *, #2235, .F. ) ;
#2367 = CARTESIAN_POINT ( 'NONE',  ( -1.500000000000000000, -1.500000000000000222, 0.9000000000000000222 ) ) ;
#2368 = DIRECTION ( 'NONE',  ( 0.3493954794689467791, -0.9369753459545585583, -0.000000000000000000 ) ) ;
#2369 = CARTESIAN_POINT ( 'NONE',  ( 1.151651540650414196, 1.170231281444096716, 0.9100000000000000311 ) ) ;
#2370 = CARTESIAN_POINT ( 'NONE',  ( 1.324544464971793012, 1.199435464725793210, 0.9100000000000000311 ) ) ;
#2371 = CARTESIAN_POINT ( 'NONE',  ( 1.130409433787367801, 1.207070739500372580, 0.9100000000000000311 ) ) ;
#2372 = LINE ( 'NONE', #7542, #7263 ) ;
#2373 = ORIENTED_EDGE ( 'NONE', *, *, #5055, .T. ) ;
#2374 = EDGE_CURVE ( 'NONE', #6426, #9210, #8589, .T. ) ;
#2375 = VECTOR ( 'NONE', #2261, 1000.000000000000000 ) ;
#2376 = STYLED_ITEM ( 'NONE', ( #2487 ), #1527 ) ;
#2377 = ADVANCED_FACE ( 'NONE', ( #4303 ), #3120, .T. ) ;
#2378 = EDGE_LOOP ( 'NONE', ( #9360, #3951, #4538, #1734 ) ) ;
#2379 = ORIENTED_EDGE ( 'NONE', *, *, #5330, .F. ) ;
#2380 = ORIENTED_EDGE ( 'NONE', *, *, #7430, .F. ) ;
#2381 = B_SPLINE_SURFACE_WITH_KNOTS ( 'NONE', 3, 1, ( 
 ( #7211, #720 ),
 ( #2271, #3154 ),
 ( #7390, #6013 ),
 ( #2319, #7304 ) ),
 .UNSPECIFIED., .F., .F., .F.,
 ( 4, 4 ),
 ( 2, 2 ),
 ( 9.000000000000000000, 10.00000000000000000 ),
 ( 0.000000000000000000, 1.000000000000000000 ),
 .UNSPECIFIED. ) ;
#2382 = CARTESIAN_POINT ( 'NONE',  ( 0.7947088506078845427, 1.187884277048731674, 0.9000000000000000222 ) ) ;
#2383 = CARTESIAN_POINT ( 'NONE',  ( 1.312081438637376696, 1.232472140014946760, 0.9000000000000000222 ) ) ;
#2384 = VECTOR ( 'NONE', #9051, 1000.000000000000114 ) ;
#2385 = VECTOR ( 'NONE', #1425, 1000.000000000000000 ) ;
#2386 = CARTESIAN_POINT ( 'NONE',  ( 1.150864245780769624, 1.333840068150567770, 0.9000000000000000222 ) ) ;
#2387 = EDGE_CURVE ( 'NONE', #2185, #1665, #4987, .T. ) ;
#2388 = SURFACE_STYLE_FILL_AREA ( #5992 ) ;
#2389 = ADVANCED_FACE ( 'NONE', ( #2036 ), #6363, .F. ) ;
#2390 = VECTOR ( 'NONE', #4273, 1000.000000000000000 ) ;
#2391 = AXIS2_PLACEMENT_3D ( 'NONE', #9079, #9174, #2715 ) ;
#2392 = DIRECTION ( 'NONE',  ( 0.000000000000000000, 0.000000000000000000, -1.000000000000000000 ) ) ;
#2393 = CARTESIAN_POINT ( 'NONE',  ( 0.8657732709307145447, 1.349431886003709113, 0.9100000000000000311 ) ) ;
#2394 = DIRECTION ( 'NONE',  ( -0.000000000000000000, -0.000000000000000000, -1.000000000000000000 ) ) ;
#2395 = ORIENTED_EDGE ( 'NONE', *, *, #2627, .F. ) ;
#2396 = CARTESIAN_POINT ( 'NONE',  ( 1.251920226892687893, 1.183541021129224102, 0.9000000000000000222 ) ) ;
#2397 = CARTESIAN_POINT ( 'NONE',  ( 0.7947088506078845427, 1.187884277048731674, 0.9100000000000000311 ) ) ;
#2398 = VECTOR ( 'NONE', #236, 1000.000000000000000 ) ;
#2399 =( GEOMETRIC_REPRESENTATION_CONTEXT ( 3 ) GLOBAL_UNCERTAINTY_ASSIGNED_CONTEXT ( ( #9039 ) ) GLOBAL_UNIT_ASSIGNED_CONTEXT ( ( #163, #3024, #7403 ) ) REPRESENTATION_CONTEXT ( 'NONE', 'WORKASPACE' ) );
#2400 = PRESENTATION_STYLE_ASSIGNMENT (( #3717 ) ) ;
#2401 = EDGE_CURVE ( 'NONE', #782, #3118, #7924, .T. ) ;
#2402 = EDGE_CURVE ( 'NONE', #3263, #6839, #3547, .T. ) ;
#2403 = DIRECTION ( 'NONE',  ( 0.000000000000000000, 0.000000000000000000, -1.000000000000000000 ) ) ;
#2404 = VECTOR ( 'NONE', #2258, 1000.000000000000000 ) ;
#2405 = LINE ( 'NONE', #5920, #4249 ) ;
#2406 = DIRECTION ( 'NONE',  ( 0.000000000000000000, 0.000000000000000000, 1.000000000000000000 ) ) ;
#2407 = FACE_OUTER_BOUND ( 'NONE', #5138, .T. ) ;
#2408 = CARTESIAN_POINT ( 'NONE',  ( 1.095530785595322243, 1.334820473082782177, 0.9100000000000000311 ) ) ;
#2409 = DIRECTION ( 'NONE',  ( -1.000000000000000000, -0.000000000000000000, -0.000000000000000000 ) ) ;
#2410 = ORIENTED_EDGE ( 'NONE', *, *, #1226, .T. ) ;
#2411 = CARTESIAN_POINT ( 'NONE',  ( 1.250000000000000000, 0.4500000000000002887, -0.02000000000000000042 ) ) ;
#2412 = CARTESIAN_POINT ( 'NONE',  ( 1.126175867035005496, 1.188502464270565273, 0.9000000000000000222 ) ) ;
#2413 =( GEOMETRIC_REPRESENTATION_CONTEXT ( 3 ) GLOBAL_UNCERTAINTY_ASSIGNED_CONTEXT ( ( #7812 ) ) GLOBAL_UNIT_ASSIGNED_CONTEXT ( ( #3260, #7033, #3376 ) ) REPRESENTATION_CONTEXT ( 'NONE', 'WORKASPACE' ) );
#2414 = EDGE_CURVE ( 'NONE', #2845, #7128, #5313, .T. ) ;
#2415 = LINE ( 'NONE', #7399, #5285 ) ;
#2416 = VERTEX_POINT ( 'NONE', #7783 ) ;
#2417 = FACE_OUTER_BOUND ( 'NONE', #8840, .T. ) ;
#2418 = CARTESIAN_POINT ( 'NONE',  ( 1.201206553584555525, 1.190166181731256767, 0.9000000000000000222 ) ) ;
#2419 = EDGE_CURVE ( 'NONE', #8435, #2518, #5074, .T. ) ;
#2420 =( NAMED_UNIT ( * ) PLANE_ANGLE_UNIT ( ) SI_UNIT ( $, .RADIAN. ) );
#2421 = LINE ( 'NONE', #864, #2545 ) ;
#2422 = CARTESIAN_POINT ( 'NONE',  ( 1.123338634579733597, 1.210635848344820964, 0.9000000000000000222 ) ) ;
#2423 = ORIENTED_EDGE ( 'NONE', *, *, #8225, .T. ) ;
#2424 = ORIENTED_EDGE ( 'NONE', *, *, #8831, .F. ) ;
#2425 = ORIENTED_EDGE ( 'NONE', *, *, #8120, .T. ) ;
#2426 = VECTOR ( 'NONE', #7659, 1000.000000000000000 ) ;
#2427 = ORIENTED_EDGE ( 'NONE', *, *, #4857, .F. ) ;
#2428 = ADVANCED_FACE ( 'NONE', ( #6504 ), #9259, .F. ) ;
#2429 = VERTEX_POINT ( 'NONE', #3642 ) ;
#2430 = FACE_OUTER_BOUND ( 'NONE', #2170, .T. ) ;
#2431 = VECTOR ( 'NONE', #4188, 1000.000000000000000 ) ;
#2432 = SURFACE_STYLE_USAGE ( .BOTH. , #2336 ) ;
#2433 = STYLED_ITEM ( 'NONE', ( #8018 ), #8403 ) ;
#2434 = DIRECTION ( 'NONE',  ( 0.000000000000000000, 1.000000000000000000, 0.000000000000000000 ) ) ;
#2435 = VERTEX_POINT ( 'NONE', #6546 ) ;
#2436 = ORIENTED_EDGE ( 'NONE', *, *, #2658, .F. ) ;
#2437 = VECTOR ( 'NONE', #6877, 1000.000000000000000 ) ;
#2438 = ORIENTED_EDGE ( 'NONE', *, *, #5607, .T. ) ;
#2439 = FACE_OUTER_BOUND ( 'NONE', #5005, .T. ) ;
#2440 = ADVANCED_FACE ( 'NONE', ( #2221 ), #1623, .F. ) ;
#2441 = CARTESIAN_POINT ( 'NONE',  ( 1.274484394951788557, 1.233957602033630252, 0.9100000000000000311 ) ) ;
#2442 = CARTESIAN_POINT ( 'NONE',  ( -0.2500000000000000000, 1.450000000000000400, 0.000000000000000000 ) ) ;
#2443 = EDGE_CURVE ( 'NONE', #1976, #4865, #8712, .T. ) ;
#2444 = CARTESIAN_POINT ( 'NONE',  ( 1.123338634579733597, 1.210635848344820964, 0.9000000000000000222 ) ) ;
#2445 = EDGE_LOOP ( 'NONE', ( #5514, #8314, #1209, #9075 ) ) ;
#2446 = CARTESIAN_POINT ( 'NONE',  ( 1.125269735203826116, 1.201782494714958016, 0.9000000000000000222 ) ) ;
#2447 = DIRECTION ( 'NONE',  ( 1.000000000000000000, -0.000000000000000000, -0.000000000000000000 ) ) ;
#2448 = FILL_AREA_STYLE_COLOUR ( '', #6621 ) ;
#2449 = DIRECTION ( 'NONE',  ( -0.000000000000000000, -0.000000000000000000, -1.000000000000000000 ) ) ;
#2450 = CARTESIAN_POINT ( 'NONE',  ( 1.080304799906864899, 1.200504997379009842, 0.9000000000000000222 ) ) ;
#2451 = EDGE_CURVE ( 'NONE', #4976, #6276, #8106, .T. ) ;
#2452 = CARTESIAN_POINT ( 'NONE',  ( 1.114203043166696494, 1.184996773907179834, 0.9100000000000000311 ) ) ;
#2453 = CARTESIAN_POINT ( 'NONE',  ( 0.9112214289417924773, 1.208542553615299164, 0.9000000000000000222 ) ) ;
#2454 = ORIENTED_EDGE ( 'NONE', *, *, #263, .T. ) ;
#2455 = B_SPLINE_SURFACE_WITH_KNOTS ( 'NONE', 3, 1, ( 
 ( #1514, #3862 ),
 ( #4481, #5166 ),
 ( #8068, #1560 ),
 ( #4434, #7345 ) ),
 .UNSPECIFIED., .F., .F., .F.,
 ( 4, 4 ),
 ( 2, 2 ),
 ( 5.000000000000000000, 6.000000000000000000 ),
 ( 0.000000000000000000, 1.000000000000000000 ),
 .UNSPECIFIED. ) ;
#2456 = EDGE_LOOP ( 'NONE', ( #7908, #1983, #4965, #1766 ) ) ;
#2457 = DIRECTION ( 'NONE',  ( 0.000000000000000000, 0.000000000000000000, 1.000000000000000000 ) ) ;
#2458 = ORIENTED_EDGE ( 'NONE', *, *, #2550, .F. ) ;
#2459 = LINE ( 'NONE', #5650, #615 ) ;
#2460 = CARTESIAN_POINT ( 'NONE',  ( 1.125269735203826116, 1.201782494714958016, 0.9000000000000000222 ) ) ;
#2461 = CARTESIAN_POINT ( 'NONE',  ( 1.080483055349066523, 1.190403855653926257, 0.9100000000000000311 ) ) ;
#2462 = DIRECTION ( 'NONE',  ( 0.000000000000000000, -0.000000000000000000, -1.000000000000000000 ) ) ;
#2463 = CARTESIAN_POINT ( 'NONE',  ( 1.193704970391464837, 1.241652295288878660, 0.9100000000000000311 ) ) ;
#2464 = ORIENTED_EDGE ( 'NONE', *, *, #6698, .T. ) ;
#2465 = ORIENTED_EDGE ( 'NONE', *, *, #6549, .T. ) ;
#2466 = ORIENTED_EDGE ( 'NONE', *, *, #8374, .T. ) ;
#2467 = ORIENTED_EDGE ( 'NONE', *, *, #4493, .T. ) ;
#2468 = ORIENTED_EDGE ( 'NONE', *, *, #8271, .T. ) ;
#2469 = CARTESIAN_POINT ( 'NONE',  ( 1.065791835987018654, 1.303685189176992054, 0.9100000000000000311 ) ) ;
#2470 = ORIENTED_EDGE ( 'NONE', *, *, #8196, .F. ) ;
#2471 = DIRECTION ( 'NONE',  ( 0.000000000000000000, -0.000000000000000000, -1.000000000000000000 ) ) ;
#2472 = EDGE_CURVE ( 'NONE', #4059, #7045, #8241, .T. ) ;
#2473 = VERTEX_POINT ( 'NONE', #986 ) ;
#2474 = ORIENTED_EDGE ( 'NONE', *, *, #7063, .F. ) ;
#2475 = EDGE_CURVE ( 'NONE', #8285, #5479, #2269, .T. ) ;
#2476 = LINE ( 'NONE', #6047, #9363 ) ;
#2477 = ORIENTED_EDGE ( 'NONE', *, *, #1202, .T. ) ;
#2478 = PLANE ( 'NONE',  #6242 ) ;
#2479 = FACE_OUTER_BOUND ( 'NONE', #8977, .T. ) ;
#2480 = CARTESIAN_POINT ( 'NONE',  ( 1.104339575364488013, 1.210249628219685958, 0.9000000000000000222 ) ) ;
#2481 = CARTESIAN_POINT ( 'NONE',  ( 1.078373699282968223, 1.195246461833929130, 0.9000000000000000222 ) ) ;
#2482 = EDGE_CURVE ( 'NONE', #1408, #4887, #3012, .T. ) ;
#2483 = EDGE_LOOP ( 'NONE', ( #970, #3098, #7315, #5081 ) ) ;
#2484 = ORIENTED_EDGE ( 'NONE', *, *, #1639, .T. ) ;
#2485 = EDGE_LOOP ( 'NONE', ( #2799, #8531, #7801, #1372, #8697, #4045, #6893, #1333, #7023, #3501, #8584, #1870, #7139, #1474, #691, #644, #3049, #6746, #1063, #9306, #6446 ) ) ;
#2486 = CARTESIAN_POINT ( 'NONE',  ( 1.166535870075030568, 1.192334956278020330, 0.9100000000000000311 ) ) ;
#2487 = PRESENTATION_STYLE_ASSIGNMENT (( #8998 ) ) ;
#2488 = CARTESIAN_POINT ( 'NONE',  ( 0.7885113802467559330, 1.315965501922772507, 0.9100000000000000311 ) ) ;
#2489 = DIRECTION ( 'NONE',  ( 0.000000000000000000, 0.000000000000000000, 1.000000000000000000 ) ) ;
#2490 = CARTESIAN_POINT ( 'NONE',  ( 1.032770015318031698, 1.333840068150567770, 0.9100000000000000311 ) ) ;
#2491 = CARTESIAN_POINT ( 'NONE',  ( 1.274484394951788557, 1.233957602033630252, 0.9100000000000000311 ) ) ;
#2492 = ORIENTED_EDGE ( 'NONE', *, *, #8409, .F. ) ;
#2493 = DIRECTION ( 'NONE',  ( -0.000000000000000000, 1.000000000000000000, -0.000000000000000000 ) ) ;
#2494 = VECTOR ( 'NONE', #5331, 1000.000000000000000 ) ;
#2495 = EDGE_CURVE ( 'NONE', #6109, #4137, #7387, .T. ) ;
#2496 = ORIENTED_EDGE ( 'NONE', *, *, #8199, .F. ) ;
#2497 = CARTESIAN_POINT ( 'NONE',  ( 1.080126544464663274, 1.182560616197007253, 0.9100000000000000311 ) ) ;
#2498 = ORIENTED_EDGE ( 'NONE', *, *, #5365, .T. ) ;
#2499 = CARTESIAN_POINT ( 'NONE',  ( 0.8657732709307145447, 1.349431886003709113, 0.9000000000000000222 ) ) ;
#2500 = DIRECTION ( 'NONE',  ( -0.000000000000000000, -1.000000000000000000, -0.000000000000000000 ) ) ;
#2501 = CARTESIAN_POINT ( 'NONE',  ( 1.086038683297883223, 1.188532173510895351, 0.9100000000000000311 ) ) ;
#2502 = DIRECTION ( 'NONE',  ( -1.000000000000000000, 0.000000000000000000, -0.000000000000000000 ) ) ;
#2503 = FACE_OUTER_BOUND ( 'NONE', #5481, .T. ) ;
#2504 = CARTESIAN_POINT ( 'NONE',  ( 1.286472073440067199, 1.183541021129224102, 0.9100000000000000311 ) ) ;
#2505 = DIRECTION ( 'NONE',  ( -0.9345104387417368930, -0.3559357243699015072, 0.000000000000000000 ) ) ;
#2506 = ORIENTED_EDGE ( 'NONE', *, *, #7076, .T. ) ;
#2507 = AXIS2_PLACEMENT_3D ( 'NONE', #7311, #8600, #27 ) ;
#2508 = EDGE_CURVE ( 'NONE', #823, #5215, #5193, .T. ) ;
#2509 = EDGE_LOOP ( 'NONE', ( #7227, #561, #5752, #2102 ) ) ;
#2510 = ORIENTED_EDGE ( 'NONE', *, *, #8877, .T. ) ;
#2511 = EDGE_CURVE ( 'NONE', #1257, #2088, #4532, .T. ) ;
#2512 = CARTESIAN_POINT ( 'NONE',  ( 0.9442746619914175188, 1.295307241117606534, 0.9000000000000000222 ) ) ;
#2513 = CARTESIAN_POINT ( 'NONE',  ( 0.7591766404464682649, 1.187471133898119424, 0.9000000000000000222 ) ) ;
#2514 = CARTESIAN_POINT ( 'NONE',  ( 0.9219637340171907836, 1.327947293583841670, 0.9100000000000000311 ) ) ;
#2515 = EDGE_LOOP ( 'NONE', ( #5535, #5560, #934, #6792 ) ) ;
#2516 = AXIS2_PLACEMENT_3D ( 'NONE', #7619, #6959, #6809 ) ;
#2517 = CARTESIAN_POINT ( 'NONE',  ( 1.134137943453656261, 1.197029016255958034, 0.9000000000000000222 ) ) ;
#2518 = VERTEX_POINT ( 'NONE', #5165 ) ;
#2519 = ORIENTED_EDGE ( 'NONE', *, *, #5087, .T. ) ;
#2520 = EDGE_CURVE ( 'NONE', #1025, #7678, #278, .T. ) ;
#2521 = EDGE_LOOP ( 'NONE', ( #8453, #8451, #3924, #6983 ) ) ;
#2522 = CARTESIAN_POINT ( 'NONE',  ( 0.8108222924599810533, 1.180860465222669520, 0.9100000000000000311 ) ) ;
#2523 = MECHANICAL_DESIGN_GEOMETRIC_PRESENTATION_REPRESENTATION (  '', ( #2376 ), #9049 ) ;
#2524 = LINE ( 'NONE', #6801, #7148 ) ;
#2525 = CARTESIAN_POINT ( 'NONE',  ( 1.274484394951788557, 1.191681352989879983, 0.9100000000000000311 ) ) ;
#2526 = CARTESIAN_POINT ( 'NONE',  ( 0.9851780089295304466, 1.241182611992108331, 0.9100000000000000311 ) ) ;
#2527 = ADVANCED_FACE ( 'NONE', ( #5964, #2358 ), #6063, .T. ) ;
#2528 = B_SPLINE_SURFACE_WITH_KNOTS ( 'NONE', 3, 1, ( 
 ( #3964, #8335 ),
 ( #9005, #4839 ),
 ( #421, #6870 ),
 ( #8384, #1276 ) ),
 .UNSPECIFIED., .F., .F., .F.,
 ( 4, 4 ),
 ( 2, 2 ),
 ( 16.00000000000000000, 17.00000000000000000 ),
 ( 0.000000000000000000, 1.000000000000000000 ),
 .UNSPECIFIED. ) ;
#2529 = ORIENTED_EDGE ( 'NONE', *, *, #7865, .F. ) ;
#2530 =( NAMED_UNIT ( * ) PLANE_ANGLE_UNIT ( ) SI_UNIT ( $, .RADIAN. ) );
#2531 = VERTEX_POINT ( 'NONE', #8067 ) ;
#2532 =( GEOMETRIC_REPRESENTATION_CONTEXT ( 3 ) GLOBAL_UNCERTAINTY_ASSIGNED_CONTEXT ( ( #7396 ) ) GLOBAL_UNIT_ASSIGNED_CONTEXT ( ( #8970, #2420, #3740 ) ) REPRESENTATION_CONTEXT ( 'NONE', 'WORKASPACE' ) );
#2533 = VERTEX_POINT ( 'NONE', #3151 ) ;
#2534 = ORIENTED_EDGE ( 'NONE', *, *, #7729, .T. ) ;
#2535 = FACE_OUTER_BOUND ( 'NONE', #4047, .T. ) ;
#2536 = CIRCLE ( 'NONE', #7860, 0.09299432094351947620 ) ;
#2537 = SURFACE_STYLE_FILL_AREA ( #6101 ) ;
#2538 = PLANE ( 'NONE',  #704 ) ;
#2539 = VECTOR ( 'NONE', #7221, 1000.000000000000000 ) ;
#2540 = LINE ( 'NONE', #5452, #734 ) ;
#2541 = LINE ( 'NONE', #4069, #6196 ) ;
#2542 = DIRECTION ( 'NONE',  ( 0.000000000000000000, 1.000000000000000000, -0.000000000000000000 ) ) ;
#2543 = VERTEX_POINT ( 'NONE', #8150 ) ;
#2544 = CARTESIAN_POINT ( 'NONE',  ( 1.140243192349245760, 1.217082753504454162, 0.9000000000000000222 ) ) ;
#2545 = VECTOR ( 'NONE', #7314, 1000.000000000000000 ) ;
#2546 = SURFACE_STYLE_FILL_AREA ( #3966 ) ;
#2547 = ORIENTED_EDGE ( 'NONE', *, *, #7866, .F. ) ;
#2548 = CARTESIAN_POINT ( 'NONE',  ( 0.7476080254281427528, 1.249859090987030186, 0.9100000000000000311 ) ) ;
#2549 = ORIENTED_EDGE ( 'NONE', *, *, #4502, .F. ) ;
#2550 = EDGE_CURVE ( 'NONE', #3118, #8487, #4499, .T. ) ;
#2551 = SURFACE_SIDE_STYLE ('',( #4892 ) ) ;
#2552 = LINE ( 'NONE', #5550, #2097 ) ;
#2553 = DIRECTION ( 'NONE',  ( -0.000000000000000000, -0.000000000000000000, -1.000000000000000000 ) ) ;
#2554 = CARTESIAN_POINT ( 'NONE',  ( 1.079770033580256250, 1.321599861119052921, 0.9100000000000000311 ) ) ;
#2555 = ORIENTED_EDGE ( 'NONE', *, *, #1215, .T. ) ;
#2556 = CARTESIAN_POINT ( 'NONE',  ( 1.210475836579079312, 1.296525262248551469, 0.9100000000000000311 ) ) ;
#2557 = VECTOR ( 'NONE', #6913, 1000.000000000000000 ) ;
#2558 = FACE_OUTER_BOUND ( 'NONE', #9192, .T. ) ;
#2559 = ORIENTED_EDGE ( 'NONE', *, *, #4816, .F. ) ;
#2560 = ORIENTED_EDGE ( 'NONE', *, *, #789, .T. ) ;
#2561 = ORIENTED_EDGE ( 'NONE', *, *, #7002, .T. ) ;
#2562 = EDGE_LOOP ( 'NONE', ( #4600, #239, #5968, #6277 ) ) ;
#2563 = FACE_OUTER_BOUND ( 'NONE', #6816, .T. ) ;
#2564 = CARTESIAN_POINT ( 'NONE',  ( 1.105676491181103449, 1.334018323592968125, 0.9000000000000000222 ) ) ;
#2565 = CARTESIAN_POINT ( 'NONE',  ( 1.087345889873970073, 1.203059992050906413, 0.9100000000000000311 ) ) ;
#2566 = STYLED_ITEM ( 'NONE', ( #4594 ), #196 ) ;
#2567 = CARTESIAN_POINT ( 'NONE',  ( 1.243438238767396786, 1.190166181731256767, 0.9100000000000000311 ) ) ;
#2568 = VERTEX_POINT ( 'NONE', #3096 ) ;
#2569 = ADVANCED_FACE ( 'NONE', ( #7344 ), #1656, .F. ) ;
#2570 = CARTESIAN_POINT ( 'NONE',  ( 1.224959091258592814, 1.190166181731256767, 0.9000000000000000222 ) ) ;
#2571 = EDGE_CURVE ( 'NONE', #8678, #7034, #4395, .T. ) ;
#2572 = ORIENTED_EDGE ( 'NONE', *, *, #5703, .F. ) ;
#2573 = ORIENTED_EDGE ( 'NONE', *, *, #4992, .F. ) ;
#2574 = VERTEX_POINT ( 'NONE', #3682 ) ;
#2575 = ORIENTED_EDGE ( 'NONE', *, *, #4474, .T. ) ;
#2576 = ORIENTED_EDGE ( 'NONE', *, *, #4253, .F. ) ;
#2577 = VECTOR ( 'NONE', #6160, 1000.000000000000000 ) ;
#2578 = LINE ( 'NONE', #4108, #6221 ) ;
#2579 = CARTESIAN_POINT ( 'NONE',  ( 1.240675279413155918, 1.322342592128198602, 0.9000000000000000222 ) ) ;
#2580 = CARTESIAN_POINT ( 'NONE',  ( 1.158588648276351218, 1.163992340966802930, 0.9100000000000000311 ) ) ;
#2581 = VECTOR ( 'NONE', #2912, 1000.000000000000000 ) ;
#2582 = DIRECTION ( 'NONE',  ( -1.000000000000000000, 0.000000000000000000, 0.000000000000000000 ) ) ;
#2583 = ORIENTED_EDGE ( 'NONE', *, *, #5149, .T. ) ;
#2584 = ADVANCED_FACE ( 'NONE', ( #99 ), #8380, .F. ) ;
#2585 = CARTESIAN_POINT ( 'NONE',  ( 1.193704970391465947, 1.183541021129224102, 0.9100000000000000311 ) ) ;
#2586 = AXIS2_PLACEMENT_3D ( 'NONE', #7433, #4529, #3723 ) ;
#2587 = VERTEX_POINT ( 'NONE', #1081 ) ;
#2588 = ORIENTED_EDGE ( 'NONE', *, *, #6154, .T. ) ;
#2589 = EDGE_LOOP ( 'NONE', ( #8563, #3323, #3324, #7334 ) ) ;
#2590 = CARTESIAN_POINT ( 'NONE',  ( 0.9298138636666800627, 1.208542553615299164, 0.9100000000000000311 ) ) ;
#2591 = B_SPLINE_CURVE_WITH_KNOTS ( 'NONE', 3,
 ( #8839, #222, #8126, #1582 ),
 .UNSPECIFIED., .F., .F.,
 ( 4, 4 ),
 ( 35.00000000000000000, 36.00000000000000000 ),
 .UNSPECIFIED. ) ;
#2592 = FACE_OUTER_BOUND ( 'NONE', #2485, .T. ) ;
#2593 = LINE ( 'NONE', #6255, #3445 ) ;
#2594 = LINE ( 'NONE', #1037, #5000 ) ;
#2595 = CARTESIAN_POINT ( 'NONE',  ( 1.283248620860648836, 1.213339389217999775, 0.9000000000000000222 ) ) ;
#2596 = CARTESIAN_POINT ( 'NONE',  ( 1.137138576730766237, 1.219073272609214831, 0.9100000000000000311 ) ) ;
#2597 = EDGE_CURVE ( 'NONE', #9221, #9133, #5539, .T. ) ;
#2598 = ORIENTED_EDGE ( 'NONE', *, *, #6419, .F. ) ;
#2599 = VECTOR ( 'NONE', #2746, 1000.000000000000000 ) ;
#2600 = B_SPLINE_CURVE_WITH_KNOTS ( 'NONE', 3,
 ( #2499, #4692, #7587, #7119 ),
 .UNSPECIFIED., .F., .F.,
 ( 4, 4 ),
 ( 2.000000000000000000, 3.000000000000000000 ),
 .UNSPECIFIED. ) ;
#2601 = DIRECTION ( 'NONE',  ( -1.000000000000000000, 0.000000000000000000, 0.000000000000000000 ) ) ;
#2602 = CARTESIAN_POINT ( 'NONE',  ( 1.097060811474313002, 1.209922826576012023, 0.9100000000000000311 ) ) ;
#2603 = DIRECTION ( 'NONE',  ( -0.000000000000000000, -0.000000000000000000, -1.000000000000000000 ) ) ;
#2604 = CARTESIAN_POINT ( 'NONE',  ( 0.7719847597815928664, 1.184165815321398973, 0.9100000000000000311 ) ) ;
#2605 = CARTESIAN_POINT ( 'NONE',  ( 1.152186306977023067, 1.275728793990911436, 0.9000000000000000222 ) ) ;
#2606 = CARTESIAN_POINT ( 'NONE',  ( 0.7719847597815928664, 1.184165815321398973, 0.9100000000000000311 ) ) ;
#2607 = FACE_OUTER_BOUND ( 'NONE', #5090, .T. ) ;
#2608 = FACE_OUTER_BOUND ( 'NONE', #5347, .T. ) ;
#2609 = ORIENTED_EDGE ( 'NONE', *, *, #1784, .F. ) ;
#2610 = ORIENTED_EDGE ( 'NONE', *, *, #8492, .T. ) ;
#2611 = EDGE_CURVE ( 'NONE', #7662, #4122, #2540, .T. ) ;
#2612 = ORIENTED_EDGE ( 'NONE', *, *, #1837, .T. ) ;
#2613 = EDGE_LOOP ( 'NONE', ( #5374, #4422, #4818, #9172 ) ) ;
#2614 = B_SPLINE_SURFACE_WITH_KNOTS ( 'NONE', 3, 1, ( 
 ( #7658, #9090 ),
 ( #2580, #6952 ),
 ( #264, #458 ),
 ( #3344, #8184 ) ),
 .UNSPECIFIED., .F., .F., .F.,
 ( 4, 4 ),
 ( 2, 2 ),
 ( 1.000000000000000000, 2.000000000000000000 ),
 ( 0.000000000000000000, 1.000000000000000000 ),
 .UNSPECIFIED. ) ;
#2615 = LINE ( 'NONE', #7039, #5391 ) ;
#2616 = LINE ( 'NONE', #9173, #7547 ) ;
#2617 = PLANE ( 'NONE',  #1941 ) ;
#2618 = CARTESIAN_POINT ( 'NONE',  ( 1.089232426637364082, 1.188532173510895351, 0.9100000000000000311 ) ) ;
#2619 = EDGE_LOOP ( 'NONE', ( #6973, #6861, #6850, #2733 ) ) ;
#2620 = FACE_OUTER_BOUND ( 'NONE', #2353, .T. ) ;
#2621 = EDGE_CURVE ( 'NONE', #6614, #6993, #6882, .T. ) ;
#2622 = EDGE_LOOP ( 'NONE', ( #8432, #1300, #3038, #1577, #4377, #6240, #2224, #4088, #5284, #7223, #3847, #5327, #3071, #5187 ) ) ;
#2623 = ORIENTED_EDGE ( 'NONE', *, *, #9361, .F. ) ;
#2624 = ORIENTED_EDGE ( 'NONE', *, *, #4537, .T. ) ;
#2625 = EDGE_CURVE ( 'NONE', #7003, #8145, #1839, .T. ) ;
#2626 = LINE ( 'NONE', #5528, #467 ) ;
#2627 = EDGE_CURVE ( 'NONE', #4760, #9123, #5397, .T. ) ;
#2628 = PLANE ( 'NONE',  #938 ) ;
#2629 = DIRECTION ( 'NONE',  ( -0.000000000000000000, -0.000000000000000000, -1.000000000000000000 ) ) ;
#2630 = DIRECTION ( 'NONE',  ( -0.000000000000000000, -0.000000000000000000, 1.000000000000000000 ) ) ;
#2631 = EDGE_LOOP ( 'NONE', ( #3475, #1315, #2843, #335 ) ) ;
#2632 = CARTESIAN_POINT ( 'NONE',  ( 1.128433769302971346, 1.308557504597331445, 0.9100000000000000311 ) ) ;
#2633 = B_SPLINE_CURVE_WITH_KNOTS ( 'NONE', 3,
 ( #3107, #5270, #4595, #1666 ),
 .UNSPECIFIED., .F., .F.,
 ( 4, 4 ),
 ( 2.000000000000000000, 3.000000000000000000 ),
 .UNSPECIFIED. ) ;
#2634 = ORIENTED_EDGE ( 'NONE', *, *, #3396, .F. ) ;
#2635 = EDGE_CURVE ( 'NONE', #153, #306, #4681, .T. ) ;
#2636 = FILL_AREA_STYLE ('',( #4780 ) ) ;
#2637 = EDGE_CURVE ( 'NONE', #1833, #6512, #1575, .T. ) ;
#2638 = CARTESIAN_POINT ( 'NONE',  ( 1.133632886367381687, 1.220083386781760870, 0.9000000000000000222 ) ) ;
#2639 = DIRECTION ( 'NONE',  ( -0.3897582650655311287, -0.9209172030172457779, -0.000000000000000000 ) ) ;
#2640 = CARTESIAN_POINT ( 'NONE',  ( 1.251771680690620059, 1.291623237587880002, 0.9000000000000000222 ) ) ;
#2641 = CARTESIAN_POINT ( 'NONE',  ( 1.093941341235667108, 1.191919026912945156, 0.9000000000000000222 ) ) ;
#2642 = CARTESIAN_POINT ( 'NONE',  ( 1.140243192349245760, 1.224153552711890303, 0.9100000000000000311 ) ) ;
#2643 = B_SPLINE_CURVE_WITH_KNOTS ( 'NONE', 3,
 ( #2214, #671, #6498, #7203 ),
 .UNSPECIFIED., .F., .F.,
 ( 4, 4 ),
 ( 8.000000000000000000, 9.000000000000000000 ),
 .UNSPECIFIED. ) ;
#2644 = ORIENTED_EDGE ( 'NONE', *, *, #5905, .F. ) ;
#2645 = FACE_OUTER_BOUND ( 'NONE', #2445, .T. ) ;
#2646 = CARTESIAN_POINT ( 'NONE',  ( 1.157459697142466659, 1.172162382068190123, 0.9000000000000000222 ) ) ;
#2647 = B_SPLINE_CURVE_WITH_KNOTS ( 'NONE', 3,
 ( #6944, #2517, #4656, #9132 ),
 .UNSPECIFIED., .F., .F.,
 ( 4, 4 ),
 ( 2.000000000000000000, 3.000000000000000000 ),
 .UNSPECIFIED. ) ;
#2648 = ORIENTED_EDGE ( 'NONE', *, *, #119, .F. ) ;
#2649 = ORIENTED_EDGE ( 'NONE', *, *, #904, .T. ) ;
#2650 = CARTESIAN_POINT ( 'NONE',  ( 0.7476080254281427528, 1.232919315550307982, 0.9100000000000000311 ) ) ;
#2651 = CARTESIAN_POINT ( 'NONE',  ( 0.8112354671327967059, 1.239116793792133686, 0.9000000000000000222 ) ) ;
#2652 = PLANE ( 'NONE',  #1942 ) ;
#2653 = CARTESIAN_POINT ( 'NONE',  ( 1.338760336487901048, 1.183541021129224102, 0.9000000000000000222 ) ) ;
#2654 = CARTESIAN_POINT ( 'NONE',  ( 0.7980141770651065780, 1.315139172278788404, 0.9100000000000000311 ) ) ;
#2655 = CARTESIAN_POINT ( 'NONE',  ( 1.311769491613867356, 1.231105514957992586, 0.9000000000000000222 ) ) ;
#2656 = FACE_OUTER_BOUND ( 'NONE', #1680, .T. ) ;
#2657 = VERTEX_POINT ( 'NONE', #5354 ) ;
#2658 = EDGE_CURVE ( 'NONE', #6561, #4034, #9165, .T. ) ;
#2659 = CARTESIAN_POINT ( 'NONE',  ( 1.162302303322470420, 1.183630148850227437, 0.9100000000000000311 ) ) ;
#2660 = ORIENTED_EDGE ( 'NONE', *, *, #7769, .T. ) ;
#2661 = VERTEX_POINT ( 'NONE', #415 ) ;
#2662 = B_SPLINE_CURVE_WITH_KNOTS ( 'NONE', 3,
 ( #3015, #4589, #8776, #4484 ),
 .UNSPECIFIED., .F., .F.,
 ( 4, 4 ),
 ( 27.00000000000000000, 28.00000000000000000 ),
 .UNSPECIFIED. ) ;
#2663 = ORIENTED_EDGE ( 'NONE', *, *, #3022, .F. ) ;
#2664 = CARTESIAN_POINT ( 'NONE',  ( 1.147521956239419438, 1.164586525774281345, 0.9000000000000000222 ) ) ;
#2665 = CARTESIAN_POINT ( 'NONE',  ( 0.9240295600976676793, 1.272996321023685207, 0.9100000000000000311 ) ) ;
#2666 = ADVANCED_FACE ( 'NONE', ( #4068 ), #8370, .F. ) ;
#2667 = CARTESIAN_POINT ( 'NONE',  ( 0.7723979383946608657, 1.211847887953021008, 0.9100000000000000311 ) ) ;
#2668 = CARTESIAN_POINT ( 'NONE',  ( 1.251875663031789543, 1.190166181731256767, 0.9000000000000000222 ) ) ;
#2669 = CARTESIAN_POINT ( 'NONE',  ( 1.163163871293149132, 1.275728793990915433, 0.9000000000000000222 ) ) ;
#2670 = ORIENTED_EDGE ( 'NONE', *, *, #3832, .F. ) ;
#2671 = ORIENTED_EDGE ( 'NONE', *, *, #5055, .F. ) ;
#2672 = CARTESIAN_POINT ( 'NONE',  ( 1.032770015318033252, 1.241652295288878660, 0.9000000000000000222 ) ) ;
#2673 = EDGE_CURVE ( 'NONE', #6860, #683, #6437, .T. ) ;
#2674 = CARTESIAN_POINT ( 'NONE',  ( 1.130409433787367801, 1.207070739500372580, 0.9100000000000000311 ) ) ;
#2675 = CARTESIAN_POINT ( 'NONE',  ( 1.137554506095840301, 1.185858341877657818, 0.9000000000000000222 ) ) ;
#2676 = CARTESIAN_POINT ( 'NONE',  ( 0.9698908927811655811, 1.201931916461858485, 0.9100000000000000311 ) ) ;
#2677 = CARTESIAN_POINT ( 'NONE',  ( 1.134137943453656261, 1.197029016255958034, 0.9100000000000000311 ) ) ;
#2678 = ORIENTED_EDGE ( 'NONE', *, *, #6587, .F. ) ;
#2679 = VECTOR ( 'NONE', #833, 1000.000000000000000 ) ;
#2680 = ORIENTED_EDGE ( 'NONE', *, *, #3205, .F. ) ;
#2681 = LINE ( 'NONE', #3959, #180 ) ;
#2682 = DIRECTION ( 'NONE',  ( 0.000000000000000000, 0.000000000000000000, 1.000000000000000000 ) ) ;
#2683 = DIRECTION ( 'NONE',  ( -0.000000000000000000, -0.000000000000000000, -1.000000000000000000 ) ) ;
#2684 = CARTESIAN_POINT ( 'NONE',  ( 0.8661864298425271391, 1.324641973037194775, 0.9000000000000000222 ) ) ;
#2685 = VECTOR ( 'NONE', #835, 1000.000000000000000 ) ;
#2686 = VERTEX_POINT ( 'NONE', #6201 ) ;
#2687 = CARTESIAN_POINT ( 'NONE',  ( 1.308605457514324666, 1.241652295288878660, 0.9100000000000000311 ) ) ;
#2688 = EDGE_CURVE ( 'NONE', #252, #8412, #2593, .T. ) ;
#2689 = DIRECTION ( 'NONE',  ( -0.000000000000000000, -0.000000000000000000, -1.000000000000000000 ) ) ;
#2690 = EDGE_CURVE ( 'NONE', #9313, #7748, #7130, .T. ) ;
#2691 = ORIENTED_EDGE ( 'NONE', *, *, #1904, .T. ) ;
#2692 = AXIS2_PLACEMENT_3D ( 'NONE', #5875, #2765, #3426 ) ;
#2693 = ORIENTED_EDGE ( 'NONE', *, *, #3439, .T. ) ;
#2694 = CARTESIAN_POINT ( 'NONE',  ( -1.250000000000000000, 0.4500000000000002887, 0.000000000000000000 ) ) ;
#2695 = CARTESIAN_POINT ( 'NONE',  ( 0.8525519808632221475, 1.201518757550242400, 0.9000000000000000222 ) ) ;
#2696 = VECTOR ( 'NONE', #5617, 1000.000000000000000 ) ;
#2697 = VECTOR ( 'NONE', #4637, 1000.000000000000000 ) ;
#2698 = DIRECTION ( 'NONE',  ( 0.000000000000000000, 1.000000000000000000, -0.000000000000000000 ) ) ;
#2699 = DIRECTION ( 'NONE',  ( 1.000000000000000000, -0.000000000000000000, -0.000000000000000000 ) ) ;
#2700 = PLANE ( 'NONE',  #7439 ) ;
#2701 = B_SPLINE_CURVE_WITH_KNOTS ( 'NONE', 3,
 ( #4460, #1684, #8176, #258 ),
 .UNSPECIFIED., .F., .F.,
 ( 4, 4 ),
 ( 11.00000000000000000, 12.00000000000000000 ),
 .UNSPECIFIED. ) ;
#2702 = CARTESIAN_POINT ( 'NONE',  ( 1.134449890477362111, 1.183659858090557515, 0.9000000000000000222 ) ) ;
#2703 = ORIENTED_EDGE ( 'NONE', *, *, #6131, .T. ) ;
#2704 = SURFACE_SIDE_STYLE ('',( #680 ) ) ;
#2705 = SURFACE_SIDE_STYLE ('',( #6986 ) ) ;
#2706 = VECTOR ( 'NONE', #6354, 1000.000000000000114 ) ;
#2707 = AXIS2_PLACEMENT_3D ( 'NONE', #3694, #4447, #6596 ) ;
#2708 = DIRECTION ( 'NONE',  ( 1.000000000000000000, 0.000000000000000000, 0.000000000000000000 ) ) ;
#2709 = EDGE_LOOP ( 'NONE', ( #9119, #5068, #1207, #7777, #3129, #5541, #2262 ) ) ;
#2710 = ORIENTED_EDGE ( 'NONE', *, *, #42, .F. ) ;
#2711 = DIRECTION ( 'NONE',  ( -1.000000000000000000, -0.000000000000000000, -0.000000000000000000 ) ) ;
#2712 = CARTESIAN_POINT ( 'NONE',  ( 1.148814308195339473, 1.164200305649541578, 0.9000000000000000222 ) ) ;
#2713 = CARTESIAN_POINT ( 'NONE',  ( 1.283248620860648836, 1.213339389217999775, 0.9100000000000000311 ) ) ;
#2714 = VECTOR ( 'NONE', #5619, 1000.000000000000000 ) ;
#2715 = DIRECTION ( 'NONE',  ( 0.000000000000000000, 0.000000000000000000, 1.000000000000000000 ) ) ;
#2716 = CARTESIAN_POINT ( 'NONE',  ( 1.147521956239419438, 1.164586525774281345, 0.9100000000000000311 ) ) ;
#2717 = CARTESIAN_POINT ( 'NONE',  ( 0.8975869957232925911, 1.253990743147983311, 0.9100000000000000311 ) ) ;
#2718 = EDGE_CURVE ( 'NONE', #5421, #7212, #1173, .T. ) ;
#2719 = ORIENTED_EDGE ( 'NONE', *, *, #3774, .T. ) ;
#2720 = EDGE_LOOP ( 'NONE', ( #3340, #8234, #2424, #5771, #2634, #7454, #6044 ) ) ;
#2721 = ORIENTED_EDGE ( 'NONE', *, *, #5239, .F. ) ;
#2722 = B_SPLINE_CURVE_WITH_KNOTS ( 'NONE', 3,
 ( #7161, #1321, #3587, #2031 ),
 .UNSPECIFIED., .F., .F.,
 ( 4, 4 ),
 ( 7.000000000000000000, 8.000000000000000000 ),
 .UNSPECIFIED. ) ;
#2723 = ORIENTED_EDGE ( 'NONE', *, *, #2782, .T. ) ;
#2724 = ADVANCED_FACE ( 'NONE', ( #7366 ), #3887, .F. ) ;
#2725 = MECHANICAL_DESIGN_GEOMETRIC_PRESENTATION_REPRESENTATION (  '', ( #5608 ), #1058 ) ;
#2726 = CARTESIAN_POINT ( 'NONE',  ( 1.235936655574719101, 1.183541021129224102, 0.9100000000000000311 ) ) ;
#2727 = LINE ( 'NONE', #1351, #489 ) ;
#2728 = CARTESIAN_POINT ( 'NONE',  ( 1.207549476403001698, 1.321005676311579835, 0.9100000000000000311 ) ) ;
#2729 = DIRECTION ( 'NONE',  ( -1.492587713023452677E-14, 1.000000000000000000, 0.000000000000000000 ) ) ;
#2730 = ORIENTED_EDGE ( 'NONE', *, *, #3493, .F. ) ;
#2731 = DIRECTION ( 'NONE',  ( 1.000000000000000000, 0.000000000000000000, -0.000000000000000000 ) ) ;
#2732 =( GEOMETRIC_REPRESENTATION_CONTEXT ( 3 ) GLOBAL_UNCERTAINTY_ASSIGNED_CONTEXT ( ( #105 ) ) GLOBAL_UNIT_ASSIGNED_CONTEXT ( ( #7094, #5627, #5439 ) ) REPRESENTATION_CONTEXT ( 'NONE', 'WORKASPACE' ) );
#2733 = ORIENTED_EDGE ( 'NONE', *, *, #8765, .T. ) ;
#2734 = VERTEX_POINT ( 'NONE', #1637 ) ;
#2735 = CARTESIAN_POINT ( 'NONE',  ( 0.000000000000000000, 0.000000000000000000, 0.000000000000000000 ) ) ;
#2736 = CARTESIAN_POINT ( 'NONE',  ( 1.269151586305875323, 1.196226866766145536, 0.9000000000000000222 ) ) ;
#2737 = CARTESIAN_POINT ( 'NONE',  ( 1.061053212148381109, 1.209714861893276483, 0.9100000000000000311 ) ) ;
#2738 = CARTESIAN_POINT ( 'NONE',  ( 1.093213464846687577, 1.274748389058698805, 0.9000000000000000222 ) ) ;
#2739 = PRESENTATION_LAYER_ASSIGNMENT (  '', '', ( #6230 ) ) ;
#2740 = CARTESIAN_POINT ( 'NONE',  ( 0.9595617623785821504, 1.258535538459945702, 0.9000000000000000222 ) ) ;
#2741 = DIRECTION ( 'NONE',  ( 0.3897582650655311287, 0.9209172030172457779, 0.000000000000000000 ) ) ;
#2742 = ORIENTED_EDGE ( 'NONE', *, *, #3283, .F. ) ;
#2743 = CARTESIAN_POINT ( 'NONE',  ( 1.089752338343803251, 1.182560616197007253, 0.9000000000000000222 ) ) ;
#2744 = EDGE_LOOP ( 'NONE', ( #2379, #7409, #1925, #8308, #2028, #5678 ) ) ;
#2745 = CARTESIAN_POINT ( 'NONE',  ( 1.105052597133295178, 1.282740174717684534, 0.9100000000000000311 ) ) ;
#2746 = DIRECTION ( 'NONE',  ( -0.000000000000000000, -0.000000000000000000, -1.000000000000000000 ) ) ;
#2747 = EDGE_CURVE ( 'NONE', #1451, #853, #2476, .T. ) ;
#2748 = SURFACE_STYLE_FILL_AREA ( #7968 ) ;
#2749 = CARTESIAN_POINT ( 'NONE',  ( 0.8401570243797654713, 1.324641973037194775, 0.9100000000000000311 ) ) ;
#2750 = EDGE_CURVE ( 'NONE', #4774, #9069, #261, .T. ) ;
#2751 = CARTESIAN_POINT ( 'NONE',  ( 0.8339595461381381636, 1.156070583778161076, 0.9000000000000000222 ) ) ;
#2752 = LINE ( 'NONE', #5655, #5444 ) ;
#2753 = CARTESIAN_POINT ( 'NONE',  ( 0.9062634589572108323, 1.341581746996276969, 0.9000000000000000222 ) ) ;
#2754 = CARTESIAN_POINT ( 'NONE',  ( 1.152186306977023067, 1.282353954592944989, 0.9100000000000000311 ) ) ;
#2755 = ORIENTED_EDGE ( 'NONE', *, *, #3619, .T. ) ;
#2756 = B_SPLINE_CURVE_WITH_KNOTS ( 'NONE', 3,
 ( #570, #6921, #380, #1091 ),
 .UNSPECIFIED., .F., .F.,
 ( 4, 4 ),
 ( 10.00000000000000000, 11.00000000000000000 ),
 .UNSPECIFIED. ) ;
#2757 = CARTESIAN_POINT ( 'NONE',  ( 0.7885113802467559330, 1.315965501922772507, 0.9000000000000000222 ) ) ;
#2758 = ORIENTED_EDGE ( 'NONE', *, *, #4912, .T. ) ;
#2759 = CARTESIAN_POINT ( 'NONE',  ( 0.7707452751660485157, 1.315965501922772507, 0.9100000000000000311 ) ) ;
#2760 = CARTESIAN_POINT ( 'NONE',  ( -1.195490597087386142, -1.198655526412927497, 0.8799999999999998934 ) ) ;
#2761 = LINE ( 'NONE', #5755, #3456 ) ;
#2762 = VECTOR ( 'NONE', #4548, 1000.000000000000227 ) ;
#2763 = PRESENTATION_STYLE_ASSIGNMENT (( #2804 ) ) ;
#2764 = CARTESIAN_POINT ( 'NONE',  ( 1.239590892139771805, 1.326412758058725494, 0.9000000000000000222 ) ) ;
#2765 = DIRECTION ( 'NONE',  ( 0.000000000000000000, 0.000000000000000000, -1.000000000000000000 ) ) ;
#2766 = ORIENTED_EDGE ( 'NONE', *, *, #7292, .F. ) ;
#2767 = ORIENTED_EDGE ( 'NONE', *, *, #4537, .F. ) ;
#2768 = UNCERTAINTY_MEASURE_WITH_UNIT (LENGTH_MEASURE( 1.000000000000000082E-05 ), #3505, 'distance_accuracy_value', 'NONE');
#2769 = B_SPLINE_CURVE_WITH_KNOTS ( 'NONE', 3,
 ( #8402, #6174, #7644, #4756 ),
 .UNSPECIFIED., .F., .F.,
 ( 4, 4 ),
 ( 24.00000000000000000, 25.00000000000000000 ),
 .UNSPECIFIED. ) ;
#2770 = CARTESIAN_POINT ( 'NONE',  ( 1.114203043166696494, 1.184996773907179834, 0.9000000000000000222 ) ) ;
#2771 = FACE_BOUND ( 'NONE', #2054, .T. ) ;
#2772 = DIRECTION ( 'NONE',  ( -0.000000000000000000, -0.000000000000000000, 1.000000000000000000 ) ) ;
#2773 = SURFACE_SIDE_STYLE ('',( #6384 ) ) ;
#2774 = CARTESIAN_POINT ( 'NONE',  ( -0.2500000000000000000, -1.450000000000000400, 0.000000000000000000 ) ) ;
#2775 = ORIENTED_EDGE ( 'NONE', *, *, #4116, .F. ) ;
#2776 = DIRECTION ( 'NONE',  ( -0.000000000000000000, -0.000000000000000000, -1.000000000000000000 ) ) ;
#2777 = EDGE_CURVE ( 'NONE', #439, #4556, #8843, .T. ) ;
#2778 = ORIENTED_EDGE ( 'NONE', *, *, #399, .F. ) ;
#2779 = CARTESIAN_POINT ( 'NONE',  ( 1.075566176068029511, 1.291652946828211634, 0.9000000000000000222 ) ) ;
#2780 = DIRECTION ( 'NONE',  ( -0.000000000000000000, -0.000000000000000000, -1.000000000000000000 ) ) ;
#2781 = CARTESIAN_POINT ( 'NONE',  ( 0.7918166988234777159, 1.315965501922772507, 0.9100000000000000311 ) ) ;
#2782 = EDGE_CURVE ( 'NONE', #456, #9020, #6663, .T. ) ;
#2783 = LINE ( 'NONE', #7872, #754 ) ;
#2784 = CARTESIAN_POINT ( 'NONE',  ( 1.252217319296026199, 1.234967716206178068, 0.9100000000000000311 ) ) ;
#2785 = ORIENTED_EDGE ( 'NONE', *, *, #1783, .T. ) ;
#2786 = SURFACE_STYLE_USAGE ( .BOTH. , #2167 ) ;
#2787 = ADVANCED_FACE ( 'NONE', ( #2439 ), #4614, .F. ) ;
#2788 = FACE_OUTER_BOUND ( 'NONE', #3967, .T. ) ;
#2789 = DIRECTION ( 'NONE',  ( -1.000000000000000000, -0.000000000000000000, -0.000000000000000000 ) ) ;
#2790 = DIRECTION ( 'NONE',  ( 0.3667976789509080349, 0.9303007377811900458, -0.000000000000000000 ) ) ;
#2791 = CARTESIAN_POINT ( 'NONE',  ( 1.105052597133295178, 1.282740174717684534, 0.9000000000000000222 ) ) ;
#2792 = ADVANCED_FACE ( 'NONE', ( #182, #3039 ), #8885, .F. ) ;
#2793 = CARTESIAN_POINT ( 'NONE',  ( 1.179444535014458895, 1.327155489067869620, 0.9000000000000000222 ) ) ;
#2794 = FILL_AREA_STYLE_COLOUR ( '', #2101 ) ;
#2795 = CARTESIAN_POINT ( 'NONE',  ( 1.084761185961930607, 1.208199690634653711, 0.9100000000000000311 ) ) ;
#2796 = VERTEX_POINT ( 'NONE', #6610 ) ;
#2797 = EDGE_CURVE ( 'NONE', #8422, #816, #5385, .T. ) ;
#2798 = DIRECTION ( 'NONE',  ( 0.000000000000000000, 0.000000000000000000, 1.000000000000000000 ) ) ;
#2799 = ORIENTED_EDGE ( 'NONE', *, *, #1027, .T. ) ;
#2800 = CARTESIAN_POINT ( 'NONE',  ( 0.7967746845690611979, 1.291175612597763145, 0.9000000000000000222 ) ) ;
#2801 = VERTEX_POINT ( 'NONE', #1728 ) ;
#2802 = CARTESIAN_POINT ( 'NONE',  ( 1.095605058696355938, 1.328046766278684343, 0.9100000000000000311 ) ) ;
#2803 = LINE ( 'NONE', #1294, #9379 ) ;
#2804 = SURFACE_STYLE_USAGE ( .BOTH. , #3473 ) ;
#2805 = CARTESIAN_POINT ( 'NONE',  ( 1.075566176068029511, 1.291652946828211634, 0.9000000000000000222 ) ) ;
#2806 = CARTESIAN_POINT ( 'NONE',  ( 0.2500000000000000000, 1.450000000000000400, -0.02000000000000000042 ) ) ;
#2807 = VECTOR ( 'NONE', #8955, 1000.000000000000000 ) ;
#2808 = EDGE_CURVE ( 'NONE', #5924, #4081, #2997, .T. ) ;
#2809 = ORIENTED_EDGE ( 'NONE', *, *, #266, .F. ) ;
#2810 = VERTEX_POINT ( 'NONE', #3898 ) ;
#2811 = DIRECTION ( 'NONE',  ( 0.000000000000000000, 0.000000000000000000, 1.000000000000000000 ) ) ;
#2812 = FILL_AREA_STYLE ('',( #6334 ) ) ;
#2813 = CARTESIAN_POINT ( 'NONE',  ( 0.8112354671327967059, 1.239116793792133686, 0.9100000000000000311 ) ) ;
#2814 = FACE_OUTER_BOUND ( 'NONE', #7677, .T. ) ;
#2815 = DIRECTION ( 'NONE',  ( -1.000000000000000000, 0.000000000000000000, 0.000000000000000000 ) ) ;
#2816 = ADVANCED_FACE ( 'NONE', ( #6798 ), #3706, .F. ) ;
#2817 = ORIENTED_EDGE ( 'NONE', *, *, #498, .T. ) ;
#2818 = EDGE_CURVE ( 'NONE', #1792, #7625, #4281, .T. ) ;
#2819 = FACE_BOUND ( 'NONE', #2562, .T. ) ;
#2820 = CARTESIAN_POINT ( 'NONE',  ( 1.186485624981958642, 1.282353954592944989, 0.9100000000000000311 ) ) ;
#2821 = MANIFOLD_SOLID_BREP ( 'ÕπÃ®-¿≠…Ï4', #7278 ) ;
#2822 = CARTESIAN_POINT ( 'NONE',  ( 1.116312399232795238, 1.207278704183104567, 0.9000000000000000222 ) ) ;
#2823 = CARTESIAN_POINT ( 'NONE',  ( 0.8959343285546285118, 1.189536959978600761, 0.9000000000000000222 ) ) ;
#2824 = CARTESIAN_POINT ( 'NONE',  ( 0.9451009798148459762, 1.272996321023685207, 0.9000000000000000222 ) ) ;
#2825 = VECTOR ( 'NONE', #13, 1000.000000000000000 ) ;
#2826 = CARTESIAN_POINT ( 'NONE',  ( 1.073248855319393069, 1.282680756237013497, 0.9100000000000000311 ) ) ;
#2827 = VECTOR ( 'NONE', #3763, 1000.000000000000000 ) ;
#2828 = ORIENTED_EDGE ( 'NONE', *, *, #541, .T. ) ;
#2829 = CARTESIAN_POINT ( 'NONE',  ( 1.123962528627540758, 1.218538506282406564, 0.9000000000000000222 ) ) ;
#2830 = ORIENTED_EDGE ( 'NONE', *, *, #4454, .T. ) ;
#2831 = CARTESIAN_POINT ( 'NONE',  ( 1.097060811474313002, 1.209922826576012023, 0.9100000000000000311 ) ) ;
#2832 = LINE ( 'NONE', #1422, #656 ) ;
#2833 = STYLED_ITEM ( 'NONE', ( #1687 ), #5377 ) ;
#2834 = CARTESIAN_POINT ( 'NONE',  ( 1.121155005412799444, 1.182560616197007253, 0.9000000000000000222 ) ) ;
#2835 = VECTOR ( 'NONE', #3356, 1000.000000000000000 ) ;
#2836 = CARTESIAN_POINT ( 'NONE',  ( 1.201206553584558190, 1.216369731735640114, 0.9100000000000000311 ) ) ;
#2837 = FACE_OUTER_BOUND ( 'NONE', #6898, .T. ) ;
#2838 =( NAMED_UNIT ( * ) PLANE_ANGLE_UNIT ( ) SI_UNIT ( $, .RADIAN. ) );
#2839 = CARTESIAN_POINT ( 'NONE',  ( 1.084880022923465415, 1.274748389058698805, 0.9100000000000000311 ) ) ;
#2840 = EDGE_LOOP ( 'NONE', ( #3273, #5567, #1768, #1153 ) ) ;
#2841 = MECHANICAL_DESIGN_GEOMETRIC_PRESENTATION_REPRESENTATION (  '', ( #9218 ), #7702 ) ;
#2842 = EDGE_CURVE ( 'NONE', #8705, #6884, #1352, .T. ) ;
#2843 = ORIENTED_EDGE ( 'NONE', *, *, #7953, .T. ) ;
#2844 = CARTESIAN_POINT ( 'NONE',  ( 0.9079161261260743077, 1.183339481736770615, 0.9100000000000000311 ) ) ;
#2845 = VERTEX_POINT ( 'NONE', #81 ) ;
#2846 = ORIENTED_EDGE ( 'NONE', *, *, #6922, .F. ) ;
#2847 = LINE ( 'NONE', #3651, #1001 ) ;
#2848 = CARTESIAN_POINT ( 'NONE',  ( 0.7476080254281427528, 1.249859090987030186, 0.9100000000000000311 ) ) ;
#2849 = VECTOR ( 'NONE', #4995, 1000.000000000000000 ) ;
#2850 = LINE ( 'NONE', #5757, #7717 ) ;
#2851 = VECTOR ( 'NONE', #3938, 1000.000000000000000 ) ;
#2852 = ORIENTED_EDGE ( 'NONE', *, *, #4013, .T. ) ;
#2853 = EDGE_LOOP ( 'NONE', ( #4641, #7319, #8180, #3315 ) ) ;
#2854 =( GEOMETRIC_REPRESENTATION_CONTEXT ( 3 ) GLOBAL_UNCERTAINTY_ASSIGNED_CONTEXT ( ( #951 ) ) GLOBAL_UNIT_ASSIGNED_CONTEXT ( ( #5706, #7178, #3559 ) ) REPRESENTATION_CONTEXT ( 'NONE', 'WORKASPACE' ) );
#2855 = EDGE_LOOP ( 'NONE', ( #8324, #5139, #988, #6121 ) ) ;
#2856 = SURFACE_STYLE_USAGE ( .BOTH. , #1485 ) ;
#2857 = PLANE ( 'NONE',  #769 ) ;
#2858 = CARTESIAN_POINT ( 'NONE',  ( 1.179147442611117924, 1.275728793990915433, 0.9100000000000000311 ) ) ;
#2859 = EDGE_CURVE ( 'NONE', #6741, #9340, #2946, .T. ) ;
#2860 = DIRECTION ( 'NONE',  ( 0.000000000000000000, 0.000000000000000000, -1.000000000000000000 ) ) ;
#2861 = CARTESIAN_POINT ( 'NONE',  ( 1.322227144223355744, 1.206001206847159946, 0.9100000000000000311 ) ) ;
#2862 = EDGE_CURVE ( 'NONE', #1356, #6034, #653, .T. ) ;
#2863 = VECTOR ( 'NONE', #3930, 1000.000000000000000 ) ;
#2864 = CARTESIAN_POINT ( 'NONE',  ( 1.101086413544136722, 1.334820473082782177, 0.9100000000000000311 ) ) ;
#2865 = UNCERTAINTY_MEASURE_WITH_UNIT (LENGTH_MEASURE( 1.000000000000000082E-05 ), #1956, 'distance_accuracy_value', 'NONE');
#2866 = ORIENTED_EDGE ( 'NONE', *, *, #9376, .T. ) ;
#2867 = LINE ( 'NONE', #1410, #8663 ) ;
#2868 = ADVANCED_FACE ( 'NONE', ( #6565 ), #4408, .F. ) ;
#2869 = CARTESIAN_POINT ( 'NONE',  ( 1.170665454486224943, 1.327155489067869620, 0.9100000000000000311 ) ) ;
#2870 = FACE_OUTER_BOUND ( 'NONE', #6143, .T. ) ;
#2871 = CARTESIAN_POINT ( 'NONE',  ( -0.2500000000000000000, 0.4500000000000002887, 0.000000000000000000 ) ) ;
#2872 = CARTESIAN_POINT ( 'NONE',  ( 0.9599749370513984692, 1.191189627147457797, 0.9100000000000000311 ) ) ;
#2873 = ORIENTED_EDGE ( 'NONE', *, *, #6118, .F. ) ;
#2874 = CARTESIAN_POINT ( 'NONE',  ( 1.195873744938231731, 1.278432334864485931, 0.9100000000000000311 ) ) ;
#2875 = VECTOR ( 'NONE', #459, 1000.000000000000000 ) ;
#2876 = EDGE_LOOP ( 'NONE', ( #7020, #7320, #4048, #4442 ) ) ;
#2877 = VECTOR ( 'NONE', #8724, 1000.000000000000000 ) ;
#2878 = CARTESIAN_POINT ( 'NONE',  ( 0.7500000000000000000, 0.4500000000000002887, -0.02000000000000000042 ) ) ;
#2879 = EDGE_LOOP ( 'NONE', ( #2644, #465, #3269, #2025 ) ) ;
#2880 = LINE ( 'NONE', #1376, #3485 ) ;
#2881 = VECTOR ( 'NONE', #717, 1000.000000000000000 ) ;
#2882 = CARTESIAN_POINT ( 'NONE',  ( 1.078373699282968223, 1.193255942729563923, 0.9100000000000000311 ) ) ;
#2883 = B_SPLINE_CURVE_WITH_KNOTS ( 'NONE', 3,
 ( #5614, #2564, #6995, #5472 ),
 .UNSPECIFIED., .F., .F.,
 ( 4, 4 ),
 ( 5.000000000000000000, 6.000000000000000000 ),
 .UNSPECIFIED. ) ;
#2884 = FILL_AREA_STYLE_COLOUR ( '', #9222 ) ;
#2885 = CARTESIAN_POINT ( 'NONE',  ( 1.201206553584558190, 1.216369731735640114, 0.9100000000000000311 ) ) ;
#2886 = DIRECTION ( 'NONE',  ( -0.3385350343141491636, -0.9409537876760567521, 0.000000000000000000 ) ) ;
#2887 = CARTESIAN_POINT ( 'NONE',  ( 0.8112354592522946772, 1.156070583778161076, 0.9100000000000000311 ) ) ;
#2888 = VERTEX_POINT ( 'NONE', #9324 ) ;
#2889 = EDGE_CURVE ( 'NONE', #8914, #3377, #5010, .T. ) ;
#2890 = MECHANICAL_DESIGN_GEOMETRIC_PRESENTATION_REPRESENTATION (  '', ( #1689 ), #4121 ) ;
#2891 = ORIENTED_EDGE ( 'NONE', *, *, #9271, .F. ) ;
#2892 = DIRECTION ( 'NONE',  ( -0.000000000000000000, -0.000000000000000000, -1.000000000000000000 ) ) ;
#2893 = ORIENTED_EDGE ( 'NONE', *, *, #4517, .F. ) ;
#2894 = ORIENTED_EDGE ( 'NONE', *, *, #2495, .T. ) ;
#2895 = CARTESIAN_POINT ( 'NONE',  ( 1.179147442611117924, 1.275728793990915433, 0.9000000000000000222 ) ) ;
#2896 = CARTESIAN_POINT ( 'NONE',  ( 0.7476080254281427528, 1.272583177873071181, 0.9100000000000000311 ) ) ;
#2897 = CARTESIAN_POINT ( 'NONE',  ( 1.137554506095840301, 1.185858341877657818, 0.9100000000000000311 ) ) ;
#2898 = EDGE_CURVE ( 'NONE', #8510, #1848, #7568, .T. ) ;
#2899 = CARTESIAN_POINT ( 'NONE',  ( 0.7389315424931681697, 1.203997742542332272, 0.9100000000000000311 ) ) ;
#2900 = ORIENTED_EDGE ( 'NONE', *, *, #3188, .F. ) ;
#2901 = EDGE_CURVE ( 'NONE', #866, #8299, #5058, .T. ) ;
#2902 = AXIS2_PLACEMENT_3D ( 'NONE', #2735, #752, #2020 ) ;
#2903 = B_SPLINE_CURVE_WITH_KNOTS ( 'NONE', 3,
 ( #8317, #6241, #1823, #7656 ),
 .UNSPECIFIED., .F., .F.,
 ( 4, 4 ),
 ( 16.00000000000000000, 17.00000000000000000 ),
 .UNSPECIFIED. ) ;
#2904 = ORIENTED_EDGE ( 'NONE', *, *, #6108, .T. ) ;
#2905 = ORIENTED_EDGE ( 'NONE', *, *, #5720, .T. ) ;
#2906 = ORIENTED_EDGE ( 'NONE', *, *, #3805, .T. ) ;
#2907 = CARTESIAN_POINT ( 'NONE',  ( 0.9851780089295304466, 1.226721829428373267, 0.9100000000000000311 ) ) ;
#2908 = CARTESIAN_POINT ( 'NONE',  ( 1.239769147581776254, 1.326412758058725494, 0.9000000000000000222 ) ) ;
#2909 = VECTOR ( 'NONE', #6537, 1000.000000000000000 ) ;
#2910 = FACE_BOUND ( 'NONE', #2089, .T. ) ;
#2911 = CARTESIAN_POINT ( 'NONE',  ( 0.8422228583409444580, 1.225069178020515848, 0.9000000000000000222 ) ) ;
#2912 = DIRECTION ( 'NONE',  ( -0.000000000000000000, -0.000000000000000000, 1.000000000000000000 ) ) ;
#2913 = VERTEX_POINT ( 'NONE', #1449 ) ;
#2914 = DIRECTION ( 'NONE',  ( 1.000000000000000000, -0.000000000000000000, -0.000000000000000000 ) ) ;
#2915 = EDGE_CURVE ( 'NONE', #9020, #3565, #7232, .T. ) ;
#2916 = B_SPLINE_CURVE_WITH_KNOTS ( 'NONE', 3,
 ( #4172, #1468, #7830, #1287 ),
 .UNSPECIFIED., .F., .F.,
 ( 4, 4 ),
 ( 2.000000000000000000, 3.000000000000000000 ),
 .UNSPECIFIED. ) ;
#2917 = DIRECTION ( 'NONE',  ( 1.000000000000000000, -0.000000000000000000, -0.000000000000000000 ) ) ;
#2918 = CARTESIAN_POINT ( 'NONE',  ( 1.075046264361588344, 1.215062525159354978, 0.9000000000000000222 ) ) ;
#2919 = LINE ( 'NONE', #7871, #5341 ) ;
#2920 = CARTESIAN_POINT ( 'NONE',  ( 0.7947088506078845427, 1.196973914955268059, 0.9100000000000000311 ) ) ;
#2921 = CARTESIAN_POINT ( 'NONE',  ( 1.065791835987018654, 1.303685189176992054, 0.9000000000000000222 ) ) ;
#2922 = CARTESIAN_POINT ( 'NONE',  ( -1.250000000000000000, 0.4500000000000002887, -0.02000000000000000042 ) ) ;
#2923 = ADVANCED_FACE ( 'NONE', ( #8749 ), #202, .T. ) ;
#2924 = EDGE_CURVE ( 'NONE', #8264, #4877, #2701, .T. ) ;
#2925 = CARTESIAN_POINT ( 'NONE',  ( 1.118911957764999965, 1.222697799933933682, 0.9000000000000000222 ) ) ;
#2926 = FACE_OUTER_BOUND ( 'NONE', #8048, .T. ) ;
#2927 = CARTESIAN_POINT ( 'NONE',  ( 1.099333568362444780, 1.225995525614980153, 0.9100000000000000311 ) ) ;
#2928 = CARTESIAN_POINT ( 'NONE',  ( 1.095530785595322243, 1.334820473082782177, 0.9100000000000000311 ) ) ;
#2929 = LINE ( 'NONE', #8588, #1683 ) ;
#2930 = CARTESIAN_POINT ( 'NONE',  ( 0.8112354671327967059, 1.239116793792133686, 0.9100000000000000311 ) ) ;
#2931 = LINE ( 'NONE', #4989, #8927 ) ;
#2932 = CARTESIAN_POINT ( 'NONE',  ( 1.227573504410765182, 1.291623237587878226, 0.9100000000000000311 ) ) ;
#2933 = LINE ( 'NONE', #637, #2849 ) ;
#2934 = CARTESIAN_POINT ( 'NONE',  ( 0.9298138636666800627, 1.208542553615299164, 0.9000000000000000222 ) ) ;
#2935 = CARTESIAN_POINT ( 'NONE',  ( 1.213699289159290595, 1.275728793990915433, 0.9000000000000000222 ) ) ;
#2936 = ADVANCED_FACE ( 'NONE', ( #304 ), #3036, .F. ) ;
#2937 = CARTESIAN_POINT ( 'NONE',  ( 1.170665454486224943, 1.282353954592944989, 0.9000000000000000222 ) ) ;
#2938 = CARTESIAN_POINT ( 'NONE',  ( 0.8112354592522946772, 1.156070583778161076, 0.9100000000000000311 ) ) ;
#2939 = VERTEX_POINT ( 'NONE', #221 ) ;
#2940 = LINE ( 'NONE', #5843, #7559 ) ;
#2941 = ORIENTED_EDGE ( 'NONE', *, *, #8529, .T. ) ;
#2942 = ORIENTED_EDGE ( 'NONE', *, *, #6836, .T. ) ;
#2943 = ORIENTED_EDGE ( 'NONE', *, *, #2121, .T. ) ;
#2944 = B_SPLINE_CURVE_WITH_KNOTS ( 'NONE', 3,
 ( #3011, #1738, #8903, #1601 ),
 .UNSPECIFIED., .F., .F.,
 ( 4, 4 ),
 ( 4.000000000000000000, 5.000000000000000000 ),
 .UNSPECIFIED. ) ;
#2945 = CARTESIAN_POINT ( 'NONE',  ( 0.9599749370513984692, 1.191189627147457797, 0.9000000000000000222 ) ) ;
#2946 = LINE ( 'NONE', #4371, #1636 ) ;
#2947 = DIRECTION ( 'NONE',  ( -0.4673073067545173154, 0.8840949502479015232, 0.000000000000000000 ) ) ;
#2948 = FACE_OUTER_BOUND ( 'NONE', #5428, .T. ) ;
#2949 = ADVANCED_FACE ( 'NONE', ( #7462 ), #3965, .F. ) ;
#2950 = CARTESIAN_POINT ( 'NONE',  ( 1.201711610670615382, 1.326145374895321360, 0.9100000000000000311 ) ) ;
#2951 = CARTESIAN_POINT ( 'NONE',  ( 1.076932801124982353, 1.183659858090557515, 0.9000000000000000222 ) ) ;
#2952 = ORIENTED_EDGE ( 'NONE', *, *, #6569, .T. ) ;
#2953 = CARTESIAN_POINT ( 'NONE',  ( 1.129696412018558638, 1.220083386781760870, 0.9100000000000000311 ) ) ;
#2954 = CARTESIAN_POINT ( 'NONE',  ( 0.8108222924599810533, 1.213087364687867931, 0.9100000000000000311 ) ) ;
#2955 = CARTESIAN_POINT ( 'NONE',  ( 0.7215786042045757576, 1.266798842781855505, 0.9000000000000000222 ) ) ;
#2956 = LINE ( 'NONE', #3093, #8131 ) ;
#2957 = ORIENTED_EDGE ( 'NONE', *, *, #1588, .T. ) ;
#2958 = CARTESIAN_POINT ( 'NONE',  ( 1.079784888200421955, 1.331968386007539973, 0.9100000000000000311 ) ) ;
#2959 = CARTESIAN_POINT ( 'NONE',  ( 1.322227144223355744, 1.206001206847159946, 0.9000000000000000222 ) ) ;
#2960 = PRESENTATION_STYLE_ASSIGNMENT (( #4478 ) ) ;
#2961 = B_SPLINE_CURVE_WITH_KNOTS ( 'NONE', 3,
 ( #6579, #8102, #3855, #5350 ),
 .UNSPECIFIED., .F., .F.,
 ( 4, 4 ),
 ( 5.000000000000000000, 6.000000000000000000 ),
 .UNSPECIFIED. ) ;
#2962 = CARTESIAN_POINT ( 'NONE',  ( 1.109301018506022807, 1.332443733853280632, 0.9100000000000000311 ) ) ;
#2963 = DIRECTION ( 'NONE',  ( -9.327481043576872826E-14, 1.000000000000000000, -0.000000000000000000 ) ) ;
#2964 = FACE_OUTER_BOUND ( 'NONE', #7786, .T. ) ;
#2965 = EDGE_CURVE ( 'NONE', #3276, #3565, #8125, .T. ) ;
#2966 = ORIENTED_EDGE ( 'NONE', *, *, #7419, .F. ) ;
#2967 = CARTESIAN_POINT ( 'NONE',  ( 1.243438238767396786, 1.190166181731256767, 0.9000000000000000222 ) ) ;
#2968 = B_SPLINE_SURFACE_WITH_KNOTS ( 'NONE', 3, 1, ( 
 ( #7592, #3976 ),
 ( #1244, #6984 ),
 ( #2556, #4135 ),
 ( #7541, #6119 ) ),
 .UNSPECIFIED., .F., .F., .F.,
 ( 4, 4 ),
 ( 2, 2 ),
 ( 4.000000000000000000, 5.000000000000000000 ),
 ( 0.000000000000000000, 1.000000000000000000 ),
 .UNSPECIFIED. ) ;
#2969 = DIRECTION ( 'NONE',  ( 0.000000000000000000, -0.000000000000000000, -1.000000000000000000 ) ) ;
#2970 = CARTESIAN_POINT ( 'NONE',  ( 1.268988185483642006, 1.229501215978365369, 0.9100000000000000311 ) ) ;
#2971 = VERTEX_POINT ( 'NONE', #4608 ) ;
#2972 = DIRECTION ( 'NONE',  ( -0.3315284183576200361, -0.9434452330799572017, 0.000000000000000000 ) ) ;
#2973 = COLOUR_RGB ( '',0.2980392156862745057, 0.2980392156862745057, 0.2980392156862745057 ) ;
#2974 = CARTESIAN_POINT ( 'NONE',  ( 1.137554506095840301, 1.185858341877657818, 0.9100000000000000311 ) ) ;
#2975 = PLANE ( 'NONE',  #8912 ) ;
#2976 = DIRECTION ( 'NONE',  ( 0.000000000000000000, 1.000000000000000000, -0.000000000000000000 ) ) ;
#2977 = EDGE_CURVE ( 'NONE', #1060, #437, #924, .T. ) ;
#2978 = CARTESIAN_POINT ( 'NONE',  ( 1.083855054130750561, 1.325907700972251080, 0.9000000000000000222 ) ) ;
#2979 = LINE ( 'NONE', #3792, #1204 ) ;
#2980 = PRESENTATION_LAYER_ASSIGNMENT (  '', '', ( #5278 ) ) ;
#2981 = MECHANICAL_DESIGN_GEOMETRIC_PRESENTATION_REPRESENTATION (  '', ( #5870 ), #5731 ) ;
#2982 = ORIENTED_EDGE ( 'NONE', *, *, #9009, .T. ) ;
#2983 = ORIENTED_EDGE ( 'NONE', *, *, #645, .T. ) ;
#2984 = CARTESIAN_POINT ( 'NONE',  ( 1.094297852120070136, 1.281432968141398954, 0.9000000000000000222 ) ) ;
#2985 = AXIS2_PLACEMENT_3D ( 'NONE', #1746, #5266, #4633 ) ;
#2986 = CARTESIAN_POINT ( 'NONE',  ( 1.165897121407055481, 1.190433564894261886, 0.9100000000000000311 ) ) ;
#2987 =( GEOMETRIC_REPRESENTATION_CONTEXT ( 3 ) GLOBAL_UNCERTAINTY_ASSIGNED_CONTEXT ( ( #8158 ) ) GLOBAL_UNIT_ASSIGNED_CONTEXT ( ( #494, #3986, #3939 ) ) REPRESENTATION_CONTEXT ( 'NONE', 'WORKASPACE' ) );
#2988 = AXIS2_PLACEMENT_3D ( 'NONE', #8304, #4709, #493 ) ;
#2989 = CARTESIAN_POINT ( 'NONE',  ( 1.118911957764999965, 1.222697799933933682, 0.9000000000000000222 ) ) ;
#2990 = CARTESIAN_POINT ( 'NONE',  ( 1.097060811474313002, 1.196969597775290994, 0.9100000000000000311 ) ) ;
#2991 = DIRECTION ( 'NONE',  ( -0.000000000000000000, -0.000000000000000000, -1.000000000000000000 ) ) ;
#2992 = VERTEX_POINT ( 'NONE', #174 ) ;
#2993 = CARTESIAN_POINT ( 'NONE',  ( 1.088653096450254543, 1.220083386781760870, 0.9000000000000000222 ) ) ;
#2994 = STYLED_ITEM ( 'NONE', ( #1561 ), #4757 ) ;
#2995 = VECTOR ( 'NONE', #8293, 1000.000000000000000 ) ;
#2996 = EDGE_CURVE ( 'NONE', #5280, #4295, #7800, .T. ) ;
#2997 = LINE ( 'NONE', #7507, #4204 ) ;
#2998 = CARTESIAN_POINT ( 'NONE',  ( -0.2500000000000000000, 0.4500000000000002887, -0.02000000000000000042 ) ) ;
#2999 = CARTESIAN_POINT ( 'NONE',  ( 1.251920226892687893, 1.183541021129224102, 0.9000000000000000222 ) ) ;
#3000 = VECTOR ( 'NONE', #3580, 1000.000000000000000 ) ;
#3001 = PLANE ( 'NONE',  #632 ) ;
#3002 = CARTESIAN_POINT ( 'NONE',  ( 0.8108222924599810533, 1.180860465222669520, 0.9100000000000000311 ) ) ;
#3003 = CARTESIAN_POINT ( 'NONE',  ( 0.9322928644199732773, 1.183339481736770615, 0.9100000000000000311 ) ) ;
#3004 = EDGE_CURVE ( 'NONE', #7596, #345, #3487, .T. ) ;
#3005 = DIRECTION ( 'NONE',  ( -0.000000000000000000, -0.000000000000000000, -1.000000000000000000 ) ) ;
#3006 = CARTESIAN_POINT ( 'NONE',  ( 0.7500000000000000000, 1.450000000000000400, -0.02000000000000000042 ) ) ;
#3007 = ORIENTED_EDGE ( 'NONE', *, *, #8492, .F. ) ;
#3008 = DIRECTION ( 'NONE',  ( 0.000000000000000000, 0.000000000000000000, 1.000000000000000000 ) ) ;
#3009 = CARTESIAN_POINT ( 'NONE',  ( 1.313165825911154938, 1.230956968756321768, 0.9000000000000000222 ) ) ;
#3010 = PLANE ( 'NONE',  #9200 ) ;
#3011 = CARTESIAN_POINT ( 'NONE',  ( 1.202588033261658085, 1.305319197397347697, 0.9100000000000000311 ) ) ;
#3012 = LINE ( 'NONE', #5213, #4049 ) ;
#3013 = FILL_AREA_STYLE ('',( #6066 ) ) ;
#3014 = ORIENTED_EDGE ( 'NONE', *, *, #3393, .T. ) ;
#3015 = CARTESIAN_POINT ( 'NONE',  ( 0.9087424439495014328, 1.208955712526911475, 0.9000000000000000222 ) ) ;
#3016 = VECTOR ( 'NONE', #6381, 1000.000000000000000 ) ;
#3017 = DIRECTION ( 'NONE',  ( 0.000000000000000000, -0.000000000000000000, 1.000000000000000000 ) ) ;
#3018 = ADVANCED_FACE ( 'NONE', ( #3122 ), #8838, .F. ) ;
#3019 = CARTESIAN_POINT ( 'NONE',  ( 0.7500000000000000000, -1.450000000000000400, -0.02000000000000000042 ) ) ;
#3020 = EDGE_LOOP ( 'NONE', ( #5998, #2609, #5782, #6838 ) ) ;
#3021 = CARTESIAN_POINT ( 'NONE',  ( 1.170665454486224943, 1.327155489067869620, 0.9000000000000000222 ) ) ;
#3022 = EDGE_CURVE ( 'NONE', #3227, #782, #3379, .T. ) ;
#3023 = CARTESIAN_POINT ( 'NONE',  ( 0.7889245470388724923, 1.291175612597763145, 0.9100000000000000311 ) ) ;
#3024 =( NAMED_UNIT ( * ) PLANE_ANGLE_UNIT ( ) SI_UNIT ( $, .RADIAN. ) );
#3025 = VECTOR ( 'NONE', #4824, 1000.000000000000000 ) ;
#3026 = FACE_OUTER_BOUND ( 'NONE', #9160, .T. ) ;
#3027 = FACE_OUTER_BOUND ( 'NONE', #7173, .T. ) ;
#3028 = ORIENTED_EDGE ( 'NONE', *, *, #4254, .T. ) ;
#3029 = VECTOR ( 'NONE', #8952, 1000.000000000000227 ) ;
#3030 = AXIS2_PLACEMENT_3D ( 'NONE', #2225, #3688, #3017 ) ;
#3031 = VERTEX_POINT ( 'NONE', #2565 ) ;
#3032 = EDGE_CURVE ( 'NONE', #7347, #3347, #3223, .T. ) ;
#3033 = CARTESIAN_POINT ( 'NONE',  ( 0.9851780089295304466, 1.241182611992108331, 0.9000000000000000222 ) ) ;
#3034 = CARTESIAN_POINT ( 'NONE',  ( 1.139797553743641112, 1.201693366993959788, 0.9000000000000000222 ) ) ;
#3035 = FACE_OUTER_BOUND ( 'NONE', #2853, .T. ) ;
#3036 = PLANE ( 'NONE',  #276 ) ;
#3037 = CARTESIAN_POINT ( 'NONE',  ( 0.9252690525937135035, 1.272996321023685207, 0.9100000000000000311 ) ) ;
#3038 = ORIENTED_EDGE ( 'NONE', *, *, #7394, .T. ) ;
#3039 = FACE_BOUND ( 'NONE', #6427, .T. ) ;
#3040 = CARTESIAN_POINT ( 'NONE',  ( -1.250000000000000000, -1.450000000000000400, -0.02000000000000000042 ) ) ;
#3041 = CARTESIAN_POINT ( 'NONE',  ( 1.079146139532448867, 1.218389960080735746, 0.9100000000000000311 ) ) ;
#3042 = DIRECTION ( 'NONE',  ( 0.000000000000000000, -0.000000000000000000, 1.000000000000000000 ) ) ;
#3043 = EDGE_CURVE ( 'NONE', #2518, #3975, #351, .T. ) ;
#3044 = B_SPLINE_SURFACE_WITH_KNOTS ( 'NONE', 3, 1, ( 
 ( #8441, #1946 ),
 ( #5412, #6311 ),
 ( #1189, #3373 ),
 ( #1242, #6271 ) ),
 .UNSPECIFIED., .F., .F., .F.,
 ( 4, 4 ),
 ( 2, 2 ),
 ( 1.000000000000000000, 2.000000000000000000 ),
 ( 0.000000000000000000, 1.000000000000000000 ),
 .UNSPECIFIED. ) ;
#3045 = CARTESIAN_POINT ( 'NONE',  ( -1.500000000000000000, -1.500000000000000222, 0.000000000000000000 ) ) ;
#3046 = CARTESIAN_POINT ( 'NONE',  ( 1.089752338343803251, 1.182560616197007253, 0.9000000000000000222 ) ) ;
#3047 = CARTESIAN_POINT ( 'NONE',  ( 1.251875663031789543, 1.190166181731256767, 0.9000000000000000222 ) ) ;
#3048 = CARTESIAN_POINT ( 'NONE',  ( 1.239308654356203077, 1.324659912877033330, 0.9100000000000000311 ) ) ;
#3049 = ORIENTED_EDGE ( 'NONE', *, *, #9216, .T. ) ;
#3050 = CARTESIAN_POINT ( 'NONE',  ( 1.062702074988706613, 1.241652295288878660, 0.9100000000000000311 ) ) ;
#3051 = ADVANCED_FACE ( 'NONE', ( #6889 ), #348, .T. ) ;
#3052 = CARTESIAN_POINT ( 'NONE',  ( 1.118911957764999965, 1.222697799933933682, 0.9100000000000000311 ) ) ;
#3053 = CARTESIAN_POINT ( 'NONE',  ( 1.105022887892961991, 1.275877340192582254, 0.9000000000000000222 ) ) ;
#3054 = CARTESIAN_POINT ( 'NONE',  ( 0.9103950953573609617, 1.208542553615299164, 0.9000000000000000222 ) ) ;
#3055 = CARTESIAN_POINT ( 'NONE',  ( 0.2500000000000000000, -1.450000000000000400, 0.000000000000000000 ) ) ;
#3056 = CARTESIAN_POINT ( 'NONE',  ( 1.142233711453809475, 1.194830532468855955, 0.9000000000000000222 ) ) ;
#3057 = ADVANCED_FACE ( 'NONE', ( #5426 ), #6175, .F. ) ;
#3058 = CARTESIAN_POINT ( 'NONE',  ( -0.2500000000000000000, -1.450000000000000400, -0.02000000000000000042 ) ) ;
#3059 = CARTESIAN_POINT ( 'NONE',  ( 1.114203043166696494, 1.192513211720024335, 0.9000000000000000222 ) ) ;
#3060 = CARTESIAN_POINT ( 'NONE',  ( 1.196378802024704591, 1.288414639627836422, 0.9000000000000000222 ) ) ;
#3061 = VERTEX_POINT ( 'NONE', #6229 ) ;
#3062 = CARTESIAN_POINT ( 'NONE',  ( 1.070990953051428107, 1.202406388762766287, 0.9000000000000000222 ) ) ;
#3063 = ORIENTED_EDGE ( 'NONE', *, *, #9376, .F. ) ;
#3064 = LINE ( 'NONE', #6729, #5333 ) ;
#3065 = DIRECTION ( 'NONE',  ( 1.000000000000000000, -0.000000000000000000, 0.000000000000000000 ) ) ;
#3066 = LINE ( 'NONE', #1571, #9208 ) ;
#3067 = DIRECTION ( 'NONE',  ( -0.000000000000000000, -0.000000000000000000, -1.000000000000000000 ) ) ;
#3068 = EDGE_CURVE ( 'NONE', #7976, #8806, #6323, .T. ) ;
#3069 = B_SPLINE_CURVE_WITH_KNOTS ( 'NONE', 3,
 ( #3413, #6978, #6875, #4796 ),
 .UNSPECIFIED., .F., .F.,
 ( 4, 4 ),
 ( 12.00000000000000000, 13.00000000000000000 ),
 .UNSPECIFIED. ) ;
#3070 = ORIENTED_EDGE ( 'NONE', *, *, #9364, .T. ) ;
#3071 = ORIENTED_EDGE ( 'NONE', *, *, #3729, .T. ) ;
#3072 = ORIENTED_EDGE ( 'NONE', *, *, #2142, .T. ) ;
#3073 =( NAMED_UNIT ( * ) SI_UNIT ( $, .STERADIAN. ) SOLID_ANGLE_UNIT ( ) );
#3074 = CARTESIAN_POINT ( 'NONE',  ( 1.065791835987018654, 1.294980381749195830, 0.9100000000000000311 ) ) ;
#3075 = CARTESIAN_POINT ( 'NONE',  ( 1.095530785595322243, 1.334820473082782177, 0.9000000000000000222 ) ) ;
#3076 = B_SPLINE_CURVE_WITH_KNOTS ( 'NONE', 3,
 ( #773, #2800, #4266, #8597 ),
 .UNSPECIFIED., .F., .F.,
 ( 4, 4 ),
 ( 19.00000000000000000, 20.00000000000000000 ),
 .UNSPECIFIED. ) ;
#3077 = CARTESIAN_POINT ( 'NONE',  ( 1.070990953051428107, 1.194652277026851506, 0.9100000000000000311 ) ) ;
#3078 = ORIENTED_EDGE ( 'NONE', *, *, #2915, .T. ) ;
#3079 = EDGE_CURVE ( 'NONE', #4855, #3685, #5474, .T. ) ;
#3080 = VERTEX_POINT ( 'NONE', #4810 ) ;
#3081 = CARTESIAN_POINT ( 'NONE',  ( 0.7476080254281427528, 1.249859090987030186, 0.9100000000000000311 ) ) ;
#3082 = EDGE_CURVE ( 'NONE', #4212, #2429, #4758, .T. ) ;
#3083 = DIRECTION ( 'NONE',  ( -0.000000000000000000, -0.000000000000000000, 1.000000000000000000 ) ) ;
#3084 = CARTESIAN_POINT ( 'NONE',  ( 1.126175867035005496, 1.188502464270565273, 0.9100000000000000311 ) ) ;
#3085 = CARTESIAN_POINT ( 'NONE',  ( 1.149215382940226293, 1.301902634754964483, 0.9100000000000000311 ) ) ;
#3086 = ORIENTED_EDGE ( 'NONE', *, *, #5127, .T. ) ;
#3087 = FILL_AREA_STYLE ('',( #5910 ) ) ;
#3088 = CARTESIAN_POINT ( 'NONE',  ( 1.294760951502789581, 1.183541021129224324, 0.9000000000000000222 ) ) ;
#3089 = ADVANCED_FACE ( 'NONE', ( #9128 ), #2617, .F. ) ;
#3090 = CARTESIAN_POINT ( 'NONE',  ( 0.9595617623785821504, 1.240769437319490187, 0.9000000000000000222 ) ) ;
#3091 = CARTESIAN_POINT ( 'NONE',  ( 1.213699289159290595, 1.275728793990915433, 0.9000000000000000222 ) ) ;
#3092 = AXIS2_PLACEMENT_3D ( 'NONE', #5538, #4289, #7816 ) ;
#3093 = CARTESIAN_POINT ( 'NONE',  ( 1.125269735203826116, 1.201782494714958016, 0.9100000000000000311 ) ) ;
#3094 = DIRECTION ( 'NONE',  ( 1.000000000000000000, 0.000000000000000000, -0.000000000000000000 ) ) ;
#3095 = DIRECTION ( 'NONE',  ( 0.000000000000000000, 0.000000000000000000, -1.000000000000000000 ) ) ;
#3096 = CARTESIAN_POINT ( 'NONE',  ( 1.093941341235667108, 1.191919026912945156, 0.9100000000000000311 ) ) ;
#3097 = LINE ( 'NONE', #9047, #8624 ) ;
#3098 = ORIENTED_EDGE ( 'NONE', *, *, #9356, .F. ) ;
#3099 = DIRECTION ( 'NONE',  ( -0.000000000000000000, -0.000000000000000000, -1.000000000000000000 ) ) ;
#3100 = ORIENTED_EDGE ( 'NONE', *, *, #4029, .T. ) ;
#3101 = LINE ( 'NONE', #7393, #8006 ) ;
#3102 = ADVANCED_FACE ( 'NONE', ( #1205 ), #7306, .F. ) ;
#3103 = UNCERTAINTY_MEASURE_WITH_UNIT (LENGTH_MEASURE( 1.000000000000000082E-05 ), #8982, 'distance_accuracy_value', 'NONE');
#3104 = CARTESIAN_POINT ( 'NONE',  ( 1.195873744938231731, 1.278432334864485931, 0.9100000000000000311 ) ) ;
#3105 = SURFACE_STYLE_FILL_AREA ( #6022 ) ;
#3106 = AXIS2_PLACEMENT_3D ( 'NONE', #8249, #8163, #6690 ) ;
#3107 = CARTESIAN_POINT ( 'NONE',  ( 1.065791835987018654, 1.303685189176992054, 0.9000000000000000222 ) ) ;
#3108 = FILL_AREA_STYLE_COLOUR ( '', #4507 ) ;
#3109 = LINE ( 'NONE', #8920, #6177 ) ;
#3110 = DIRECTION ( 'NONE',  ( 1.000000000000000000, -0.000000000000000000, -0.000000000000000000 ) ) ;
#3111 = DIRECTION ( 'NONE',  ( -0.000000000000000000, -0.000000000000000000, 1.000000000000000000 ) ) ;
#3112 = VERTEX_POINT ( 'NONE', #6420 ) ;
#3113 = ORIENTED_EDGE ( 'NONE', *, *, #1396, .F. ) ;
#3114 = EDGE_CURVE ( 'NONE', #7003, #8731, #6079, .T. ) ;
#3115 = VECTOR ( 'NONE', #3453, 1000.000000000000000 ) ;
#3116 = VECTOR ( 'NONE', #2254, 1000.000000000000000 ) ;
#3117 = VERTEX_POINT ( 'NONE', #779 ) ;
#3118 = VERTEX_POINT ( 'NONE', #8556 ) ;
#3119 = EDGE_LOOP ( 'NONE', ( #3991, #2181, #5798, #6400 ) ) ;
#3120 = B_SPLINE_SURFACE_WITH_KNOTS ( 'NONE', 3, 1, ( 
 ( #3506, #8727 ),
 ( #679, #5036 ),
 ( #6408, #7073 ),
 ( #3460, #2793 ) ),
 .UNSPECIFIED., .F., .F., .F.,
 ( 4, 4 ),
 ( 2, 2 ),
 ( 5.000000000000000000, 6.000000000000000000 ),
 ( 0.000000000000000000, 1.000000000000000000 ),
 .UNSPECIFIED. ) ;
#3121 = DIRECTION ( 'NONE',  ( -1.000000000000000000, 0.000000000000000000, 0.000000000000000000 ) ) ;
#3122 = FACE_OUTER_BOUND ( 'NONE', #5797, .T. ) ;
#3123 = AXIS2_PLACEMENT_3D ( 'NONE', #4155, #4918, #9284 ) ;
#3124 = VECTOR ( 'NONE', #8859, 1000.000000000000000 ) ;
#3125 = ORIENTED_EDGE ( 'NONE', *, *, #2637, .T. ) ;
#3126 = ORIENTED_EDGE ( 'NONE', *, *, #541, .F. ) ;
#3127 = ORIENTED_EDGE ( 'NONE', *, *, #8276, .F. ) ;
#3128 = FILL_AREA_STYLE_COLOUR ( '', #9369 ) ;
#3129 = ORIENTED_EDGE ( 'NONE', *, *, #4331, .F. ) ;
#3130 =( GEOMETRIC_REPRESENTATION_CONTEXT ( 3 ) GLOBAL_UNCERTAINTY_ASSIGNED_CONTEXT ( ( #4194 ) ) GLOBAL_UNIT_ASSIGNED_CONTEXT ( ( #8714, #8359, #5523 ) ) REPRESENTATION_CONTEXT ( 'NONE', 'WORKASPACE' ) );
#3131 = ORIENTED_EDGE ( 'NONE', *, *, #8541, .T. ) ;
#3132 = STYLED_ITEM ( 'NONE', ( #2763 ), #3173 ) ;
#3133 = CARTESIAN_POINT ( 'NONE',  ( 1.089128444296191933, 1.328046766278684343, 0.9000000000000000222 ) ) ;
#3134 = PRESENTATION_LAYER_ASSIGNMENT (  '', '', ( #4664 ) ) ;
#3135 = ADVANCED_FACE ( 'NONE', ( #5802 ), #7085, .F. ) ;
#3136 = ORIENTED_EDGE ( 'NONE', *, *, #7240, .F. ) ;
#3137 = EDGE_CURVE ( 'NONE', #1190, #4676, #8916, .T. ) ;
#3138 = DIRECTION ( 'NONE',  ( -0.000000000000000000, -0.000000000000000000, -1.000000000000000000 ) ) ;
#3139 = DIRECTION ( 'NONE',  ( -0.000000000000000000, -0.000000000000000000, 1.000000000000000000 ) ) ;
#3140 = LINE ( 'NONE', #6615, #6985 ) ;
#3141 = AXIS2_PLACEMENT_3D ( 'NONE', #3672, #8896, #5906 ) ;
#3142 = CARTESIAN_POINT ( 'NONE',  ( 1.121749190220074244, 1.214498049592610540, 0.9000000000000000222 ) ) ;
#3143 = VECTOR ( 'NONE', #4006, 1000.000000000000114 ) ;
#3144 = ORIENTED_EDGE ( 'NONE', *, *, #8156, .T. ) ;
#3145 = DIRECTION ( 'NONE',  ( -0.000000000000000000, -0.000000000000000000, -1.000000000000000000 ) ) ;
#3146 = ORIENTED_EDGE ( 'NONE', *, *, #5339, .F. ) ;
#3147 = AXIS2_PLACEMENT_3D ( 'NONE', #2048, #4271, #781 ) ;
#3148 = PLANE ( 'NONE',  #5626 ) ;
#3149 = CARTESIAN_POINT ( 'NONE',  ( 1.280322260684175095, 1.228817903449890059, 0.9000000000000000222 ) ) ;
#3150 = CARTESIAN_POINT ( 'NONE',  ( 1.128433769302953138, 1.301902634754964483, 0.9100000000000000311 ) ) ;
#3151 = CARTESIAN_POINT ( 'NONE',  ( 1.040271598510909890, 1.216369731735640114, 0.9100000000000000311 ) ) ;
#3152 = CARTESIAN_POINT ( 'NONE',  ( 1.265987552206726985, 1.275728793990915433, 0.9100000000000000311 ) ) ;
#3153 = ORIENTED_EDGE ( 'NONE', *, *, #4009, .F. ) ;
#3154 = CARTESIAN_POINT ( 'NONE',  ( 1.073664784684665197, 1.311439300913304518, 0.9000000000000000222 ) ) ;
#3155 = VERTEX_POINT ( 'NONE', #5131 ) ;
#3156 = CARTESIAN_POINT ( 'NONE',  ( 1.117916698212618742, 1.189839380087180265, 0.9000000000000000222 ) ) ;
#3157 = VECTOR ( 'NONE', #5119, 1000.000000000000000 ) ;
#3158 = DIRECTION ( 'NONE',  ( -0.000000000000000000, -0.000000000000000000, -1.000000000000000000 ) ) ;
#3159 =( NAMED_UNIT ( * ) SI_UNIT ( $, .STERADIAN. ) SOLID_ANGLE_UNIT ( ) );
#3160 = LINE ( 'NONE', #337, #2762 ) ;
#3161 = CARTESIAN_POINT ( 'NONE',  ( -1.102496276143866583, -1.198655526412927497, 0.8799999999999998934 ) ) ;
#3162 = EDGE_CURVE ( 'NONE', #6652, #3521, #3517, .T. ) ;
#3163 = LINE ( 'NONE', #1714, #418 ) ;
#3164 = CARTESIAN_POINT ( 'NONE',  ( 1.097060811474313002, 1.204367198627195545, 0.9100000000000000311 ) ) ;
#3165 = CARTESIAN_POINT ( 'NONE',  ( 0.2500000000000000000, 1.450000000000000400, 0.000000000000000000 ) ) ;
#3166 = ORIENTED_EDGE ( 'NONE', *, *, #8765, .F. ) ;
#3167 = AXIS2_PLACEMENT_3D ( 'NONE', #4960, #6478, #2729 ) ;
#3168 = ORIENTED_EDGE ( 'NONE', *, *, #535, .T. ) ;
#3169 = ORIENTED_EDGE ( 'NONE', *, *, #407, .F. ) ;
#3170 = EDGE_LOOP ( 'NONE', ( #2466, #1708, #4683, #4850 ) ) ;
#3171 = ORIENTED_EDGE ( 'NONE', *, *, #6055, .F. ) ;
#3172 = FILL_AREA_STYLE_COLOUR ( '', #893 ) ;
#3173 = ADVANCED_FACE ( 'NONE', ( #4228 ), #1439, .F. ) ;
#3174 = VECTOR ( 'NONE', #5694, 1000.000000000000227 ) ;
#3175 = EDGE_CURVE ( 'NONE', #5178, #2171, #5933, .T. ) ;
#3176 = CARTESIAN_POINT ( 'NONE',  ( 1.097060811474313002, 1.200386160417672654, 0.9000000000000000222 ) ) ;
#3177 = EDGE_LOOP ( 'NONE', ( #8503, #4232, #5662, #2904 ) ) ;
#3178 = ORIENTED_EDGE ( 'NONE', *, *, #7518, .F. ) ;
#3179 = AXIS2_PLACEMENT_3D ( 'NONE', #5403, #8386, #1086 ) ;
#3180 = VECTOR ( 'NONE', #7323, 1000.000000000000000 ) ;
#3181 = PLANE ( 'NONE',  #879 ) ;
#3182 = ORIENTED_EDGE ( 'NONE', *, *, #5664, .F. ) ;
#3183 = ORIENTED_EDGE ( 'NONE', *, *, #8038, .F. ) ;
#3184 = ORIENTED_EDGE ( 'NONE', *, *, #6689, .T. ) ;
#3185 = VECTOR ( 'NONE', #7477, 1000.000000000000000 ) ;
#3186 = FILL_AREA_STYLE ('',( #312 ) ) ;
#3187 = EDGE_LOOP ( 'NONE', ( #6555, #639, #7945, #8846 ) ) ;
#3188 = EDGE_CURVE ( 'NONE', #2992, #8119, #7450, .T. ) ;
#3189 = FACE_OUTER_BOUND ( 'NONE', #2515, .T. ) ;
#3190 = DIRECTION ( 'NONE',  ( -0.3559357243643225810, 0.9345104387438617488, -0.000000000000000000 ) ) ;
#3191 = CARTESIAN_POINT ( 'NONE',  ( 1.300346288691936580, 1.199435464725793210, 0.9000000000000000222 ) ) ;
#3192 = EDGE_CURVE ( 'NONE', #3712, #7455, #5407, .T. ) ;
#3193 = ORIENTED_EDGE ( 'NONE', *, *, #1012, .T. ) ;
#3194 = ORIENTED_EDGE ( 'NONE', *, *, #5899, .F. ) ;
#3195 = CARTESIAN_POINT ( 'NONE',  ( 1.239769147581776254, 1.326412758058725494, 0.9000000000000000222 ) ) ;
#3196 = CARTESIAN_POINT ( 'NONE',  ( 1.166981508680438040, 1.193790709055976285, 0.9100000000000000311 ) ) ;
#3197 = CARTESIAN_POINT ( 'NONE',  ( 1.186485624981958642, 1.282353954592944989, 0.9000000000000000222 ) ) ;
#3198 = DIRECTION ( 'NONE',  ( -0.000000000000000000, -0.000000000000000000, -1.000000000000000000 ) ) ;
#3199 = DIRECTION ( 'NONE',  ( -0.000000000000000000, -0.000000000000000000, -1.000000000000000000 ) ) ;
#3200 = CARTESIAN_POINT ( 'NONE',  ( 1.109301018506022807, 1.285324878629917844, 0.9100000000000000311 ) ) ;
#3201 = ORIENTED_EDGE ( 'NONE', *, *, #2747, .T. ) ;
#3202 = CARTESIAN_POINT ( 'NONE',  ( 1.280322260684175095, 1.228817903449890059, 0.9100000000000000311 ) ) ;
#3203 = VERTEX_POINT ( 'NONE', #8921 ) ;
#3204 = CARTESIAN_POINT ( 'NONE',  ( 1.064024136185159231, 1.190166181731253214, 0.9100000000000000311 ) ) ;
#3205 = EDGE_CURVE ( 'NONE', #490, #1705, #2421, .T. ) ;
#3206 = B_SPLINE_SURFACE_WITH_KNOTS ( 'NONE', 3, 1, ( 
 ( #9291, #4977 ),
 ( #7874, #4291 ),
 ( #2872, #7921 ),
 ( #5067, #666 ) ),
 .UNSPECIFIED., .F., .F., .F.,
 ( 4, 4 ),
 ( 2, 2 ),
 ( 33.00000000000000000, 34.00000000000000000 ),
 ( 0.000000000000000000, 1.000000000000000000 ),
 .UNSPECIFIED. ) ;
#3207 = ORIENTED_EDGE ( 'NONE', *, *, #2285, .T. ) ;
#3208 = CARTESIAN_POINT ( 'NONE',  ( 1.132890155358039497, 1.198068839668837482, 0.9000000000000000222 ) ) ;
#3209 = ORIENTED_EDGE ( 'NONE', *, *, #8120, .F. ) ;
#3210 = CARTESIAN_POINT ( 'NONE',  ( 1.251920226892687893, 1.183541021129224102, 0.9100000000000000311 ) ) ;
#3211 = CARTESIAN_POINT ( 'NONE',  ( 1.063415096757715395, 1.275728793990911436, 0.9100000000000000311 ) ) ;
#3212 = CARTESIAN_POINT ( 'NONE',  ( 1.130409433787367801, 1.225995525614980153, 0.9100000000000000311 ) ) ;
#3213 = LINE ( 'NONE', #5464, #3289 ) ;
#3214 = CARTESIAN_POINT ( 'NONE',  ( 1.311412980729066646, 1.230154819266510824, 0.9100000000000000311 ) ) ;
#3215 = CARTESIAN_POINT ( 'NONE',  ( 1.072179322666178880, 1.187997407184091303, 0.9100000000000000311 ) ) ;
#3216 = ADVANCED_FACE ( 'NONE', ( #247 ), #5325, .F. ) ;
#3217 = ORIENTED_EDGE ( 'NONE', *, *, #3286, .T. ) ;
#3218 = EDGE_LOOP ( 'NONE', ( #1741, #7586, #4021, #4754 ) ) ;
#3219 = ORIENTED_EDGE ( 'NONE', *, *, #2859, .F. ) ;
#3220 = EDGE_CURVE ( 'NONE', #4125, #8332, #5636, .T. ) ;
#3221 = CARTESIAN_POINT ( 'NONE',  ( 1.080483055349066523, 1.190403855653926257, 0.9100000000000000311 ) ) ;
#3222 = CARTESIAN_POINT ( 'NONE',  ( 0.7719847597815928664, 1.184165815321398973, 0.9000000000000000222 ) ) ;
#3223 = LINE ( 'NONE', #2667, #891 ) ;
#3224 = ORIENTED_EDGE ( 'NONE', *, *, #3602, .T. ) ;
#3225 =( NAMED_UNIT ( * ) SI_UNIT ( $, .STERADIAN. ) SOLID_ANGLE_UNIT ( ) );
#3226 = ADVANCED_FACE ( 'NONE', ( #8829 ), #8971, .F. ) ;
#3227 = VERTEX_POINT ( 'NONE', #4552 ) ;
#3228 = ORIENTED_EDGE ( 'NONE', *, *, #6029, .T. ) ;
#3229 = DIRECTION ( 'NONE',  ( 0.000000000000000000, 1.000000000000000000, 0.000000000000000000 ) ) ;
#3230 = CARTESIAN_POINT ( 'NONE',  ( 1.302723027921833587, 1.206001206847159946, 0.9100000000000000311 ) ) ;
#3231 = CARTESIAN_POINT ( 'NONE',  ( 0.8269357343120766757, 1.196973914955268059, 0.9100000000000000311 ) ) ;
#3232 = DIRECTION ( 'NONE',  ( -0.000000000000000000, -0.000000000000000000, -1.000000000000000000 ) ) ;
#3233 = PLANE ( 'NONE',  #6932 ) ;
#3234 = VERTEX_POINT ( 'NONE', #8079 ) ;
#3235 = B_SPLINE_CURVE_WITH_KNOTS ( 'NONE', 3,
 ( #8690, #5604, #7784, #4261 ),
 .UNSPECIFIED., .F., .F.,
 ( 4, 4 ),
 ( 4.000000000000000000, 5.000000000000000000 ),
 .UNSPECIFIED. ) ;
#3236 = DIRECTION ( 'NONE',  ( -1.000000000000000000, 0.000000000000000000, -0.000000000000000000 ) ) ;
#3237 = ORIENTED_EDGE ( 'NONE', *, *, #8940, .F. ) ;
#3238 = CARTESIAN_POINT ( 'NONE',  ( 1.274484394951788557, 1.233957602033630252, 0.9000000000000000222 ) ) ;
#3239 = CARTESIAN_POINT ( 'NONE',  ( 1.235832673233151935, 1.333840068150569991, 0.9100000000000000311 ) ) ;
#3240 = CARTESIAN_POINT ( 'NONE',  ( 1.137554506095840301, 1.185858341877657818, 0.9100000000000000311 ) ) ;
#3241 = PLANE ( 'NONE',  #6508 ) ;
#3242 = ORIENTED_EDGE ( 'NONE', *, *, #2965, .T. ) ;
#3243 = CARTESIAN_POINT ( 'NONE',  ( 1.075581030688395279, 1.206922193298701762, 0.9100000000000000311 ) ) ;
#3244 = ORIENTED_EDGE ( 'NONE', *, *, #6846, .T. ) ;
#3245 = DIRECTION ( 'NONE',  ( -0.000000000000000000, 1.000000000000000000, -0.000000000000000000 ) ) ;
#3246 = VECTOR ( 'NONE', #7725, 1000.000000000000000 ) ;
#3247 = B_SPLINE_CURVE_WITH_KNOTS ( 'NONE', 3,
 ( #5146, #3037, #830, #3756 ),
 .UNSPECIFIED., .F., .F.,
 ( 4, 4 ),
 ( 22.00000000000000000, 23.00000000000000000 ),
 .UNSPECIFIED. ) ;
#3248 = DIRECTION ( 'NONE',  ( -0.000000000000000000, -0.000000000000000000, -1.000000000000000000 ) ) ;
#3249 = ORIENTED_EDGE ( 'NONE', *, *, #3798, .F. ) ;
#3250 = CARTESIAN_POINT ( 'NONE',  ( 1.097060811474313002, 1.204367198627195545, 0.9100000000000000311 ) ) ;
#3251 = ORIENTED_EDGE ( 'NONE', *, *, #4103, .F. ) ;
#3252 = CARTESIAN_POINT ( 'NONE',  ( 1.097060811474313002, 1.209922826576012023, 0.9000000000000000222 ) ) ;
#3253 = LINE ( 'NONE', #6158, #6397 ) ;
#3254 = ADVANCED_FACE ( 'NONE', ( #8117 ), #3877, .F. ) ;
#3255 = FACE_OUTER_BOUND ( 'NONE', #4982, .T. ) ;
#3256 = CARTESIAN_POINT ( 'NONE',  ( 1.313448063694329093, 1.230154819266510824, 0.9100000000000000311 ) ) ;
#3257 = EDGE_CURVE ( 'NONE', #1614, #6226, #8019, .T. ) ;
#3258 = LINE ( 'NONE', #8393, #1482 ) ;
#3259 = CARTESIAN_POINT ( 'NONE',  ( 0.7215786042045757576, 1.249032741641795008, 0.9100000000000000311 ) ) ;
#3260 =( LENGTH_UNIT ( ) NAMED_UNIT ( * ) SI_UNIT ( .MILLI., .METRE. ) );
#3261 = EDGE_LOOP ( 'NONE', ( #4019, #4106, #3623, #3892, #7986, #8548, #1280, #7087, #1719, #6999, #4091, #4901 ) ) ;
#3262 = VECTOR ( 'NONE', #7352, 1000.000000000000000 ) ;
#3263 = VERTEX_POINT ( 'NONE', #7405 ) ;
#3264 = ORIENTED_EDGE ( 'NONE', *, *, #8898, .F. ) ;
#3265 = CARTESIAN_POINT ( 'NONE',  ( 0.9013054732116276835, 1.183752640648386922, 0.9100000000000000311 ) ) ;
#3266 = CARTESIAN_POINT ( 'NONE',  ( 1.078373699282968223, 1.195246461833929130, 0.9000000000000000222 ) ) ;
#3267 = CARTESIAN_POINT ( 'NONE',  ( 1.196215401202468831, 1.321688988840056922, 0.9000000000000000222 ) ) ;
#3268 = DIRECTION ( 'NONE',  ( -0.000000000000000000, -0.000000000000000000, -1.000000000000000000 ) ) ;
#3269 = ORIENTED_EDGE ( 'NONE', *, *, #6278, .T. ) ;
#3270 = AXIS2_PLACEMENT_3D ( 'NONE', #5393, #649, #1924 ) ;
#3271 = LINE ( 'NONE', #1767, #6176 ) ;
#3272 = ORIENTED_EDGE ( 'NONE', *, *, #1303, .F. ) ;
#3273 = ORIENTED_EDGE ( 'NONE', *, *, #3450, .F. ) ;
#3274 = ORIENTED_EDGE ( 'NONE', *, *, #553, .T. ) ;
#3275 = ORIENTED_EDGE ( 'NONE', *, *, #7922, .T. ) ;
#3276 = VERTEX_POINT ( 'NONE', #8210 ) ;
#3277 = VECTOR ( 'NONE', #1415, 1000.000000000000000 ) ;
#3278 = SURFACE_STYLE_FILL_AREA ( #9178 ) ;
#3279 = VECTOR ( 'NONE', #1787, 1000.000000000000000 ) ;
#3280 = CARTESIAN_POINT ( 'NONE',  ( 1.080304799906864899, 1.200504997379009842, 0.9100000000000000311 ) ) ;
#3281 = LINE ( 'NONE', #8990, #2231 ) ;
#3282 = LINE ( 'NONE', #8991, #4704 ) ;
#3283 = EDGE_CURVE ( 'NONE', #6356, #5981, #292, .T. ) ;
#3284 = B_SPLINE_SURFACE_WITH_KNOTS ( 'NONE', 3, 1, ( 
 ( #2848, #5046 ),
 ( #2896, #1395 ),
 ( #7792, #5840 ),
 ( #4270, #6466 ) ),
 .UNSPECIFIED., .F., .F., .F.,
 ( 4, 4 ),
 ( 2, 2 ),
 ( 18.00000000000000000, 19.00000000000000000 ),
 ( 0.000000000000000000, 1.000000000000000000 ),
 .UNSPECIFIED. ) ;
#3285 = PLANE ( 'NONE',  #2076 ) ;
#3286 = EDGE_CURVE ( 'NONE', #7818, #1108, #8165, .T. ) ;
#3287 = VECTOR ( 'NONE', #2050, 1000.000000000000000 ) ;
#3288 = EDGE_LOOP ( 'NONE', ( #4030, #4610, #8281, #5260 ) ) ;
#3289 = VECTOR ( 'NONE', #1853, 1000.000000000000000 ) ;
#3290 = FACE_OUTER_BOUND ( 'NONE', #5929, .T. ) ;
#3291 = ORIENTED_EDGE ( 'NONE', *, *, #5922, .F. ) ;
#3292 = CARTESIAN_POINT ( 'NONE',  ( 1.201711610670615382, 1.283869125851567761, 0.9000000000000000222 ) ) ;
#3293 = VECTOR ( 'NONE', #2107, 1000.000000000000000 ) ;
#3294 = DIRECTION ( 'NONE',  ( 0.000000000000000000, -0.000000000000000000, -1.000000000000000000 ) ) ;
#3295 = AXIS2_PLACEMENT_3D ( 'NONE', #6691, #3065, #5322 ) ;
#3296 = CARTESIAN_POINT ( 'NONE',  ( 1.114247607027197606, 1.217528392109856972, 0.9100000000000000311 ) ) ;
#3297 = LINE ( 'NONE', #5499, #8922 ) ;
#3298 = VERTEX_POINT ( 'NONE', #9167 ) ;
#3299 = DIRECTION ( 'NONE',  ( 0.000000000000000000, 0.000000000000000000, 1.000000000000000000 ) ) ;
#3300 = LINE ( 'NONE', #7773, #1032 ) ;
#3301 = EDGE_CURVE ( 'NONE', #6884, #374, #4801, .T. ) ;
#3302 = EDGE_LOOP ( 'NONE', ( #6450, #299, #497, #4764 ) ) ;
#3303 = MECHANICAL_DESIGN_GEOMETRIC_PRESENTATION_REPRESENTATION (  '', ( #9229 ), #8015 ) ;
#3304 =( NAMED_UNIT ( * ) SI_UNIT ( $, .STERADIAN. ) SOLID_ANGLE_UNIT ( ) );
#3305 = ORIENTED_EDGE ( 'NONE', *, *, #5971, .F. ) ;
#3306 = DIRECTION ( 'NONE',  ( -0.000000000000000000, -0.000000000000000000, -1.000000000000000000 ) ) ;
#3307 = B_SPLINE_CURVE_WITH_KNOTS ( 'NONE', 3,
 ( #9195, #6210, #2650, #2548 ),
 .UNSPECIFIED., .F., .F.,
 ( 4, 4 ),
 ( 17.00000000000000000, 18.00000000000000000 ),
 .UNSPECIFIED. ) ;
#3308 = PLANE ( 'NONE',  #8938 ) ;
#3309 = CARTESIAN_POINT ( 'NONE',  ( 0.7723979383946608657, 1.211847887953021008, 0.9100000000000000311 ) ) ;
#3310 = CARTESIAN_POINT ( 'NONE',  ( 1.316626952414039708, 1.241652295288878660, 0.9100000000000000311 ) ) ;
#3311 = CARTESIAN_POINT ( 'NONE',  ( 0.9087424439495014328, 1.208955712526911475, 0.9100000000000000311 ) ) ;
#3312 = ADVANCED_FACE ( 'NONE', ( #9204 ), #1753, .F. ) ;
#3313 = ORIENTED_EDGE ( 'NONE', *, *, #5922, .T. ) ;
#3314 = DIRECTION ( 'NONE',  ( -0.000000000000000000, -0.000000000000000000, -1.000000000000000000 ) ) ;
#3315 = ORIENTED_EDGE ( 'NONE', *, *, #2625, .T. ) ;
#3316 = CARTESIAN_POINT ( 'NONE',  ( 1.185861730934152147, 1.225044829923102929, 0.9100000000000000311 ) ) ;
#3317 = VECTOR ( 'NONE', #7110, 1000.000000000000000 ) ;
#3318 = LINE ( 'NONE', #1948, #4677 ) ;
#3319 = ORIENTED_EDGE ( 'NONE', *, *, #307, .F. ) ;
#3320 = ORIENTED_EDGE ( 'NONE', *, *, #2482, .T. ) ;
#3321 = EDGE_CURVE ( 'NONE', #4611, #3981, #1095, .T. ) ;
#3322 = ADVANCED_FACE ( 'NONE', ( #2607 ), #8284, .T. ) ;
#3323 = ORIENTED_EDGE ( 'NONE', *, *, #5710, .F. ) ;
#3324 = ORIENTED_EDGE ( 'NONE', *, *, #8560, .F. ) ;
#3325 = ORIENTED_EDGE ( 'NONE', *, *, #648, .T. ) ;
#3326 = DIRECTION ( 'NONE',  ( -1.000000000000000000, 0.000000000000000000, 0.000000000000000000 ) ) ;
#3327 = CARTESIAN_POINT ( 'NONE',  ( 1.088148039363981079, 1.281432968141398954, 0.9100000000000000311 ) ) ;
#3328 = DIRECTION ( 'NONE',  ( 0.000000000000000000, 1.000000000000000000, 0.000000000000000000 ) ) ;
#3329 = AXIS2_PLACEMENT_3D ( 'NONE', #4547, #5320, #2972 ) ;
#3330 = LINE ( 'NONE', #7794, #907 ) ;
#3331 = ORIENTED_EDGE ( 'NONE', *, *, #8680, .F. ) ;
#3332 = CARTESIAN_POINT ( 'NONE',  ( 0.2500000000000000000, 1.450000000000000400, -0.02000000000000000042 ) ) ;
#3333 = EDGE_LOOP ( 'NONE', ( #5959, #2240, #6193, #4645 ) ) ;
#3334 = VECTOR ( 'NONE', #604, 1000.000000000000000 ) ;
#3335 = ORIENTED_EDGE ( 'NONE', *, *, #3529, .T. ) ;
#3336 = ADVANCED_FACE ( 'NONE', ( #4851 ), #2968, .F. ) ;
#3337 = B_SPLINE_CURVE_WITH_KNOTS ( 'NONE', 3,
 ( #3497, #560, #1275, #2026 ),
 .UNSPECIFIED., .F., .F.,
 ( 4, 4 ),
 ( 34.00000000000000000, 35.00000000000000000 ),
 .UNSPECIFIED. ) ;
#3338 = VECTOR ( 'NONE', #1160, 1000.000000000000000 ) ;
#3339 = EDGE_LOOP ( 'NONE', ( #4736, #8094, #6314, #8295 ) ) ;
#3340 = ORIENTED_EDGE ( 'NONE', *, *, #4029, .F. ) ;
#3341 = AXIS2_PLACEMENT_3D ( 'NONE', #3546, #8688, #6455 ) ;
#3342 = LINE ( 'NONE', #2672, #2431 ) ;
#3343 = CARTESIAN_POINT ( 'NONE',  ( 1.196215401202468831, 1.321688988840056922, 0.9000000000000000222 ) ) ;
#3344 = CARTESIAN_POINT ( 'NONE',  ( 1.167026072540940485, 1.177272371411596463, 0.9100000000000000311 ) ) ;
#3345 = PRESENTATION_LAYER_ASSIGNMENT (  '', '', ( #8800 ) ) ;
#3346 = DIRECTION ( 'NONE',  ( -1.000000000000000000, -0.000000000000000000, -0.000000000000000000 ) ) ;
#3347 = VERTEX_POINT ( 'NONE', #6312 ) ;
#3348 = CARTESIAN_POINT ( 'NONE',  ( 1.080483055349066523, 1.190403855653926257, 0.9000000000000000222 ) ) ;
#3349 = VECTOR ( 'NONE', #3773, 1000.000000000000000 ) ;
#3350 = SURFACE_STYLE_USAGE ( .BOTH. , #5447 ) ;
#3351 = ORIENTED_EDGE ( 'NONE', *, *, #8258, .T. ) ;
#3352 = ADVANCED_FACE ( 'NONE', ( #485 ), #5465, .F. ) ;
#3353 = CARTESIAN_POINT ( 'NONE',  ( 1.166090231469228078, 1.190433564894261886, 0.9000000000000000222 ) ) ;
#3354 = CARTESIAN_POINT ( 'NONE',  ( 0.9442746619914175188, 1.295307241117606534, 0.9100000000000000311 ) ) ;
#3355 = CARTESIAN_POINT ( 'NONE',  ( 1.086038683297883223, 1.188532173510895351, 0.9000000000000000222 ) ) ;
#3356 = DIRECTION ( 'NONE',  ( -0.000000000000000000, -0.000000000000000000, -1.000000000000000000 ) ) ;
#3357 = LINE ( 'NONE', #5453, #5594 ) ;
#3359 = ORIENTED_EDGE ( 'NONE', *, *, #1548, .T. ) ;
#3358 = VECTOR ( 'NONE', #1302, 1000.000000000000000 ) ;
#3360 = LINE ( 'NONE', #7526, #1016 ) ;
#3361 = CARTESIAN_POINT ( 'NONE',  ( 1.165897121407055481, 1.190433564894261886, 0.9100000000000000311 ) ) ;
#3362 = ORIENTED_EDGE ( 'NONE', *, *, #171, .F. ) ;
#3363 = EDGE_CURVE ( 'NONE', #1119, #1454, #1048, .T. ) ;
#3364 = ORIENTED_EDGE ( 'NONE', *, *, #1971, .F. ) ;
#3365 = LINE ( 'NONE', #377, #6946 ) ;
#3366 = SURFACE_STYLE_USAGE ( .BOTH. , #5406 ) ;
#3367 = VECTOR ( 'NONE', #798, 1000.000000000000000 ) ;
#3368 = FACE_OUTER_BOUND ( 'NONE', #8454, .T. ) ;
#3369 = LINE ( 'NONE', #6269, #1343 ) ;
#3370 = EDGE_CURVE ( 'NONE', #8731, #1614, #7113, .T. ) ;
#3371 = CARTESIAN_POINT ( 'NONE',  ( 0.000000000000000000, 0.000000000000000000, 0.9100000000000000311 ) ) ;
#3372 = ORIENTED_EDGE ( 'NONE', *, *, #8349, .T. ) ;
#3373 = CARTESIAN_POINT ( 'NONE',  ( 1.240095949225849425, 1.324481657434632087, 0.9000000000000000222 ) ) ;
#3374 = ORIENTED_EDGE ( 'NONE', *, *, #3889, .F. ) ;
#3375 = DIRECTION ( 'NONE',  ( 0.9345104387417426661, -0.3559357243698864082, 0.000000000000000000 ) ) ;
#3376 =( NAMED_UNIT ( * ) SI_UNIT ( $, .STERADIAN. ) SOLID_ANGLE_UNIT ( ) );
#3377 = VERTEX_POINT ( 'NONE', #527 ) ;
#3378 = DIRECTION ( 'NONE',  ( -0.000000000000000000, 1.000000000000000000, -0.000000000000000000 ) ) ;
#3379 = B_SPLINE_CURVE_WITH_KNOTS ( 'NONE', 3,
 ( #2514, #8356, #5563, #4906 ),
 .UNSPECIFIED., .F., .F.,
 ( 4, 4 ),
 ( 1.000000000000000000, 2.000000000000000000 ),
 .UNSPECIFIED. ) ;
#3380 = EDGE_CURVE ( 'NONE', #8984, #4328, #317, .T. ) ;
#3381 = VERTEX_POINT ( 'NONE', #3316 ) ;
#3382 = ORIENTED_EDGE ( 'NONE', *, *, #2032, .T. ) ;
#3383 = ORIENTED_EDGE ( 'NONE', *, *, #2597, .T. ) ;
#3384 = B_SPLINE_SURFACE_WITH_KNOTS ( 'NONE', 3, 1, ( 
 ( #2441, #6570 ),
 ( #5952, #7287 ),
 ( #3762, #3710 ),
 ( #224, #8228 ) ),
 .UNSPECIFIED., .F., .F., .F.,
 ( 4, 4 ),
 ( 2, 2 ),
 ( 2.000000000000000000, 3.000000000000000000 ),
 ( 0.000000000000000000, 1.000000000000000000 ),
 .UNSPECIFIED. ) ;
#3385 = CARTESIAN_POINT ( 'NONE',  ( 1.210475836579079312, 1.314142841786481553, 0.9000000000000000222 ) ) ;
#3386 = CARTESIAN_POINT ( 'NONE',  ( 1.078373699282968223, 1.195246461833929130, 0.9100000000000000311 ) ) ;
#3387 = CARTESIAN_POINT ( 'NONE',  ( 1.158588648276351218, 1.163992340966802930, 0.9000000000000000222 ) ) ;
#3388 = ORIENTED_EDGE ( 'NONE', *, *, #4623, .F. ) ;
#3389 = EDGE_LOOP ( 'NONE', ( #4252, #9189, #5084, #5525, #1516, #5760, #5416, #6848, #3007, #1598, #2900, #7368 ) ) ;
#3390 = ORIENTED_EDGE ( 'NONE', *, *, #263, .F. ) ;
#3391 = CARTESIAN_POINT ( 'NONE',  ( 0.8269357343120766757, 1.188297451721348263, 0.9100000000000000311 ) ) ;
#3392 = LINE ( 'NONE', #1018, #5931 ) ;
#3393 = EDGE_CURVE ( 'NONE', #1375, #5503, #6163, .T. ) ;
#3394 = CARTESIAN_POINT ( 'NONE',  ( 0.7409973803943973314, 1.296133570761587306, 0.9000000000000000222 ) ) ;
#3395 = CARTESIAN_POINT ( 'NONE',  ( 1.250000000000000000, 1.450000000000000400, -0.02000000000000000042 ) ) ;
#3396 = EDGE_CURVE ( 'NONE', #2686, #6780, #8347, .T. ) ;
#3397 = CARTESIAN_POINT ( 'NONE',  ( 0.7476080254281427528, 1.249859090987030186, 0.9000000000000000222 ) ) ;
#3398 = ORIENTED_EDGE ( 'NONE', *, *, #546, .F. ) ;
#3399 = CARTESIAN_POINT ( 'NONE',  ( 1.114247607027199383, 1.213844446304467306, 0.9100000000000000311 ) ) ;
#3400 = EDGE_CURVE ( 'NONE', #7625, #5897, #7637, .T. ) ;
#3401 = LINE ( 'NONE', #4288, #6011 ) ;
#3402 = CARTESIAN_POINT ( 'NONE',  ( 1.089336408978731408, 1.225995525614980153, 0.9100000000000000311 ) ) ;
#3403 = CARTESIAN_POINT ( 'NONE',  ( 0.9013054732116276835, 1.183752640648386922, 0.9000000000000000222 ) ) ;
#3404 = EDGE_LOOP ( 'NONE', ( #8394, #2660, #4327, #7004 ) ) ;
#3405 = PLANE ( 'NONE',  #4341 ) ;
#3406 = CARTESIAN_POINT ( 'NONE',  ( 1.079368958835152492, 1.287553071657355330, 0.9100000000000000311 ) ) ;
#3407 = VERTEX_POINT ( 'NONE', #6218 ) ;
#3408 = ADVANCED_FACE ( 'NONE', ( #1900, #7690 ), #1191, .F. ) ;
#3409 = ORIENTED_EDGE ( 'NONE', *, *, #4912, .F. ) ;
#3410 = DIRECTION ( 'NONE',  ( -0.000000000000000000, -0.000000000000000000, -1.000000000000000000 ) ) ;
#3411 = ORIENTED_EDGE ( 'NONE', *, *, #4577, .F. ) ;
#3412 = CARTESIAN_POINT ( 'NONE',  ( 1.132890155358039497, 1.198068839668837482, 0.9000000000000000222 ) ) ;
#3413 = CARTESIAN_POINT ( 'NONE',  ( 1.166981508680438040, 1.193790709055976285, 0.9100000000000000311 ) ) ;
#3414 = CARTESIAN_POINT ( 'NONE',  ( 1.149215382940226293, 1.301902634754964483, 0.9100000000000000311 ) ) ;
#3415 = CARTESIAN_POINT ( 'NONE',  ( -0.7500000000000000000, 1.450000000000000400, 0.000000000000000000 ) ) ;
#3416 = CARTESIAN_POINT ( 'NONE',  ( 0.9252690525937135035, 1.272996321023685207, 0.9000000000000000222 ) ) ;
#3417 = CARTESIAN_POINT ( 'NONE',  ( 0.7389315424931681697, 1.203997742542332272, 0.9100000000000000311 ) ) ;
#3418 = CARTESIAN_POINT ( 'NONE',  ( 0.7967746845690611979, 1.291175612597763145, 0.9100000000000000311 ) ) ;
#3419 = ORIENTED_EDGE ( 'NONE', *, *, #6556, .T. ) ;
#3420 = VERTEX_POINT ( 'NONE', #1993 ) ;
#3421 = PRESENTATION_LAYER_ASSIGNMENT (  '', '', ( #711 ) ) ;
#3422 = CARTESIAN_POINT ( 'NONE',  ( 1.202588033261658085, 1.312568252047187523, 0.9000000000000000222 ) ) ;
#3423 = CARTESIAN_POINT ( 'NONE',  ( 1.200463822574998840, 1.318034752275000665, 0.9000000000000000222 ) ) ;
#3424 = CARTESIAN_POINT ( 'NONE',  ( 1.313165825911154938, 1.230956968756321768, 0.9100000000000000311 ) ) ;
#3425 = VERTEX_POINT ( 'NONE', #7167 ) ;
#3426 = DIRECTION ( 'NONE',  ( -1.000000000000000000, 0.000000000000000000, -0.000000000000000000 ) ) ;
#3427 = EDGE_LOOP ( 'NONE', ( #8082, #4176, #3835, #7615 ) ) ;
#3428 = SURFACE_SIDE_STYLE ('',( #3278 ) ) ;
#3429 = MECHANICAL_DESIGN_GEOMETRIC_PRESENTATION_REPRESENTATION (  '', ( #3607 ), #4189 ) ;
#3430 = PLANE ( 'NONE',  #5795 ) ;
#3431 = CARTESIAN_POINT ( 'NONE',  ( 1.084880022923465415, 1.274748389058698805, 0.9000000000000000222 ) ) ;
#3432 = CARTESIAN_POINT ( 'NONE',  ( 1.062702074988706613, 1.241652295288878660, 0.9100000000000000311 ) ) ;
#3433 = ORIENTED_EDGE ( 'NONE', *, *, #6578, .T. ) ;
#3434 = LINE ( 'NONE', #6480, #6019 ) ;
#3435 = EDGE_CURVE ( 'NONE', #5527, #4137, #1382, .T. ) ;
#3436 = ORIENTED_EDGE ( 'NONE', *, *, #4326, .F. ) ;
#3437 = VECTOR ( 'NONE', #1071, 1000.000000000000000 ) ;
#3438 = VECTOR ( 'NONE', #2639, 1000.000000000000227 ) ;
#3439 = EDGE_CURVE ( 'NONE', #8806, #357, #7971, .T. ) ;
#3440 = CARTESIAN_POINT ( 'NONE',  ( 1.240675279413155918, 1.322342592128198602, 0.9100000000000000311 ) ) ;
#3441 = CARTESIAN_POINT ( 'NONE',  ( 1.308605457514324666, 1.241652295288878660, 0.9100000000000000311 ) ) ;
#3442 = LINE ( 'NONE', #1123, #2351 ) ;
#3443 = LINE ( 'NONE', #6443, #3000 ) ;
#3444 = MECHANICAL_DESIGN_GEOMETRIC_PRESENTATION_REPRESENTATION (  '', ( #5278 ), #274 ) ;
#3445 = VECTOR ( 'NONE', #5498, 1000.000000000000000 ) ;
#3446 = SURFACE_STYLE_FILL_AREA ( #4885 ) ;
#3447 = ORIENTED_EDGE ( 'NONE', *, *, #5248, .F. ) ;
#3448 = CARTESIAN_POINT ( 'NONE',  ( 1.179147442611117924, 1.275728793990915433, 0.9100000000000000311 ) ) ;
#3449 = VERTEX_POINT ( 'NONE', #4937 ) ;
#3450 = EDGE_CURVE ( 'NONE', #4137, #4035, #2916, .T. ) ;
#3451 = PRESENTATION_LAYER_ASSIGNMENT (  '', '', ( #4504 ) ) ;
#3452 = VERTEX_POINT ( 'NONE', #4346 ) ;
#3453 = DIRECTION ( 'NONE',  ( -0.000000000000000000, -0.000000000000000000, 1.000000000000000000 ) ) ;
#3454 = CARTESIAN_POINT ( 'NONE',  ( 1.109301018506022807, 1.285324878629917844, 0.9100000000000000311 ) ) ;
#3455 =( GEOMETRIC_REPRESENTATION_CONTEXT ( 3 ) GLOBAL_UNCERTAINTY_ASSIGNED_CONTEXT ( ( #3687 ) ) GLOBAL_UNIT_ASSIGNED_CONTEXT ( ( #2057, #4958, #5811 ) ) REPRESENTATION_CONTEXT ( 'NONE', 'WORKASPACE' ) );
#3456 = VECTOR ( 'NONE', #3652, 1000.000000000000000 ) ;
#3457 =( NAMED_UNIT ( * ) PLANE_ANGLE_UNIT ( ) SI_UNIT ( $, .RADIAN. ) );
#3458 = DIRECTION ( 'NONE',  ( 0.3667976789509080349, 0.9303007377811900458, -0.000000000000000000 ) ) ;
#3459 = LINE ( 'NONE', #2653, #1377 ) ;
#3460 = CARTESIAN_POINT ( 'NONE',  ( 1.179444535014458895, 1.327155489067869620, 0.9100000000000000311 ) ) ;
#3461 = CARTESIAN_POINT ( 'NONE',  ( 1.224959091258592814, 1.190166181731256767, 0.9100000000000000311 ) ) ;
#3462 = DIRECTION ( 'NONE',  ( 0.000000000000000000, -1.000000000000000000, 0.000000000000000000 ) ) ;
#3463 = ORIENTED_EDGE ( 'NONE', *, *, #9083, .T. ) ;
#3464 = AXIS2_PLACEMENT_3D ( 'NONE', #100, #6765, #1659 ) ;
#3465 = VECTOR ( 'NONE', #2963, 1000.000000000000000 ) ;
#3466 = CARTESIAN_POINT ( 'NONE',  ( 1.243438238767396786, 1.234967716206178068, 0.9000000000000000222 ) ) ;
#3467 = ORIENTED_EDGE ( 'NONE', *, *, #1596, .T. ) ;
#3468 = EDGE_CURVE ( 'NONE', #387, #7455, #6409, .T. ) ;
#3469 = CARTESIAN_POINT ( 'NONE',  ( 0.8959343285546285118, 1.196147597132037221, 0.9000000000000000222 ) ) ;
#3470 = CARTESIAN_POINT ( 'NONE',  ( 1.268988185483642006, 1.229501215978365369, 0.9100000000000000311 ) ) ;
#3471 = VECTOR ( 'NONE', #999, 1000.000000000000000 ) ;
#3472 = EDGE_CURVE ( 'NONE', #306, #9029, #4304, .T. ) ;
#3473 = SURFACE_SIDE_STYLE ('',( #9311 ) ) ;
#3474 = CARTESIAN_POINT ( 'NONE',  ( 1.087345889873970073, 1.203059992050906413, 0.9100000000000000311 ) ) ;
#3475 = ORIENTED_EDGE ( 'NONE', *, *, #4961, .F. ) ;
#3476 = SURFACE_STYLE_USAGE ( .BOTH. , #7844 ) ;
#3477 = VERTEX_POINT ( 'NONE', #7260 ) ;
#3478 = EDGE_LOOP ( 'NONE', ( #6184, #7182, #8313, #9016 ) ) ;
#3479 = EDGE_CURVE ( 'NONE', #7045, #8510, #20, .T. ) ;
#3480 = DIRECTION ( 'NONE',  ( 0.000000000000000000, 0.000000000000000000, 1.000000000000000000 ) ) ;
#3481 = FACE_BOUND ( 'NONE', #780, .T. ) ;
#3482 = FILL_AREA_STYLE ('',( #603 ) ) ;
#3483 = CARTESIAN_POINT ( 'NONE',  ( 1.137138576730766237, 1.219073272609214831, 0.9100000000000000311 ) ) ;
#3484 = LINE ( 'NONE', #2061, #733 ) ;
#3485 = VECTOR ( 'NONE', #2789, 1000.000000000000000 ) ;
#3486 = EDGE_LOOP ( 'NONE', ( #4931, #7001, #8256, #396 ) ) ;
#3487 = B_SPLINE_CURVE_WITH_KNOTS ( 'NONE', 3,
 ( #8881, #2383, #3839, #6738 ),
 .UNSPECIFIED., .F., .F.,
 ( 4, 4 ),
 ( 3.000000000000000000, 4.000000000000000000 ),
 .UNSPECIFIED. ) ;
#3488 = EDGE_CURVE ( 'NONE', #4691, #5512, #5791, .T. ) ;
#3489 = STYLED_ITEM ( 'NONE', ( #5557 ), #9293 ) ;
#3490 = FACE_BOUND ( 'NONE', #3531, .T. ) ;
#3491 = CARTESIAN_POINT ( 'NONE',  ( 1.273296025337236514, 1.200237614216001614, 0.9000000000000000222 ) ) ;
#3492 = CARTESIAN_POINT ( 'NONE',  ( 1.213699289159290595, 1.275728793990915433, 0.9100000000000000311 ) ) ;
#3493 = EDGE_CURVE ( 'NONE', #9318, #3061, #2752, .T. ) ;
#3494 = CARTESIAN_POINT ( 'NONE',  ( 1.239769147581776254, 1.326412758058725494, 0.9100000000000000311 ) ) ;
#3495 =( GEOMETRIC_REPRESENTATION_CONTEXT ( 3 ) GLOBAL_UNCERTAINTY_ASSIGNED_CONTEXT ( ( #7046 ) ) GLOBAL_UNIT_ASSIGNED_CONTEXT ( ( #6862, #1121, #9098 ) ) REPRESENTATION_CONTEXT ( 'NONE', 'WORKASPACE' ) );
#3496 = EDGE_LOOP ( 'NONE', ( #1891, #4706, #8287, #2866 ) ) ;
#3497 = CARTESIAN_POINT ( 'NONE',  ( 0.9698908927811655811, 1.201931916461858485, 0.9000000000000000222 ) ) ;
#3498 = VERTEX_POINT ( 'NONE', #6505 ) ;
#3499 = CARTESIAN_POINT ( 'NONE',  ( 0.8112354592522946772, 1.156070583778161076, 0.9100000000000000311 ) ) ;
#3500 = CARTESIAN_POINT ( 'NONE',  ( -1.250000000000000000, 0.4500000000000002887, -0.02000000000000000042 ) ) ;
#3501 = ORIENTED_EDGE ( 'NONE', *, *, #5316, .T. ) ;
#3502 = CARTESIAN_POINT ( 'NONE',  ( 0.9310533719237290562, 1.183339481736770615, 0.9000000000000000222 ) ) ;
#3503 = CARTESIAN_POINT ( 'NONE',  ( 0.8661864298425271391, 1.324641973037194775, 0.9000000000000000222 ) ) ;
#3504 = CARTESIAN_POINT ( 'NONE',  ( 1.080304799906864899, 1.200504997379009842, 0.9100000000000000311 ) ) ;
#3505 =( LENGTH_UNIT ( ) NAMED_UNIT ( * ) SI_UNIT ( .MILLI., .METRE. ) );
#3506 = CARTESIAN_POINT ( 'NONE',  ( 1.196215401202468831, 1.321688988840056922, 0.9100000000000000311 ) ) ;
#3507 = FACE_OUTER_BOUND ( 'NONE', #1116, .T. ) ;
#3508 = CARTESIAN_POINT ( 'NONE',  ( 0.8864315317360796920, 1.349431886003709113, 0.9000000000000000222 ) ) ;
#3509 = EDGE_CURVE ( 'NONE', #400, #4399, #631, .T. ) ;
#3510 = VERTEX_POINT ( 'NONE', #6547 ) ;
#3511 = ORIENTED_EDGE ( 'NONE', *, *, #965, .T. ) ;
#3512 = LINE ( 'NONE', #2136, #7544 ) ;
#3513 = EDGE_LOOP ( 'NONE', ( #1674, #2366, #8467, #3193 ) ) ;
#3514 = EDGE_LOOP ( 'NONE', ( #7578, #1890, #9041, #2423 ) ) ;
#3515 = LINE ( 'NONE', #1569, #5552 ) ;
#3516 = DIRECTION ( 'NONE',  ( -0.000000000000000000, 1.000000000000000000, -0.000000000000000000 ) ) ;
#3517 = LINE ( 'NONE', #5842, #7101 ) ;
#3518 = CARTESIAN_POINT ( 'NONE',  ( 0.9103951111183632428, 1.232092981966071532, 0.9000000000000000222 ) ) ;
#3519 = CARTESIAN_POINT ( 'NONE',  ( 1.121749190220074244, 1.214498049592610540, 0.9100000000000000311 ) ) ;
#3520 = ORIENTED_EDGE ( 'NONE', *, *, #1725, .T. ) ;
#3521 = VERTEX_POINT ( 'NONE', #2037 ) ;
#3522 = ORIENTED_EDGE ( 'NONE', *, *, #1725, .F. ) ;
#3523 = CARTESIAN_POINT ( 'NONE',  ( 1.274484394951788557, 1.233957602033630252, 0.9000000000000000222 ) ) ;
#3524 = CARTESIAN_POINT ( 'NONE',  ( 1.079368958835152492, 1.287553071657355330, 0.9100000000000000311 ) ) ;
#3525 = DIRECTION ( 'NONE',  ( -0.000000000000000000, 1.000000000000000000, -0.000000000000000000 ) ) ;
#3526 = CARTESIAN_POINT ( 'NONE',  ( 0.8033853217223048127, 1.322162980164599988, 0.9000000000000000222 ) ) ;
#3527 = CARTESIAN_POINT ( 'NONE',  ( 1.114930919555674915, 1.209090967845468656, 0.9000000000000000222 ) ) ;
#3528 = CARTESIAN_POINT ( 'NONE',  ( 1.134761837501267800, 1.195721809680069914, 0.9000000000000000222 ) ) ;
#3529 = EDGE_CURVE ( 'NONE', #3834, #4766, #1327, .T. ) ;
#3530 = UNCERTAINTY_MEASURE_WITH_UNIT (LENGTH_MEASURE( 1.000000000000000082E-05 ), #2350, 'distance_accuracy_value', 'NONE');
#3531 = EDGE_LOOP ( 'NONE', ( #3374, #1755, #5358, #1658 ) ) ;
#3532 = ORIENTED_EDGE ( 'NONE', *, *, #1759, .T. ) ;
#3533 = CARTESIAN_POINT ( 'NONE',  ( 0.9442746619914175188, 1.295307241117606534, 0.9100000000000000311 ) ) ;
#3534 = CARTESIAN_POINT ( 'NONE',  ( 1.128433769302953138, 1.282353954592944989, 0.9000000000000000222 ) ) ;
#3535 = FACE_OUTER_BOUND ( 'NONE', #5882, .T. ) ;
#3536 = CARTESIAN_POINT ( 'NONE',  ( 0.9079161261260743077, 1.183339481736770615, 0.9100000000000000311 ) ) ;
#3537 = ORIENTED_EDGE ( 'NONE', *, *, #5487, .T. ) ;
#3538 = CARTESIAN_POINT ( 'NONE',  ( 1.131642367262621240, 1.199108663081720483, 0.9100000000000000311 ) ) ;
#3539 = EDGE_CURVE ( 'NONE', #4274, #2801, #3235, .T. ) ;
#3540 = DIRECTION ( 'NONE',  ( 0.000000000000000000, 1.000000000000000000, 0.000000000000000000 ) ) ;
#3541 = ORIENTED_EDGE ( 'NONE', *, *, #8572, .T. ) ;
#3542 = ORIENTED_EDGE ( 'NONE', *, *, #710, .T. ) ;
#3543 = PLANE ( 'NONE',  #921 ) ;
#3544 = FACE_OUTER_BOUND ( 'NONE', #7456, .T. ) ;
#3545 = SURFACE_STYLE_USAGE ( .BOTH. , #6404 ) ;
#3546 = CARTESIAN_POINT ( 'NONE',  ( 2.000000000000000000, 0.000000000000000000, -0.02000000000000000042 ) ) ;
#3547 = LINE ( 'NONE', #6457, #5724 ) ;
#3548 = CARTESIAN_POINT ( 'NONE',  ( 0.8112354592522946772, 1.156070583778161076, 0.9000000000000000222 ) ) ;
#3549 = B_SPLINE_CURVE_WITH_KNOTS ( 'NONE', 3,
 ( #17, #1379, #2834, #9344 ),
 .UNSPECIFIED., .F., .F.,
 ( 4, 4 ),
 ( 19.00000000000000000, 20.00000000000000000 ),
 .UNSPECIFIED. ) ;
#3550 = CARTESIAN_POINT ( 'NONE',  ( 1.117916698212618742, 1.189839380087180265, 0.9100000000000000311 ) ) ;
#3551 = ADVANCED_FACE ( 'NONE', ( #3507 ), #2177, .F. ) ;
#3552 = ORIENTED_EDGE ( 'NONE', *, *, #5718, .T. ) ;
#3553 = CARTESIAN_POINT ( 'NONE',  ( 1.104339575364488013, 1.210249628219685958, 0.9100000000000000311 ) ) ;
#3554 = ORIENTED_EDGE ( 'NONE', *, *, #5417, .F. ) ;
#3555 = ORIENTED_EDGE ( 'NONE', *, *, #778, .T. ) ;
#3556 = EDGE_CURVE ( 'NONE', #8352, #8671, #151, .T. ) ;
#3557 = CARTESIAN_POINT ( 'NONE',  ( 1.063415096757715395, 1.275728793990911436, 0.9100000000000000311 ) ) ;
#3558 = CARTESIAN_POINT ( 'NONE',  ( 1.134449890477362111, 1.183659858090557515, 0.9100000000000000311 ) ) ;
#3559 =( NAMED_UNIT ( * ) SI_UNIT ( $, .STERADIAN. ) SOLID_ANGLE_UNIT ( ) );
#3560 = CARTESIAN_POINT ( 'NONE',  ( 1.074184696390907634, 1.326264211856659214, 0.9000000000000000222 ) ) ;
#3561 = ORIENTED_EDGE ( 'NONE', *, *, #7169, .F. ) ;
#3562 = CARTESIAN_POINT ( 'NONE',  ( 1.229950243640265617, 1.298188979709240742, 0.9100000000000000311 ) ) ;
#3563 = EDGE_CURVE ( 'NONE', #6884, #980, #4585, .T. ) ;
#3564 = ORIENTED_EDGE ( 'NONE', *, *, #5287, .F. ) ;
#3565 = VERTEX_POINT ( 'NONE', #947 ) ;
#3566 = CARTESIAN_POINT ( 'NONE',  ( 1.097060811474313002, 1.200386160417672654, 0.9100000000000000311 ) ) ;
#3567 = LINE ( 'NONE', #1487, #3016 ) ;
#3568 = FACE_BOUND ( 'NONE', #3803, .T. ) ;
#3569 = DIRECTION ( 'NONE',  ( 1.000000000000000000, -0.000000000000000000, -0.000000000000000000 ) ) ;
#3570 = CARTESIAN_POINT ( 'NONE',  ( 0.8959343285546285118, 1.196147597132037221, 0.9000000000000000222 ) ) ;
#3571 = VECTOR ( 'NONE', #6887, 1000.000000000000000 ) ;
#3572 = CARTESIAN_POINT ( 'NONE',  ( 1.134137943453656261, 1.197029016255958034, 0.9000000000000000222 ) ) ;
#3573 = EDGE_LOOP ( 'NONE', ( #4527, #8657, #6514, #5025 ) ) ;
#3574 = VECTOR ( 'NONE', #6465, 1000.000000000000000 ) ;
#3575 = ADVANCED_FACE ( 'NONE', ( #1603 ), #2455, .F. ) ;
#3576 = CARTESIAN_POINT ( 'NONE',  ( 1.073664784684665197, 1.304130827782795654, 0.9100000000000000311 ) ) ;
#3577 = CARTESIAN_POINT ( 'NONE',  ( 1.264739764111110665, 1.233155452543421626, 0.9100000000000000311 ) ) ;
#3578 = CARTESIAN_POINT ( 'NONE',  ( 1.104339575364488013, 1.183541021129224102, 0.9100000000000000311 ) ) ;
#3579 = ADVANCED_FACE ( 'NONE', ( #6722 ), #8022, .F. ) ;
#3580 = DIRECTION ( 'NONE',  ( -0.000000000000000000, -0.000000000000000000, -1.000000000000000000 ) ) ;
#3581 = LINE ( 'NONE', #4161, #3277 ) ;
#3582 = VERTEX_POINT ( 'NONE', #2222 ) ;
#3583 = VECTOR ( 'NONE', #8061, 1000.000000000000000 ) ;
#3584 = VERTEX_POINT ( 'NONE', #6585 ) ;
#3585 =( NAMED_UNIT ( * ) SI_UNIT ( $, .STERADIAN. ) SOLID_ANGLE_UNIT ( ) );
#3586 = ORIENTED_EDGE ( 'NONE', *, *, #3941, .T. ) ;
#3587 = CARTESIAN_POINT ( 'NONE',  ( 1.122031428003644971, 1.224896283721431445, 0.9100000000000000311 ) ) ;
#3588 = CARTESIAN_POINT ( 'NONE',  ( 1.089336408978731408, 1.225995525614980153, 0.9100000000000000311 ) ) ;
#3589 = VECTOR ( 'NONE', #5015, 1000.000000000000000 ) ;
#3590 = PLANE ( 'NONE',  #8009 ) ;
#3591 = VECTOR ( 'NONE', #7480, 1000.000000000000000 ) ;
#3592 = FACE_OUTER_BOUND ( 'NONE', #8127, .T. ) ;
#3593 = CARTESIAN_POINT ( 'NONE',  ( 1.286472073440067199, 1.183541021129224102, 0.9100000000000000311 ) ) ;
#3594 = CARTESIAN_POINT ( 'NONE',  ( 0.7889245470388724923, 1.291175612597763145, 0.9100000000000000311 ) ) ;
#3595 = CARTESIAN_POINT ( 'NONE',  ( 1.123962528627540758, 1.218538506282406564, 0.9100000000000000311 ) ) ;
#3596 = ORIENTED_EDGE ( 'NONE', *, *, #8754, .T. ) ;
#3597 = FACE_OUTER_BOUND ( 'NONE', #6464, .T. ) ;
#3598 = ORIENTED_EDGE ( 'NONE', *, *, #883, .F. ) ;
#3599 = PLANE ( 'NONE',  #3903 ) ;
#3600 = ORIENTED_EDGE ( 'NONE', *, *, #8077, .F. ) ;
#3601 = ORIENTED_EDGE ( 'NONE', *, *, #868, .T. ) ;
#3602 = EDGE_CURVE ( 'NONE', #785, #6303, #198, .T. ) ;
#3603 = B_SPLINE_SURFACE_WITH_KNOTS ( 'NONE', 3, 1, ( 
 ( #5471, #2664 ),
 ( #1249, #2712 ),
 ( #1149, #4808 ),
 ( #4141, #8354 ) ),
 .UNSPECIFIED., .F., .F., .F.,
 ( 4, 4 ),
 ( 2, 2 ),
 ( 2.000000000000000000, 3.000000000000000000 ),
 ( 0.000000000000000000, 1.000000000000000000 ),
 .UNSPECIFIED. ) ;
#3604 = CARTESIAN_POINT ( 'NONE',  ( 1.195873744938231731, 1.278432334864485931, 0.9000000000000000222 ) ) ;
#3605 = LINE ( 'NONE', #2187, #4067 ) ;
#3606 = CARTESIAN_POINT ( 'NONE',  ( 0.000000000000000000, 0.000000000000000000, 0.9000000000000000222 ) ) ;
#3607 = STYLED_ITEM ( 'NONE', ( #8683 ), #6448 ) ;
#3608 = AXIS2_PLACEMENT_3D ( 'NONE', #2504, #3375, #6272 ) ;
#3609 = CARTESIAN_POINT ( 'NONE',  ( 1.073664784684665197, 1.297178865536694703, 0.9000000000000000222 ) ) ;
#3610 = AXIS2_PLACEMENT_3D ( 'NONE', #3211, #9063, #5462 ) ;
#3611 = EDGE_CURVE ( 'NONE', #8145, #6426, #7779, .T. ) ;
#3612 = ORIENTED_EDGE ( 'NONE', *, *, #8831, .T. ) ;
#3613 = VERTEX_POINT ( 'NONE', #1704 ) ;
#3614 = AXIS2_PLACEMENT_3D ( 'NONE', #9015, #1097, #4028 ) ;
#3615 = ORIENTED_EDGE ( 'NONE', *, *, #6094, .F. ) ;
#3616 = CARTESIAN_POINT ( 'NONE',  ( 1.087345889873970073, 1.203059992050906413, 0.9100000000000000311 ) ) ;
#3617 = DIRECTION ( 'NONE',  ( -0.000000000000000000, -0.000000000000000000, -1.000000000000000000 ) ) ;
#3618 = LINE ( 'NONE', #2157, #6673 ) ;
#3619 = EDGE_CURVE ( 'NONE', #1583, #7818, #8151, .T. ) ;
#3620 = VECTOR ( 'NONE', #767, 1000.000000000000000 ) ;
#3621 =( LENGTH_UNIT ( ) NAMED_UNIT ( * ) SI_UNIT ( .MILLI., .METRE. ) );
#3622 = EDGE_CURVE ( 'NONE', #3234, #6034, #5873, .T. ) ;
#3623 = ORIENTED_EDGE ( 'NONE', *, *, #8199, .T. ) ;
#3624 = ORIENTED_EDGE ( 'NONE', *, *, #2402, .T. ) ;
#3625 = CARTESIAN_POINT ( 'NONE',  ( 1.109301018506022807, 1.324600494396363182, 0.9100000000000000311 ) ) ;
#3626 = FACE_OUTER_BOUND ( 'NONE', #255, .T. ) ;
#3627 = PLANE ( 'NONE',  #7011 ) ;
#3628 = AXIS2_PLACEMENT_3D ( 'NONE', #8708, #2811, #5714 ) ;
#3629 = CARTESIAN_POINT ( 'NONE',  ( 1.109301018506022807, 1.332443733853280632, 0.9100000000000000311 ) ) ;
#3630 = VECTOR ( 'NONE', #5883, 1000.000000000000000 ) ;
#3631 = ORIENTED_EDGE ( 'NONE', *, *, #2338, .T. ) ;
#3632 = DIRECTION ( 'NONE',  ( 0.3559357243643225255, -0.9345104387438617488, 0.000000000000000000 ) ) ;
#3633 = CARTESIAN_POINT ( 'NONE',  ( 1.201711610670615382, 1.283869125851567761, 0.9100000000000000311 ) ) ;
#3634 = AXIS2_PLACEMENT_3D ( 'NONE', #5153, #6051, #8892 ) ;
#3635 = EDGE_CURVE ( 'NONE', #5512, #6444, #1657, .T. ) ;
#3636 = CARTESIAN_POINT ( 'NONE',  ( 1.221988167221633503, 1.216369731735640114, 0.9000000000000000222 ) ) ;
#3637 = LINE ( 'NONE', #3677, #6669 ) ;
#3638 = MECHANICAL_DESIGN_GEOMETRIC_PRESENTATION_REPRESENTATION (  '', ( #2433 ), #3776 ) ;
#3639 = PLANE ( 'NONE',  #5939 ) ;
#3640 = CARTESIAN_POINT ( 'NONE',  ( 1.163163871293149132, 1.275728793990915433, 0.9100000000000000311 ) ) ;
#3641 =( LENGTH_UNIT ( ) NAMED_UNIT ( * ) SI_UNIT ( .MILLI., .METRE. ) );
#3642 = CARTESIAN_POINT ( 'NONE',  ( 1.147521956239419438, 1.164586525774281345, 0.9000000000000000222 ) ) ;
#3643 = CARTESIAN_POINT ( 'NONE',  ( 1.500000000000000000, -1.500000000000000222, 0.9000000000000000222 ) ) ;
#3644 = CARTESIAN_POINT ( 'NONE',  ( 0.7930561834390216225, 1.156070583778161076, 0.9000000000000000222 ) ) ;
#3645 = ORIENTED_EDGE ( 'NONE', *, *, #5801, .T. ) ;
#3646 = EDGE_CURVE ( 'NONE', #9018, #2146, #3097, .T. ) ;
#3647 = SURFACE_SIDE_STYLE ('',( #3732 ) ) ;
#3648 = CARTESIAN_POINT ( 'NONE',  ( 1.040271598510911888, 1.209714861893276483, 0.9100000000000000311 ) ) ;
#3649 = EDGE_LOOP ( 'NONE', ( #6329, #199, #2612, #7551, #3757, #1000 ) ) ;
#3650 = CARTESIAN_POINT ( 'NONE',  ( 1.179444535014458895, 1.327155489067869620, 0.9100000000000000311 ) ) ;
#3651 = CARTESIAN_POINT ( 'NONE',  ( 1.193704970391464837, 1.241652295288878660, 0.9000000000000000222 ) ) ;
#3652 = DIRECTION ( 'NONE',  ( -0.000000000000000000, -0.000000000000000000, -1.000000000000000000 ) ) ;
#3653 = DIRECTION ( 'NONE',  ( -1.000000000000000000, 0.000000000000000000, -0.000000000000000000 ) ) ;
#3654 = VECTOR ( 'NONE', #9032, 1000.000000000000000 ) ;
#3655 = ORIENTED_EDGE ( 'NONE', *, *, #1879, .T. ) ;
#3656 = ORIENTED_EDGE ( 'NONE', *, *, #266, .T. ) ;
#3657 = DIRECTION ( 'NONE',  ( 1.000000000000000000, 0.000000000000000000, 0.000000000000000000 ) ) ;
#3658 = LINE ( 'NONE', #4369, #1217 ) ;
#3659 = LINE ( 'NONE', #5144, #7905 ) ;
#3660 = CARTESIAN_POINT ( 'NONE',  ( 1.063415096757715395, 1.282353954592944989, 0.9000000000000000222 ) ) ;
#3661 = FACE_OUTER_BOUND ( 'NONE', #3177, .T. ) ;
#3662 = VERTEX_POINT ( 'NONE', #7523 ) ;
#3663 = SURFACE_SIDE_STYLE ('',( #2388 ) ) ;
#3664 = ORIENTED_EDGE ( 'NONE', *, *, #2023, .T. ) ;
#3665 = ADVANCED_FACE ( 'NONE', ( #3915 ), #279, .F. ) ;
#3666 = CARTESIAN_POINT ( 'NONE',  ( 1.097060811474313002, 1.204367198627195545, 0.9000000000000000222 ) ) ;
#3667 = LINE ( 'NONE', #3085, #3116 ) ;
#3668 = VERTEX_POINT ( 'NONE', #472 ) ;
#3669 = CARTESIAN_POINT ( 'NONE',  ( 0.7980141770651065780, 1.315139172278788404, 0.9100000000000000311 ) ) ;
#3670 = DIRECTION ( 'NONE',  ( 1.000000000000000000, -0.000000000000000000, -0.000000000000000000 ) ) ;
#3671 = CARTESIAN_POINT ( 'NONE',  ( 0.7885113802467559330, 1.315965501922772507, 0.9100000000000000311 ) ) ;
#3672 = CARTESIAN_POINT ( 'NONE',  ( -1.195490597087386142, -1.198655526412927497, 0.8799999999999998934 ) ) ;
#3673 = B_SPLINE_SURFACE_WITH_KNOTS ( 'NONE', 3, 1, ( 
 ( #4571, #7467 ),
 ( #5856, #974 ),
 ( #183, #1729 ),
 ( #3084, #4518 ) ),
 .UNSPECIFIED., .F., .F., .F.,
 ( 4, 4 ),
 ( 2, 2 ),
 ( 1.000000000000000000, 2.000000000000000000 ),
 ( 0.000000000000000000, 1.000000000000000000 ),
 .UNSPECIFIED. ) ;
#3674 = EDGE_CURVE ( 'NONE', #6265, #1792, #2594, .T. ) ;
#3675 = CARTESIAN_POINT ( 'NONE',  ( 1.146021639600764308, 1.225044829923102929, 0.9100000000000000311 ) ) ;
#3676 = ORIENTED_EDGE ( 'NONE', *, *, #2038, .T. ) ;
#3677 = CARTESIAN_POINT ( 'NONE',  ( 0.9112214289417924773, 1.208542553615299164, 0.9100000000000000311 ) ) ;
#3678 = B_SPLINE_CURVE_WITH_KNOTS ( 'NONE', 3,
 ( #4229, #7843, #8741, #74 ),
 .UNSPECIFIED., .F., .F.,
 ( 4, 4 ),
 ( 18.00000000000000000, 19.00000000000000000 ),
 .UNSPECIFIED. ) ;
#3679 = DIRECTION ( 'NONE',  ( 0.000000000000000000, -0.000000000000000000, 1.000000000000000000 ) ) ;
#3680 = DIRECTION ( 'NONE',  ( 0.000000000000000000, -0.000000000000000000, -1.000000000000000000 ) ) ;
#3681 =( NAMED_UNIT ( * ) PLANE_ANGLE_UNIT ( ) SI_UNIT ( $, .RADIAN. ) );
#3682 = CARTESIAN_POINT ( 'NONE',  ( -0.7500000000000000000, 0.4500000000000002887, -0.02000000000000000042 ) ) ;
#3683 = CARTESIAN_POINT ( 'NONE',  ( 1.250000000000000000, -1.450000000000000400, -0.02000000000000000042 ) ) ;
#3684 = DIRECTION ( 'NONE',  ( -0.000000000000000000, -0.000000000000000000, -1.000000000000000000 ) ) ;
#3685 = VERTEX_POINT ( 'NONE', #1082 ) ;
#3686 = EDGE_CURVE ( 'NONE', #4887, #115, #9152, .T. ) ;
#3687 = UNCERTAINTY_MEASURE_WITH_UNIT (LENGTH_MEASURE( 1.000000000000000082E-05 ), #2057, 'distance_accuracy_value', 'NONE');
#3688 = DIRECTION ( 'NONE',  ( 0.000000000000000000, 1.000000000000000000, 0.000000000000000000 ) ) ;
#3689 = CARTESIAN_POINT ( 'NONE',  ( 1.251875663031789543, 1.190166181731256767, 0.9100000000000000311 ) ) ;
#3690 = EDGE_LOOP ( 'NONE', ( #1537, #3237, #2303, #6740 ) ) ;
#3691 = CARTESIAN_POINT ( 'NONE',  ( 1.286472073440067199, 1.183541021129224102, 0.9100000000000000311 ) ) ;
#3692 = CARTESIAN_POINT ( 'NONE',  ( 1.097060811474313002, 1.189958217048518119, 0.9000000000000000222 ) ) ;
#3693 = DIRECTION ( 'NONE',  ( 0.000000000000000000, -1.000000000000000000, 0.000000000000000000 ) ) ;
#3694 = CARTESIAN_POINT ( 'NONE',  ( 0.000000000000000000, 0.000000000000000000, -0.02000000000000000042 ) ) ;
#3695 = DIRECTION ( 'NONE',  ( -1.000000000000000000, 0.000000000000000000, 0.000000000000000000 ) ) ;
#3696 = EDGE_LOOP ( 'NONE', ( #8358, #2470, #7873, #7653 ) ) ;
#3697 = EDGE_CURVE ( 'NONE', #8168, #5582, #4041, .T. ) ;
#3698 = ORIENTED_EDGE ( 'NONE', *, *, #5047, .T. ) ;
#3699 = VERTEX_POINT ( 'NONE', #1886 ) ;
#3700 = ORIENTED_EDGE ( 'NONE', *, *, #6029, .F. ) ;
#3701 = ORIENTED_EDGE ( 'NONE', *, *, #5545, .F. ) ;
#3702 = LINE ( 'NONE', #7322, #4925 ) ;
#3703 = CARTESIAN_POINT ( 'NONE',  ( 1.316626952414039708, 1.241652295288878660, 0.9000000000000000222 ) ) ;
#3704 = EDGE_CURVE ( 'NONE', #1087, #8028, #3297, .T. ) ;
#3705 = CARTESIAN_POINT ( 'NONE',  ( 1.142233711453809475, 1.194830532468855955, 0.9100000000000000311 ) ) ;
#3706 = PLANE ( 'NONE',  #7703 ) ;
#3707 = FACE_OUTER_BOUND ( 'NONE', #3261, .T. ) ;
#3708 = ORIENTED_EDGE ( 'NONE', *, *, #8961, .T. ) ;
#3709 = CARTESIAN_POINT ( 'NONE',  ( 1.083855054130750561, 1.325907700972251080, 0.9100000000000000311 ) ) ;
#3710 = CARTESIAN_POINT ( 'NONE',  ( 1.261323201468730559, 1.241652295288878660, 0.9000000000000000222 ) ) ;
#3711 = DIRECTION ( 'NONE',  ( -0.3385350343141491636, -0.9409537876760567521, 0.000000000000000000 ) ) ;
#3712 = VERTEX_POINT ( 'NONE', #327 ) ;
#3713 = LINE ( 'NONE', #136, #4864 ) ;
#3714 = CARTESIAN_POINT ( 'NONE',  ( 0.7947088506078845427, 1.206063552861807775, 0.9100000000000000311 ) ) ;
#3715 = CARTESIAN_POINT ( 'NONE',  ( 0.9273348786743881300, 1.272996321023685207, 0.9100000000000000311 ) ) ;
#3716 = ADVANCED_FACE ( 'NONE', ( #1840 ), #9001, .F. ) ;
#3717 = SURFACE_STYLE_USAGE ( .BOTH. , #5863 ) ;
#3718 = EDGE_CURVE ( 'NONE', #8694, #4212, #4786, .T. ) ;
#3719 = VECTOR ( 'NONE', #5885, 1000.000000000000000 ) ;
#3720 = CARTESIAN_POINT ( 'NONE',  ( 1.129102227211281839, 1.200356451177339023, 0.9000000000000000222 ) ) ;
#3721 = VERTEX_POINT ( 'NONE', #1740 ) ;
#3722 = PLANE ( 'NONE',  #1224 ) ;
#3723 = DIRECTION ( 'NONE',  ( 0.000000000000000000, 0.000000000000000000, -1.000000000000000000 ) ) ;
#3724 =( NAMED_UNIT ( * ) PLANE_ANGLE_UNIT ( ) SI_UNIT ( $, .RADIAN. ) );
#3725 = FACE_OUTER_BOUND ( 'NONE', #1578, .T. ) ;
#3726 = COLOUR_RGB ( '',0.2980392156862745057, 0.2980392156862745057, 0.2980392156862745057 ) ;
#3727 = CARTESIAN_POINT ( 'NONE',  ( 1.269151586305875323, 1.196226866766145536, 0.9100000000000000311 ) ) ;
#3728 = CARTESIAN_POINT ( 'NONE',  ( 0.9095687617729293351, 1.208955712526911475, 0.9000000000000000222 ) ) ;
#3729 = EDGE_CURVE ( 'NONE', #2332, #5434, #4628, .T. ) ;
#3730 = CARTESIAN_POINT ( 'NONE',  ( 0.8199119224860166311, 1.180860465222669520, 0.9000000000000000222 ) ) ;
#3731 = B_SPLINE_SURFACE_WITH_KNOTS ( 'NONE', 3, 1, ( 
 ( #962, #2422 ),
 ( #6834, #3878 ),
 ( #8167, #5370 ),
 ( #8211, #5179 ) ),
 .UNSPECIFIED., .F., .F., .F.,
 ( 4, 4 ),
 ( 2, 2 ),
 ( 13.00000000000000000, 14.00000000000000000 ),
 ( 0.000000000000000000, 1.000000000000000000 ),
 .UNSPECIFIED. ) ;
#3732 = SURFACE_STYLE_FILL_AREA ( #4351 ) ;
#3733 =( GEOMETRIC_REPRESENTATION_CONTEXT ( 3 ) GLOBAL_UNCERTAINTY_ASSIGNED_CONTEXT ( ( #5635 ) ) GLOBAL_UNIT_ASSIGNED_CONTEXT ( ( #3621, #2249, #8095 ) ) REPRESENTATION_CONTEXT ( 'NONE', 'WORKASPACE' ) );
#3734 = CARTESIAN_POINT ( 'NONE',  ( 1.179147442611117924, 1.275728793990915433, 0.9000000000000000222 ) ) ;
#3735 = ORIENTED_EDGE ( 'NONE', *, *, #3220, .F. ) ;
#3736 = DIRECTION ( 'NONE',  ( 0.000000000000000000, -1.000000000000000000, 0.000000000000000000 ) ) ;
#3737 = VECTOR ( 'NONE', #8771, 1000.000000000000000 ) ;
#3738 = LINE ( 'NONE', #6828, #7152 ) ;
#3739 = DIRECTION ( 'NONE',  ( -1.000000000000000000, 0.000000000000000000, 0.000000000000000000 ) ) ;
#3740 =( NAMED_UNIT ( * ) SI_UNIT ( $, .STERADIAN. ) SOLID_ANGLE_UNIT ( ) );
#3741 = CARTESIAN_POINT ( 'NONE',  ( 1.089128444296191933, 1.328046766278684343, 0.9000000000000000222 ) ) ;
#3742 = CARTESIAN_POINT ( 'NONE',  ( 1.148947999777041540, 1.170498664607498629, 0.9100000000000000311 ) ) ;
#3743 = VERTEX_POINT ( 'NONE', #2490 ) ;
#3744 = VECTOR ( 'NONE', #3821, 1000.000000000000000 ) ;
#3745 = COLOUR_RGB ( '',0.8274509803921568096, 0.6666666666666666297, 0.1294117647058823373 ) ;
#3746 = VERTEX_POINT ( 'NONE', #5398 ) ;
#3747 = ORIENTED_EDGE ( 'NONE', *, *, #2374, .F. ) ;
#3748 = EDGE_CURVE ( 'NONE', #4328, #2845, #6202, .T. ) ;
#3749 = VECTOR ( 'NONE', #2601, 1000.000000000000000 ) ;
#3750 = CARTESIAN_POINT ( 'NONE',  ( 0.8657732709307145447, 1.349431886003709113, 0.9100000000000000311 ) ) ;
#3751 = PRESENTATION_LAYER_ASSIGNMENT (  '', '', ( #7861 ) ) ;
#3752 = VECTOR ( 'NONE', #6642, 1000.000000000000000 ) ;
#3753 = CARTESIAN_POINT ( 'NONE',  ( 1.142233711453809475, 1.194830532468855955, 0.9000000000000000222 ) ) ;
#3754 =( NAMED_UNIT ( * ) SI_UNIT ( $, .STERADIAN. ) SOLID_ANGLE_UNIT ( ) );
#3755 = B_SPLINE_CURVE_WITH_KNOTS ( 'NONE', 3,
 ( #2674, #9137, #7508, #7657 ),
 .UNSPECIFIED., .F., .F.,
 ( 4, 4 ),
 ( 14.00000000000000000, 15.00000000000000000 ),
 .UNSPECIFIED. ) ;
#3756 = CARTESIAN_POINT ( 'NONE',  ( 0.9273348786743881300, 1.272996321023685207, 0.9100000000000000311 ) ) ;
#3757 = ORIENTED_EDGE ( 'NONE', *, *, #8038, .T. ) ;
#3758 = CARTESIAN_POINT ( 'NONE',  ( 0.7579371558309245804, 1.218458532986570697, 0.9100000000000000311 ) ) ;
#3759 = MECHANICAL_DESIGN_GEOMETRIC_PRESENTATION_REPRESENTATION (  '', ( #8911 ), #6191 ) ;
#3760 = EDGE_CURVE ( 'NONE', #1762, #8874, #8279, .T. ) ;
#3761 = CARTESIAN_POINT ( 'NONE',  ( 1.095605058696355938, 1.328046766278684343, 0.9000000000000000222 ) ) ;
#3762 = CARTESIAN_POINT ( 'NONE',  ( 1.261323201468730559, 1.241652295288878660, 0.9100000000000000311 ) ) ;
#3763 = DIRECTION ( 'NONE',  ( 2.238881569535246226E-14, -1.000000000000000000, -0.000000000000000000 ) ) ;
#3764 = VECTOR ( 'NONE', #7959, 1000.000000000000000 ) ;
#3765 = ORIENTED_EDGE ( 'NONE', *, *, #2889, .F. ) ;
#3766 = CARTESIAN_POINT ( 'NONE',  ( 1.165897121407055481, 1.190433564894261886, 0.9100000000000000311 ) ) ;
#3767 = LINE ( 'NONE', #6668, #7115 ) ;
#3768 = FACE_OUTER_BOUND ( 'NONE', #1053, .T. ) ;
#3769 = FACE_OUTER_BOUND ( 'NONE', #2840, .T. ) ;
#3770 = CARTESIAN_POINT ( 'NONE',  ( 1.239590892139771805, 1.326412758058725494, 0.9000000000000000222 ) ) ;
#3771 = ORIENTED_EDGE ( 'NONE', *, *, #2233, .F. ) ;
#3772 = CARTESIAN_POINT ( 'NONE',  ( 0.7215786042045757576, 1.249032741641795008, 0.9000000000000000222 ) ) ;
#3773 = DIRECTION ( 'NONE',  ( -0.000000000000000000, -0.000000000000000000, -1.000000000000000000 ) ) ;
#3774 = EDGE_CURVE ( 'NONE', #1072, #6602, #2541, .T. ) ;
#3775 = FILL_AREA_STYLE ('',( #4582 ) ) ;
#3776 =( GEOMETRIC_REPRESENTATION_CONTEXT ( 3 ) GLOBAL_UNCERTAINTY_ASSIGNED_CONTEXT ( ( #7805 ) ) GLOBAL_UNIT_ASSIGNED_CONTEXT ( ( #3641, #7302, #5871 ) ) REPRESENTATION_CONTEXT ( 'NONE', 'WORKASPACE' ) );
#3777 = CARTESIAN_POINT ( 'NONE',  ( 1.128433769302953138, 1.282353954592944989, 0.9100000000000000311 ) ) ;
#3778 = CARTESIAN_POINT ( 'NONE',  ( 1.126175867035005496, 1.188502464270565273, 0.9000000000000000222 ) ) ;
#3779 =( NAMED_UNIT ( * ) SI_UNIT ( $, .STERADIAN. ) SOLID_ANGLE_UNIT ( ) );
#3780 = DIRECTION ( 'NONE',  ( -0.000000000000000000, -1.000000000000000000, -0.000000000000000000 ) ) ;
#3781 = ORIENTED_EDGE ( 'NONE', *, *, #1759, .F. ) ;
#3782 = VECTOR ( 'NONE', #7611, 1000.000000000000000 ) ;
#3783 = CARTESIAN_POINT ( 'NONE',  ( 1.125462845266195666, 1.182560616197007253, 0.9100000000000000311 ) ) ;
#3784 = UNCERTAINTY_MEASURE_WITH_UNIT (LENGTH_MEASURE( 1.000000000000000082E-05 ), #4893, 'distance_accuracy_value', 'NONE');
#3785 = B_SPLINE_CURVE_WITH_KNOTS ( 'NONE', 3,
 ( #7589, #4079, #6979, #1046 ),
 .UNSPECIFIED., .F., .F.,
 ( 4, 4 ),
 ( 5.000000000000000000, 6.000000000000000000 ),
 .UNSPECIFIED. ) ;
#3786 = CARTESIAN_POINT ( 'NONE',  ( 1.324544464971793012, 1.199435464725793210, 0.9100000000000000311 ) ) ;
#3787 = LINE ( 'NONE', #5364, #7224 ) ;
#3788 = ADVANCED_FACE ( 'NONE', ( #7624 ), #3241, .F. ) ;
#3789 = STYLED_ITEM ( 'NONE', ( #6804 ), #8791 ) ;
#3790 = EDGE_CURVE ( 'NONE', #8311, #8864, #3357, .T. ) ;
#3791 = LINE ( 'NONE', #4638, #1932 ) ;
#3792 = CARTESIAN_POINT ( 'NONE',  ( 1.097060811474313002, 1.204367198627195545, 0.9100000000000000311 ) ) ;
#3793 = AXIS2_PLACEMENT_3D ( 'NONE', #555, #7106, #8573 ) ;
#3794 = VERTEX_POINT ( 'NONE', #8331 ) ;
#3795 = ORIENTED_EDGE ( 'NONE', *, *, #7967, .T. ) ;
#3796 = VERTEX_POINT ( 'NONE', #5540 ) ;
#3797 = CARTESIAN_POINT ( 'NONE',  ( 1.083736217169216864, 1.188532173510895351, 0.9000000000000000222 ) ) ;
#3798 = EDGE_CURVE ( 'NONE', #3234, #3721, #1125, .T. ) ;
#3799 = CARTESIAN_POINT ( 'NONE',  ( 1.138163545523482423, 1.203535339896653733, 0.9000000000000000222 ) ) ;
#3800 = CARTESIAN_POINT ( 'NONE',  ( 0.7277760824460068889, 1.216392683264588825, 0.9100000000000000311 ) ) ;
#3801 = CARTESIAN_POINT ( 'NONE',  ( -1.250000000000000000, -0.7050726915309724063, 0.000000000000000000 ) ) ;
#3802 = VECTOR ( 'NONE', #1161, 1000.000000000000000 ) ;
#3803 = EDGE_LOOP ( 'NONE', ( #3853, #1690 ) ) ;
#3804 = CARTESIAN_POINT ( 'NONE',  ( 0.7579371558309245804, 1.218458532986570697, 0.9000000000000000222 ) ) ;
#3805 = EDGE_CURVE ( 'NONE', #7506, #1484, #6423, .T. ) ;
#3806 =( GEOMETRIC_REPRESENTATION_CONTEXT ( 3 ) GLOBAL_UNCERTAINTY_ASSIGNED_CONTEXT ( ( #8669 ) ) GLOBAL_UNIT_ASSIGNED_CONTEXT ( ( #6268, #3457, #4131 ) ) REPRESENTATION_CONTEXT ( 'NONE', 'WORKASPACE' ) );
#3807 = CARTESIAN_POINT ( 'NONE',  ( 0.000000000000000000, 0.000000000000000000, 0.9100000000000000311 ) ) ;
#3808 = CARTESIAN_POINT ( 'NONE',  ( 1.243438238767396786, 1.190166181731256767, 0.9100000000000000311 ) ) ;
#3809 = LINE ( 'NONE', #5816, #6924 ) ;
#3810 = B_SPLINE_SURFACE_WITH_KNOTS ( 'NONE', 3, 1, ( 
 ( #1328, #5077 ),
 ( #7972, #2039 ),
 ( #7168, #1428 ),
 ( #3595, #6458 ) ),
 .UNSPECIFIED., .F., .F., .F.,
 ( 4, 4 ),
 ( 2, 2 ),
 ( 12.00000000000000000, 13.00000000000000000 ),
 ( 0.000000000000000000, 1.000000000000000000 ),
 .UNSPECIFIED. ) ;
#3811 = CARTESIAN_POINT ( 'NONE',  ( 1.283248620860648836, 1.213339389217999775, 0.9000000000000000222 ) ) ;
#3812 = CARTESIAN_POINT ( 'NONE',  ( 1.097060811474313002, 1.204367198627195545, 0.9000000000000000222 ) ) ;
#3813 = FACE_OUTER_BOUND ( 'NONE', #6058, .T. ) ;
#3814 = CARTESIAN_POINT ( 'NONE',  ( 1.064024136185159231, 1.183541021129224102, 0.9100000000000000311 ) ) ;
#3815 = CARTESIAN_POINT ( 'NONE',  ( -1.250000000000000000, 1.450000000000000400, 0.000000000000000000 ) ) ;
#3816 = CARTESIAN_POINT ( 'NONE',  ( -0.2500000000000000000, 0.4500000000000002887, -0.02000000000000000042 ) ) ;
#3817 = CARTESIAN_POINT ( 'NONE',  ( 1.083171741602274363, 1.283482905726828216, 0.9000000000000000222 ) ) ;
#3818 = DIRECTION ( 'NONE',  ( -0.000000000000000000, -0.000000000000000000, -1.000000000000000000 ) ) ;
#3819 = CARTESIAN_POINT ( 'NONE',  ( 1.229950243640265617, 1.298188979709240742, 0.9100000000000000311 ) ) ;
#3820 = CARTESIAN_POINT ( 'NONE',  ( 1.146021639600764308, 1.225044829923102929, 0.9100000000000000311 ) ) ;
#3821 = DIRECTION ( 'NONE',  ( 2.238881569535246226E-14, -1.000000000000000000, -0.000000000000000000 ) ) ;
#3822 = EDGE_CURVE ( 'NONE', #5897, #4184, #8426, .T. ) ;
#3823 = CARTESIAN_POINT ( 'NONE',  ( 1.154161971461618696, 1.225044829923102929, 0.9100000000000000311 ) ) ;
#3824 = CARTESIAN_POINT ( 'NONE',  ( -0.2500000000000000000, 1.450000000000000400, 0.000000000000000000 ) ) ;
#3825 = ORIENTED_EDGE ( 'NONE', *, *, #3611, .F. ) ;
#3826 = CARTESIAN_POINT ( 'NONE',  ( 1.040271598510909890, 1.333840068150567770, 0.9000000000000000222 ) ) ;
#3827 = DIRECTION ( 'NONE',  ( 1.000000000000000000, 0.000000000000000000, 0.000000000000000000 ) ) ;
#3828 = CARTESIAN_POINT ( 'NONE',  ( 1.179741627418590788, 1.333840068150567770, 0.9000000000000000222 ) ) ;
#3829 = CARTESIAN_POINT ( 'NONE',  ( 1.261115236786390703, 1.183541021129224102, 0.9100000000000000311 ) ) ;
#3830 = DIRECTION ( 'NONE',  ( 0.000000000000000000, 0.000000000000000000, 1.000000000000000000 ) ) ;
#3831 = CARTESIAN_POINT ( 'NONE',  ( 1.150314624833993493, 1.170231281444096716, 0.9100000000000000311 ) ) ;
#3832 = EDGE_CURVE ( 'NONE', #6697, #6356, #7058, .T. ) ;
#3833 = EDGE_CURVE ( 'NONE', #118, #2332, #1877, .T. ) ;
#3834 = VERTEX_POINT ( 'NONE', #2024 ) ;
#3835 = ORIENTED_EDGE ( 'NONE', *, *, #9334, .T. ) ;
#3836 = EDGE_LOOP ( 'NONE', ( #1073, #2721, #8973, #3242 ) ) ;
#3837 = CARTESIAN_POINT ( 'NONE',  ( 1.149215382940226293, 1.308557504597331445, 0.9100000000000000311 ) ) ;
#3838 = CARTESIAN_POINT ( 'NONE',  ( 1.078373699282968223, 1.197504364102093488, 0.9100000000000000311 ) ) ;
#3839 = CARTESIAN_POINT ( 'NONE',  ( 1.311769491613867356, 1.231105514957992586, 0.9000000000000000222 ) ) ;
#3840 = CARTESIAN_POINT ( 'NONE',  ( 1.134137943453656261, 1.197029016255958034, 0.9100000000000000311 ) ) ;
#3841 = ORIENTED_EDGE ( 'NONE', *, *, #4183, .F. ) ;
#3842 = VERTEX_POINT ( 'NONE', #8483 ) ;
#3843 = B_SPLINE_CURVE_WITH_KNOTS ( 'NONE', 3,
 ( #7478, #275, #3149, #3238 ),
 .UNSPECIFIED., .F., .F.,
 ( 4, 4 ),
 ( 3.000000000000000000, 4.000000000000000000 ),
 .UNSPECIFIED. ) ;
#3844 = FILL_AREA_STYLE ('',( #3128 ) ) ;
#3845 = EDGE_CURVE ( 'NONE', #8705, #1822, #2783, .T. ) ;
#3846 = EDGE_LOOP ( 'NONE', ( #7569, #6493, #8696, #5846 ) ) ;
#3847 = ORIENTED_EDGE ( 'NONE', *, *, #4591, .T. ) ;
#3848 = CARTESIAN_POINT ( 'NONE',  ( 1.104339575364488013, 1.183541021129224102, 0.9100000000000000311 ) ) ;
#3849 = CARTESIAN_POINT ( 'NONE',  ( 0.8525519808632221475, 1.197387105388890260, 0.9000000000000000222 ) ) ;
#3850 = CARTESIAN_POINT ( 'NONE',  ( 0.8108222924599810533, 1.213087364687867931, 0.9100000000000000311 ) ) ;
#3851 = CARTESIAN_POINT ( 'NONE',  ( 0.9017186321234433866, 1.208955712526911475, 0.9100000000000000311 ) ) ;
#3852 = CARTESIAN_POINT ( 'NONE',  ( 1.221988167221613963, 1.275728793990915433, 0.9100000000000000311 ) ) ;
#3853 = ORIENTED_EDGE ( 'NONE', *, *, #7692, .F. ) ;
#3854 = EDGE_CURVE ( 'NONE', #8832, #5029, #8447, .T. ) ;
#3855 = CARTESIAN_POINT ( 'NONE',  ( 0.7538055036697713929, 1.308941694037361936, 0.9000000000000000222 ) ) ;
#3856 = ORIENTED_EDGE ( 'NONE', *, *, #1996, .F. ) ;
#3857 = ADVANCED_FACE ( 'NONE', ( #8676 ), #120, .F. ) ;
#3858 = DIRECTION ( 'NONE',  ( -0.000000000000000000, -0.000000000000000000, -1.000000000000000000 ) ) ;
#3859 = CARTESIAN_POINT ( 'NONE',  ( -1.250000000000000000, 0.4500000000000002887, -0.02000000000000000042 ) ) ;
#3860 = DIRECTION ( 'NONE',  ( 1.000000000000000000, -0.000000000000000000, -0.000000000000000000 ) ) ;
#3861 = CARTESIAN_POINT ( 'NONE',  ( 1.202588033261658085, 1.305319197397347697, 0.9000000000000000222 ) ) ;
#3862 = CARTESIAN_POINT ( 'NONE',  ( 1.251920226892687893, 1.183541021129224102, 0.9000000000000000222 ) ) ;
#3863 = B_SPLINE_CURVE_WITH_KNOTS ( 'NONE', 3,
 ( #9147, #2638, #5536, #1078 ),
 .UNSPECIFIED., .F., .F.,
 ( 4, 4 ),
 ( 10.00000000000000000, 11.00000000000000000 ),
 .UNSPECIFIED. ) ;
#3864 = ORIENTED_EDGE ( 'NONE', *, *, #7191, .T. ) ;
#3865 = MECHANICAL_DESIGN_GEOMETRIC_PRESENTATION_REPRESENTATION (  '', ( #2202 ), #102 ) ;
#3866 = LINE ( 'NONE', #6015, #8459 ) ;
#3867 = EDGE_CURVE ( 'NONE', #5512, #3452, #4120, .T. ) ;
#3868 = EDGE_CURVE ( 'NONE', #6497, #2734, #4248, .T. ) ;
#3869 = ORIENTED_EDGE ( 'NONE', *, *, #8919, .F. ) ;
#3870 = CARTESIAN_POINT ( 'NONE',  ( 1.105052597133295178, 1.282740174717684534, 0.9000000000000000222 ) ) ;
#3871 = ORIENTED_EDGE ( 'NONE', *, *, #407, .T. ) ;
#3872 = B_SPLINE_CURVE_WITH_KNOTS ( 'NONE', 3,
 ( #464, #8375, #7666, #3195 ),
 .UNSPECIFIED., .F., .F.,
 ( 4, 4 ),
 ( 1.000000000000000000, 2.000000000000000000 ),
 .UNSPECIFIED. ) ;
#3873 = SURFACE_STYLE_USAGE ( .BOTH. , #5548 ) ;
#3874 = LINE ( 'NONE', #9062, #2599 ) ;
#3875 = SURFACE_STYLE_FILL_AREA ( #1570 ) ;
#3876 = CARTESIAN_POINT ( 'NONE',  ( 1.192249217613508439, 1.284374182938038844, 0.9000000000000000222 ) ) ;
#3877 = PLANE ( 'NONE',  #4514 ) ;
#3878 = CARTESIAN_POINT ( 'NONE',  ( 1.122283956546684003, 1.211556834795970872, 0.9000000000000000222 ) ) ;
#3879 = VERTEX_POINT ( 'NONE', #558 ) ;
#3880 = ORIENTED_EDGE ( 'NONE', *, *, #6417, .T. ) ;
#3881 = VECTOR ( 'NONE', #7728, 1000.000000000000000 ) ;
#3882 = VECTOR ( 'NONE', #2394, 1000.000000000000000 ) ;
#3883 = EDGE_CURVE ( 'NONE', #4914, #1833, #6489, .T. ) ;
#3884 = ORIENTED_EDGE ( 'NONE', *, *, #5204, .T. ) ;
#3885 = ORIENTED_EDGE ( 'NONE', *, *, #3953, .T. ) ;
#3886 = ORIENTED_EDGE ( 'NONE', *, *, #4619, .T. ) ;
#3887 = B_SPLINE_SURFACE_WITH_KNOTS ( 'NONE', 3, 1, ( 
 ( #6093, #4568 ),
 ( #3709, #7420 ),
 ( #5951, #3133 ),
 ( #8939, #3761 ) ),
 .UNSPECIFIED., .F., .F., .F.,
 ( 4, 4 ),
 ( 2, 2 ),
 ( 8.000000000000000000, 9.000000000000000000 ),
 ( 0.000000000000000000, 1.000000000000000000 ),
 .UNSPECIFIED. ) ;
#3888 = CARTESIAN_POINT ( 'NONE',  ( 1.081879389646355216, 1.189156067558703178, 0.9000000000000000222 ) ) ;
#3889 = EDGE_CURVE ( 'NONE', #853, #1857, #7155, .T. ) ;
#3890 = FILL_AREA_STYLE_COLOUR ( '', #6635 ) ;
#3891 = VECTOR ( 'NONE', #201, 1000.000000000000000 ) ;
#3892 = ORIENTED_EDGE ( 'NONE', *, *, #8963, .T. ) ;
#3893 = ORIENTED_EDGE ( 'NONE', *, *, #7430, .T. ) ;
#3894 = FACE_OUTER_BOUND ( 'NONE', #3649, .T. ) ;
#3895 = EDGE_LOOP ( 'NONE', ( #5966, #3169, #8545, #2703 ) ) ;
#3896 = VECTOR ( 'NONE', #7582, 1000.000000000000000 ) ;
#3897 = MECHANICAL_DESIGN_GEOMETRIC_PRESENTATION_REPRESENTATION (  '', ( #5121 ), #3455 ) ;
#3898 = CARTESIAN_POINT ( 'NONE',  ( 0.8525519808632221475, 1.197387105388890260, 0.9100000000000000311 ) ) ;
#3899 = VECTOR ( 'NONE', #5518, 1000.000000000000000 ) ;
#3900 = CARTESIAN_POINT ( 'NONE',  ( 1.243438238767396786, 1.190166181731256767, 0.9100000000000000311 ) ) ;
#3901 = CARTESIAN_POINT ( 'NONE',  ( 1.128433769302969791, 1.327155489067869620, 0.9100000000000000311 ) ) ;
#3902 = EDGE_CURVE ( 'NONE', #6208, #101, #3443, .T. ) ;
#3903 = AXIS2_PLACEMENT_3D ( 'NONE', #4309, #7892, #2228 ) ;
#3904 = VECTOR ( 'NONE', #987, 1000.000000000000000 ) ;
#3905 = CARTESIAN_POINT ( 'NONE',  ( 0.9219637340171907836, 1.327947293583841670, 0.9000000000000000222 ) ) ;
#3906 = ORIENTED_EDGE ( 'NONE', *, *, #4930, .F. ) ;
#3907 = ORIENTED_EDGE ( 'NONE', *, *, #3646, .F. ) ;
#3908 = CARTESIAN_POINT ( 'NONE',  ( 0.000000000000000000, 0.000000000000000000, 0.9000000000000000222 ) ) ;
#3909 = VECTOR ( 'NONE', #9312, 1000.000000000000000 ) ;
#3910 = PLANE ( 'NONE',  #2284 ) ;
#3911 = ADVANCED_FACE ( 'NONE', ( #5066 ), #8071, .F. ) ;
#3912 = CARTESIAN_POINT ( 'NONE',  ( 1.313448063694329093, 1.230154819266510824, 0.9100000000000000311 ) ) ;
#3913 = DIRECTION ( 'NONE',  ( -1.000000000000000000, 0.000000000000000000, -0.000000000000000000 ) ) ;
#3914 = CARTESIAN_POINT ( 'NONE',  ( 1.114247607027199383, 1.213844446304467306, 0.9000000000000000222 ) ) ;
#3915 = FACE_OUTER_BOUND ( 'NONE', #8411, .T. ) ;
#3916 = DIRECTION ( 'NONE',  ( -0.000000000000000000, -0.000000000000000000, -1.000000000000000000 ) ) ;
#3917 = ORIENTED_EDGE ( 'NONE', *, *, #350, .F. ) ;
#3918 = DIRECTION ( 'NONE',  ( 0.000000000000000000, -1.000000000000000000, 0.000000000000000000 ) ) ;
#3919 = AXIS2_PLACEMENT_3D ( 'NONE', #9168, #528, #7638 ) ;
#3920 = EDGE_CURVE ( 'NONE', #2531, #1976, #5589, .T. ) ;
#3921 = VERTEX_POINT ( 'NONE', #4159 ) ;
#3922 = B_SPLINE_CURVE_WITH_KNOTS ( 'NONE', 3,
 ( #960, #3829, #6075, #5976 ),
 .UNSPECIFIED., .F., .F.,
 ( 4, 4 ),
 ( 5.000000000000000000, 6.000000000000000000 ),
 .UNSPECIFIED. ) ;
#3923 = CARTESIAN_POINT ( 'NONE',  ( 1.264739764111110665, 1.233155452543421626, 0.9100000000000000311 ) ) ;
#3924 = ORIENTED_EDGE ( 'NONE', *, *, #6853, .F. ) ;
#3925 = SURFACE_STYLE_FILL_AREA ( #1709 ) ;
#3926 = PLANE ( 'NONE',  #3106 ) ;
#3927 = CARTESIAN_POINT ( 'NONE',  ( 1.140243192349245760, 1.224153552711890303, 0.9000000000000000222 ) ) ;
#3928 = LINE ( 'NONE', #8292, #429 ) ;
#3929 = CARTESIAN_POINT ( 'NONE',  ( -1.102496276143866583, -1.198655526412927497, 0.8799999999999998934 ) ) ;
#3930 = DIRECTION ( 'NONE',  ( -0.000000000000000000, -0.000000000000000000, -1.000000000000000000 ) ) ;
#3931 = EDGE_CURVE ( 'NONE', #6867, #8285, #4464, .T. ) ;
#3932 = VECTOR ( 'NONE', #4410, 1000.000000000000000 ) ;
#3933 = ORIENTED_EDGE ( 'NONE', *, *, #6441, .T. ) ;
#3934 = VECTOR ( 'NONE', #7364, 1000.000000000000000 ) ;
#3935 = ORIENTED_EDGE ( 'NONE', *, *, #8376, .F. ) ;
#3936 = ORIENTED_EDGE ( 'NONE', *, *, #9317, .T. ) ;
#3937 = FACE_OUTER_BOUND ( 'NONE', #4385, .T. ) ;
#3938 = DIRECTION ( 'NONE',  ( 2.238881569535246226E-14, -1.000000000000000000, -0.000000000000000000 ) ) ;
#3939 =( NAMED_UNIT ( * ) SI_UNIT ( $, .STERADIAN. ) SOLID_ANGLE_UNIT ( ) );
#3940 = ORIENTED_EDGE ( 'NONE', *, *, #7268, .F. ) ;
#3941 = EDGE_CURVE ( 'NONE', #5029, #609, #9245, .T. ) ;
#3942 = DIRECTION ( 'NONE',  ( 0.000000000000000000, -1.000000000000000000, 0.000000000000000000 ) ) ;
#3943 = ORIENTED_EDGE ( 'NONE', *, *, #668, .F. ) ;
#3944 = ORIENTED_EDGE ( 'NONE', *, *, #8271, .F. ) ;
#3945 = ORIENTED_EDGE ( 'NONE', *, *, #4208, .T. ) ;
#3946 = DIRECTION ( 'NONE',  ( -1.000000000000000000, -0.000000000000000000, -0.000000000000000000 ) ) ;
#3947 = LINE ( 'NONE', #2442, #1017 ) ;
#3948 = LINE ( 'NONE', #9034, #1975 ) ;
#3949 = B_SPLINE_CURVE_WITH_KNOTS ( 'NONE', 3,
 ( #4891, #7778, #4167, #7068 ),
 .UNSPECIFIED., .F., .F.,
 ( 4, 4 ),
 ( 0.000000000000000000, 1.000000000000000000 ),
 .UNSPECIFIED. ) ;
#3950 = LINE ( 'NONE', #2585, #1175 ) ;
#3951 = ORIENTED_EDGE ( 'NONE', *, *, #2257, .F. ) ;
#3952 = VECTOR ( 'NONE', #1589, 1000.000000000000114 ) ;
#3953 = EDGE_CURVE ( 'NONE', #4054, #8986, #2306, .T. ) ;
#3954 = EDGE_CURVE ( 'NONE', #8864, #400, #6001, .T. ) ;
#3955 = EDGE_LOOP ( 'NONE', ( #4367, #3935, #7696, #2894 ) ) ;
#3956 = PRESENTATION_STYLE_ASSIGNMENT (( #3350 ) ) ;
#3957 = ORIENTED_EDGE ( 'NONE', *, *, #2192, .T. ) ;
#3958 = VECTOR ( 'NONE', #2500, 1000.000000000000000 ) ;
#3959 = CARTESIAN_POINT ( 'NONE',  ( 1.097060811474313002, 1.183541021129224102, 0.9100000000000000311 ) ) ;
#3960 = PLANE ( 'NONE',  #5235 ) ;
#3961 = CARTESIAN_POINT ( 'NONE',  ( 0.9079161261260743077, 1.183339481736770615, 0.9100000000000000311 ) ) ;
#3962 = DIRECTION ( 'NONE',  ( -0.5048830486499245040, 0.8631877589412154661, 0.000000000000000000 ) ) ;
#3963 = DIRECTION ( 'NONE',  ( -0.000000000000000000, -1.000000000000000000, -0.000000000000000000 ) ) ;
#3964 = CARTESIAN_POINT ( 'NONE',  ( 0.8112354671327967059, 1.239116793792133686, 0.9100000000000000311 ) ) ;
#3965 = B_SPLINE_SURFACE_WITH_KNOTS ( 'NONE', 3, 1, ( 
 ( #6657, #5289 ),
 ( #8261, #6041 ),
 ( #1765, #5191 ),
 ( #4651, #5946 ) ),
 .UNSPECIFIED., .F., .F., .F.,
 ( 4, 4 ),
 ( 2, 2 ),
 ( 15.00000000000000000, 16.00000000000000000 ),
 ( 0.000000000000000000, 1.000000000000000000 ),
 .UNSPECIFIED. ) ;
#3966 = FILL_AREA_STYLE ('',( #7629 ) ) ;
#3967 = EDGE_LOOP ( 'NONE', ( #2519, #8170, #3735, #3511 ) ) ;
#3968 = CARTESIAN_POINT ( 'NONE',  ( 1.251771680690619837, 1.291623237587880224, 0.9100000000000000311 ) ) ;
#3969 = VERTEX_POINT ( 'NONE', #756 ) ;
#3970 = LINE ( 'NONE', #481, #941 ) ;
#3971 = LINE ( 'NONE', #1750, #2697 ) ;
#3972 = CARTESIAN_POINT ( 'NONE',  ( 1.122031428003644971, 1.224896283721431445, 0.9000000000000000222 ) ) ;
#3973 = EDGE_CURVE ( 'NONE', #3981, #7038, #2211, .T. ) ;
#3974 = CARTESIAN_POINT ( 'NONE',  ( 1.134449890477362111, 1.183659858090557515, 0.9100000000000000311 ) ) ;
#3975 = VERTEX_POINT ( 'NONE', #3088 ) ;
#3976 = CARTESIAN_POINT ( 'NONE',  ( 1.201711610670615382, 1.283869125851567761, 0.9000000000000000222 ) ) ;
#3977 = LINE ( 'NONE', #7691, #760 ) ;
#3978 = ORIENTED_EDGE ( 'NONE', *, *, #4130, .F. ) ;
#3979 = ORIENTED_EDGE ( 'NONE', *, *, #718, .F. ) ;
#3980 = ORIENTED_EDGE ( 'NONE', *, *, #6264, .T. ) ;
#3981 = VERTEX_POINT ( 'NONE', #8762 ) ;
#3982 = EDGE_LOOP ( 'NONE', ( #5612, #1913, #2007, #3936 ) ) ;
#3983 = EDGE_CURVE ( 'NONE', #3377, #6065, #840, .T. ) ;
#3984 = CARTESIAN_POINT ( 'NONE',  ( 1.081879389646355216, 1.189156067558703178, 0.9100000000000000311 ) ) ;
#3985 = CARTESIAN_POINT ( 'NONE',  ( 1.202588033261658085, 1.305319197397347697, 0.9000000000000000222 ) ) ;
#3986 =( NAMED_UNIT ( * ) PLANE_ANGLE_UNIT ( ) SI_UNIT ( $, .RADIAN. ) );
#3987 = CARTESIAN_POINT ( 'NONE',  ( 1.081597151862784711, 1.201752785474624829, 0.9100000000000000311 ) ) ;
#3988 = VERTEX_POINT ( 'NONE', #6574 ) ;
#3989 = CARTESIAN_POINT ( 'NONE',  ( 1.224959091258592814, 1.183541021129224102, 0.9100000000000000311 ) ) ;
#3990 = ORIENTED_EDGE ( 'NONE', *, *, #3619, .F. ) ;
#3991 = ORIENTED_EDGE ( 'NONE', *, *, #1586, .T. ) ;
#3992 = ORIENTED_EDGE ( 'NONE', *, *, #751, .T. ) ;
#3993 = ORIENTED_EDGE ( 'NONE', *, *, #5484, .T. ) ;
#3994 = ORIENTED_EDGE ( 'NONE', *, *, #4668, .F. ) ;
#3995 = EDGE_CURVE ( 'NONE', #357, #5421, #5954, .T. ) ;
#3996 = CARTESIAN_POINT ( 'NONE',  ( 1.123962528627540758, 1.218538506282406564, 0.9000000000000000222 ) ) ;
#3997 = LINE ( 'NONE', #3230, #3802 ) ;
#3998 = DIRECTION ( 'NONE',  ( 1.000000000000000000, 0.000000000000000000, 0.000000000000000000 ) ) ;
#3999 = LINE ( 'NONE', #5388, #1827 ) ;
#4000 = EDGE_CURVE ( 'NONE', #4455, #5215, #936, .T. ) ;
#4001 = CARTESIAN_POINT ( 'NONE',  ( 1.125269735203826116, 1.201782494714958016, 0.9000000000000000222 ) ) ;
#4002 = EDGE_LOOP ( 'NONE', ( #8713, #2775, #7545, #6053 ) ) ;
#4003 = EDGE_CURVE ( 'NONE', #1060, #5337, #7997, .T. ) ;
#4004 = EDGE_LOOP ( 'NONE', ( #5643, #4223, #1771, #7158 ) ) ;
#4005 = CARTESIAN_POINT ( 'NONE',  ( 1.114247607027197606, 1.217528392109856972, 0.9100000000000000311 ) ) ;
#4006 = DIRECTION ( 'NONE',  ( -0.3409177962187281974, -0.9400931103999037308, -0.000000000000000000 ) ) ;
#4007 = CARTESIAN_POINT ( 'NONE',  ( -0.2500000000000000000, -0.4500000000000002887, -0.02000000000000000042 ) ) ;
#4008 = CARTESIAN_POINT ( 'NONE',  ( 1.083944181851951072, 1.202584644204772957, 0.9000000000000000222 ) ) ;
#4009 = EDGE_CURVE ( 'NONE', #1219, #4976, #2348, .T. ) ;
#4010 = CARTESIAN_POINT ( 'NONE',  ( 1.040271598510909890, 1.282353954592944989, 0.9100000000000000311 ) ) ;
#4011 = ORIENTED_EDGE ( 'NONE', *, *, #4415, .F. ) ;
#4012 = CARTESIAN_POINT ( 'NONE',  ( 1.083676798688548049, 1.220083386781760870, 0.9000000000000000222 ) ) ;
#4013 = EDGE_CURVE ( 'NONE', #1665, #113, #6617, .T. ) ;
#4014 = ORIENTED_EDGE ( 'NONE', *, *, #7845, .F. ) ;
#4015 = LINE ( 'NONE', #6916, #6330 ) ;
#4016 = VECTOR ( 'NONE', #4583, 1000.000000000000000 ) ;
#4017 = ORIENTED_EDGE ( 'NONE', *, *, #8506, .T. ) ;
#4018 =( LENGTH_UNIT ( ) NAMED_UNIT ( * ) SI_UNIT ( .MILLI., .METRE. ) );
#4019 = ORIENTED_EDGE ( 'NONE', *, *, #4363, .T. ) ;
#4020 = DIRECTION ( 'NONE',  ( 1.000000000000000000, 0.000000000000000000, 0.000000000000000000 ) ) ;
#4021 = ORIENTED_EDGE ( 'NONE', *, *, #444, .F. ) ;
#4022 = B_SPLINE_CURVE_WITH_KNOTS ( 'NONE', 3,
 ( #5985, #6789, #3838, #8260 ),
 .UNSPECIFIED., .F., .F.,
 ( 4, 4 ),
 ( 1.000000000000000000, 2.000000000000000000 ),
 .UNSPECIFIED. ) ;
#4023 = CARTESIAN_POINT ( 'NONE',  ( 1.140243192349245760, 1.224153552711890303, 0.9100000000000000311 ) ) ;
#4024 = CARTESIAN_POINT ( 'NONE',  ( 1.123962528627540758, 1.218538506282406564, 0.9100000000000000311 ) ) ;
#4025 = DIRECTION ( 'NONE',  ( -0.000000000000000000, -0.000000000000000000, -1.000000000000000000 ) ) ;
#4026 = ADVANCED_FACE ( 'NONE', ( #4523 ), #1861, .F. ) ;
#4027 = CARTESIAN_POINT ( 'NONE',  ( 0.7215786042045757576, 1.232506132997185366, 0.9100000000000000311 ) ) ;
#4028 = DIRECTION ( 'NONE',  ( 1.000000000000000000, 0.000000000000000000, -0.000000000000000000 ) ) ;
#4029 = EDGE_CURVE ( 'NONE', #4700, #8254, #6297, .T. ) ;
#4030 = ORIENTED_EDGE ( 'NONE', *, *, #7566, .T. ) ;
#4031 = ORIENTED_EDGE ( 'NONE', *, *, #5545, .T. ) ;
#4032 = ORIENTED_EDGE ( 'NONE', *, *, #3854, .F. ) ;
#4033 = ORIENTED_EDGE ( 'NONE', *, *, #3509, .F. ) ;
#4034 = VERTEX_POINT ( 'NONE', #5818 ) ;
#4035 = VERTEX_POINT ( 'NONE', #7428 ) ;
#4036 = FACE_OUTER_BOUND ( 'NONE', #1100, .T. ) ;
#4037 = LINE ( 'NONE', #1203, #3899 ) ;
#4038 = CARTESIAN_POINT ( 'NONE',  ( 1.202588033261658085, 1.312568252047187523, 0.9100000000000000311 ) ) ;
#4039 = CARTESIAN_POINT ( 'NONE',  ( 0.8161934449976795403, 1.333318442181288033, 0.9100000000000000311 ) ) ;
#4040 = ORIENTED_EDGE ( 'NONE', *, *, #4588, .T. ) ;
#4041 = B_SPLINE_CURVE_WITH_KNOTS ( 'NONE', 3,
 ( #2452, #5355, #1230, #6763 ),
 .UNSPECIFIED., .F., .F.,
 ( 4, 4 ),
 ( 19.00000000000000000, 20.00000000000000000 ),
 .UNSPECIFIED. ) ;
#4042 = MECHANICAL_DESIGN_GEOMETRIC_PRESENTATION_REPRESENTATION (  '', ( #4955 ), #5256 ) ;
#4043 = FACE_OUTER_BOUND ( 'NONE', #4004, .T. ) ;
#4044 = ORIENTED_EDGE ( 'NONE', *, *, #8039, .T. ) ;
#4045 = ORIENTED_EDGE ( 'NONE', *, *, #4089, .T. ) ;
#4046 = EDGE_CURVE ( 'NONE', #5649, #5949, #4383, .T. ) ;
#4047 = EDGE_LOOP ( 'NONE', ( #2560, #1252 ) ) ;
#4048 = ORIENTED_EDGE ( 'NONE', *, *, #3790, .T. ) ;
#4049 = VECTOR ( 'NONE', #5923, 1000.000000000000000 ) ;
#4050 = CARTESIAN_POINT ( 'NONE',  ( 1.152216016217553651, 1.163992340966802930, 0.9100000000000000311 ) ) ;
#4051 = CARTESIAN_POINT ( 'NONE',  ( 0.8236304236160544301, 1.239116793792133686, 0.9000000000000000222 ) ) ;
#4052 = CARTESIAN_POINT ( 'NONE',  ( 1.250000000000000000, -1.450000000000000400, -0.02000000000000000042 ) ) ;
#4053 = B_SPLINE_SURFACE_WITH_KNOTS ( 'NONE', 3, 1, ( 
 ( #5841, #1968 ),
 ( #4110, #4870 ),
 ( #2058, #654 ),
 ( #8519, #1524 ) ),
 .UNSPECIFIED., .F., .F., .F.,
 ( 4, 4 ),
 ( 2, 2 ),
 ( 9.000000000000000000, 10.00000000000000000 ),
 ( 0.000000000000000000, 1.000000000000000000 ),
 .UNSPECIFIED. ) ;
#4054 = VERTEX_POINT ( 'NONE', #1592 ) ;
#4055 = B_SPLINE_CURVE_WITH_KNOTS ( 'NONE', 3,
 ( #2480, #1070, #8320, #1828 ),
 .UNSPECIFIED., .F., .F.,
 ( 4, 4 ),
 ( 1.000000000000000000, 2.000000000000000000 ),
 .UNSPECIFIED. ) ;
#4056 = CARTESIAN_POINT ( 'NONE',  ( 0.9451009798148459762, 1.272996321023685207, 0.9100000000000000311 ) ) ;
#4057 = EDGE_CURVE ( 'NONE', #1254, #8169, #2331, .T. ) ;
#4058 = PRESENTATION_LAYER_ASSIGNMENT (  '', '', ( #3132 ) ) ;
#4059 = VERTEX_POINT ( 'NONE', #889 ) ;
#4060 =( NAMED_UNIT ( * ) SI_UNIT ( $, .STERADIAN. ) SOLID_ANGLE_UNIT ( ) );
#4061 = VERTEX_POINT ( 'NONE', #7244 ) ;
#4062 = CARTESIAN_POINT ( 'NONE',  ( 0.7500000000000000000, -0.4500000000000002887, 0.000000000000000000 ) ) ;
#4063 = AXIS2_PLACEMENT_3D ( 'NONE', #2922, #3540, #9337 ) ;
#4064 = CARTESIAN_POINT ( 'NONE',  ( 1.086038683297883223, 1.188532173510895351, 0.9000000000000000222 ) ) ;
#4065 = VECTOR ( 'NONE', #4404, 1000.000000000000227 ) ;
#4066 = DIRECTION ( 'NONE',  ( 0.000000000000000000, -1.000000000000000000, 0.000000000000000000 ) ) ;
#4067 = VECTOR ( 'NONE', #9310, 1000.000000000000000 ) ;
#4068 = FACE_OUTER_BOUND ( 'NONE', #3020, .T. ) ;
#4069 = CARTESIAN_POINT ( 'NONE',  ( 1.146021639600764308, 1.225044829923102929, 0.9100000000000000311 ) ) ;
#4070 = VERTEX_POINT ( 'NONE', #228 ) ;
#4071 = CARTESIAN_POINT ( 'NONE',  ( 1.075046264361588344, 1.215062525159354978, 0.9000000000000000222 ) ) ;
#4072 = CARTESIAN_POINT ( 'NONE',  ( 1.140243192349245760, 1.217082753504454162, 0.9100000000000000311 ) ) ;
#4073 = ORIENTED_EDGE ( 'NONE', *, *, #1999, .F. ) ;
#4074 = VECTOR ( 'NONE', #1695, 1000.000000000000000 ) ;
#4075 = EDGE_CURVE ( 'NONE', #7228, #6835, #3767, .T. ) ;
#4076 = DIRECTION ( 'NONE',  ( -0.000000000000000000, -0.000000000000000000, -1.000000000000000000 ) ) ;
#4077 = VERTEX_POINT ( 'NONE', #2764 ) ;
#4078 = FILL_AREA_STYLE_COLOUR ( '', #2149 ) ;
#4079 = CARTESIAN_POINT ( 'NONE',  ( 1.191966979829543583, 1.325343225405508640, 0.9100000000000000311 ) ) ;
#4080 = LINE ( 'NONE', #4847, #2139 ) ;
#4081 = VERTEX_POINT ( 'NONE', #9220 ) ;
#4082 = CARTESIAN_POINT ( 'NONE',  ( 0.9240295600976676793, 1.272996321023685207, 0.9000000000000000222 ) ) ;
#4083 = EDGE_LOOP ( 'NONE', ( #7639, #4511, #1248, #8074 ) ) ;
#4084 = CARTESIAN_POINT ( 'NONE',  ( 1.128433769302969791, 1.327155489067869620, 0.9100000000000000311 ) ) ;
#4085 = VECTOR ( 'NONE', #6468, 1000.000000000000000 ) ;
#4086 = CARTESIAN_POINT ( 'NONE',  ( 1.251771680690619837, 1.291623237587880224, 0.9000000000000000222 ) ) ;
#4087 = ORIENTED_EDGE ( 'NONE', *, *, #5772, .F. ) ;
#4088 = ORIENTED_EDGE ( 'NONE', *, *, #1396, .T. ) ;
#4089 = EDGE_CURVE ( 'NONE', #1291, #5491, #4150, .T. ) ;
#4090 = ORIENTED_EDGE ( 'NONE', *, *, #5149, .F. ) ;
#4091 = ORIENTED_EDGE ( 'NONE', *, *, #399, .T. ) ;
#4092 = ORIENTED_EDGE ( 'NONE', *, *, #7780, .F. ) ;
#4093 = ADVANCED_FACE ( 'NONE', ( #1206 ), #5520, .F. ) ;
#4094 = CARTESIAN_POINT ( 'NONE',  ( 1.120932186110094486, 1.333840068150567770, 0.9000000000000000222 ) ) ;
#4095 = CARTESIAN_POINT ( 'NONE',  ( 1.079368958835152492, 1.287553071657355330, 0.9100000000000000311 ) ) ;
#4096 = CARTESIAN_POINT ( 'NONE',  ( 0.8108223003404817497, 1.284978134355933888, 0.9100000000000000311 ) ) ;
#4097 = CARTESIAN_POINT ( 'NONE',  ( 1.123338634579733597, 1.210635848344820964, 0.9100000000000000311 ) ) ;
#4098 = ORIENTED_EDGE ( 'NONE', *, *, #3079, .T. ) ;
#4099 = ORIENTED_EDGE ( 'NONE', *, *, #5417, .T. ) ;
#4100 = CARTESIAN_POINT ( 'NONE',  ( 1.265987552206726985, 1.275728793990915433, 0.9100000000000000311 ) ) ;
#4101 = ORIENTED_EDGE ( 'NONE', *, *, #745, .F. ) ;
#4102 = VECTOR ( 'NONE', #8594, 1000.000000000000000 ) ;
#4103 = EDGE_CURVE ( 'NONE', #3118, #365, #2004, .T. ) ;
#4104 = ORIENTED_EDGE ( 'NONE', *, *, #6322, .T. ) ;
#4105 = EDGE_LOOP ( 'NONE', ( #2598, #6681, #4662, #6317 ) ) ;
#4106 = ORIENTED_EDGE ( 'NONE', *, *, #7359, .T. ) ;
#4107 = PRESENTATION_LAYER_ASSIGNMENT (  '', '', ( #8188 ) ) ;
#4108 = CARTESIAN_POINT ( 'NONE',  ( 1.308605457514324666, 1.241652295288878660, 0.9100000000000000311 ) ) ;
#4109 = CARTESIAN_POINT ( 'NONE',  ( 0.8525519808632221475, 1.197387105388890260, 0.9100000000000000311 ) ) ;
#4110 = CARTESIAN_POINT ( 'NONE',  ( 0.7773559083790417823, 1.167639206676788888, 0.9100000000000000311 ) ) ;
#4111 = LINE ( 'NONE', #3395, #1675 ) ;
#4112 = CARTESIAN_POINT ( 'NONE',  ( 1.078373699282968223, 1.193255942729563923, 0.9000000000000000222 ) ) ;
#4113 = B_SPLINE_CURVE_WITH_KNOTS ( 'NONE', 3,
 ( #3469, #585, #6227, #9124 ),
 .UNSPECIFIED., .F., .F.,
 ( 4, 4 ),
 ( 28.00000000000000000, 29.00000000000000000 ),
 .UNSPECIFIED. ) ;
#4114 = CARTESIAN_POINT ( 'NONE',  ( 0.9442746619914175188, 1.295307241117606534, 0.9000000000000000222 ) ) ;
#4115 = ORIENTED_EDGE ( 'NONE', *, *, #1698, .T. ) ;
#4116 = EDGE_CURVE ( 'NONE', #9313, #2429, #4759, .T. ) ;
#4117 = FILL_AREA_STYLE ('',( #366 ) ) ;
#4118 = CARTESIAN_POINT ( 'NONE',  ( 1.065791835987018654, 1.303685189176992054, 0.9000000000000000222 ) ) ;
#4119 = CARTESIAN_POINT ( 'NONE',  ( 1.125433136025661085, 1.219578329695286456, 0.9000000000000000222 ) ) ;
#4120 = LINE ( 'NONE', #7770, #7411 ) ;
#4122 = VERTEX_POINT ( 'NONE', #4181 ) ;
#4121 =( GEOMETRIC_REPRESENTATION_CONTEXT ( 3 ) GLOBAL_UNCERTAINTY_ASSIGNED_CONTEXT ( ( #5625 ) ) GLOBAL_UNIT_ASSIGNED_CONTEXT ( ( #9287, #4245, #45 ) ) REPRESENTATION_CONTEXT ( 'NONE', 'WORKASPACE' ) );
#4123 = CARTESIAN_POINT ( 'NONE',  ( 0.8525519808632221475, 1.201518757550242400, 0.9100000000000000311 ) ) ;
#4124 = LINE ( 'NONE', #1233, #7383 ) ;
#4125 = VERTEX_POINT ( 'NONE', #8357 ) ;
#4126 = DIRECTION ( 'NONE',  ( 1.000000000000000000, 0.000000000000000000, 0.000000000000000000 ) ) ;
#4127 = ORIENTED_EDGE ( 'NONE', *, *, #7201, .T. ) ;
#4128 = LINE ( 'NONE', #3502, #1681 ) ;
#4129 = AXIS2_PLACEMENT_3D ( 'NONE', #4247, #2210, #4 ) ;
#4130 = EDGE_CURVE ( 'NONE', #5491, #8264, #4718, .T. ) ;
#4131 =( NAMED_UNIT ( * ) SI_UNIT ( $, .STERADIAN. ) SOLID_ANGLE_UNIT ( ) );
#4132 = CARTESIAN_POINT ( 'NONE',  ( 1.083736217169216864, 1.188532173510895351, 0.9100000000000000311 ) ) ;
#4133 = CARTESIAN_POINT ( 'NONE',  ( 0.9103951111183632428, 1.232092981966071532, 0.9100000000000000311 ) ) ;
#4134 = CARTESIAN_POINT ( 'NONE',  ( 1.032770015318033252, 1.183541021129224102, 0.9000000000000000222 ) ) ;
#4135 = CARTESIAN_POINT ( 'NONE',  ( 1.210475836579079312, 1.296525262248551469, 0.9000000000000000222 ) ) ;
#4136 = DIRECTION ( 'NONE',  ( -0.000000000000000000, -0.000000000000000000, -1.000000000000000000 ) ) ;
#4137 = VERTEX_POINT ( 'NONE', #2668 ) ;
#4138 = CARTESIAN_POINT ( 'NONE',  ( -1.500000000000000000, 1.499999999999999778, 0.000000000000000000 ) ) ;
#4139 = VERTEX_POINT ( 'NONE', #4908 ) ;
#4140 = ORIENTED_EDGE ( 'NONE', *, *, #4254, .F. ) ;
#4141 = CARTESIAN_POINT ( 'NONE',  ( 1.152216016217553651, 1.163992340966802930, 0.9100000000000000311 ) ) ;
#4142 = DIRECTION ( 'NONE',  ( 1.000000000000000000, -0.000000000000000000, -0.000000000000000000 ) ) ;
#4143 = DIRECTION ( 'NONE',  ( 0.000000000000000000, 0.000000000000000000, 1.000000000000000000 ) ) ;
#4144 = CARTESIAN_POINT ( 'NONE',  ( 1.080304799906864899, 1.200504997379009842, 0.9100000000000000311 ) ) ;
#4145 = EDGE_CURVE ( 'NONE', #355, #2568, #4590, .T. ) ;
#4146 = B_SPLINE_CURVE_WITH_KNOTS ( 'NONE', 3,
 ( #2554, #8346, #6832, #340 ),
 .UNSPECIFIED., .F., .F.,
 ( 4, 4 ),
 ( 8.000000000000000000, 9.000000000000000000 ),
 .UNSPECIFIED. ) ;
#4147 = CARTESIAN_POINT ( 'NONE',  ( 0.8422228583409444580, 1.225069178020515848, 0.9000000000000000222 ) ) ;
#4148 = VERTEX_POINT ( 'NONE', #2567 ) ;
#4149 = ORIENTED_EDGE ( 'NONE', *, *, #5935, .T. ) ;
#4150 = B_SPLINE_CURVE_WITH_KNOTS ( 'NONE', 3,
 ( #4097, #9175, #9080, #1152 ),
 .UNSPECIFIED., .F., .F.,
 ( 4, 4 ),
 ( 13.00000000000000000, 14.00000000000000000 ),
 .UNSPECIFIED. ) ;
#4151 = FACE_BOUND ( 'NONE', #3389, .T. ) ;
#4152 = CARTESIAN_POINT ( 'NONE',  ( 1.061053212148381109, 1.209714861893276483, 0.9100000000000000311 ) ) ;
#4153 = CARTESIAN_POINT ( 'NONE',  ( 1.163163871293149132, 1.275728793990915433, 0.9000000000000000222 ) ) ;
#4154 = EDGE_CURVE ( 'NONE', #7727, #5178, #3330, .T. ) ;
#4155 = CARTESIAN_POINT ( 'NONE',  ( 1.223637030062156406, 1.241652295288878660, 0.9100000000000000311 ) ) ;
#4156 = ORIENTED_EDGE ( 'NONE', *, *, #8089, .T. ) ;
#4157 = CARTESIAN_POINT ( 'NONE',  ( 1.140243192349245760, 1.217082753504454162, 0.9100000000000000311 ) ) ;
#4158 = CARTESIAN_POINT ( 'NONE',  ( 1.252217319296026199, 1.234967716206178068, 0.9100000000000000311 ) ) ;
#4159 = CARTESIAN_POINT ( 'NONE',  ( 1.040271598510911888, 1.209714861893276483, 0.9100000000000000311 ) ) ;
#4160 = ORIENTED_EDGE ( 'NONE', *, *, #4075, .T. ) ;
#4161 = CARTESIAN_POINT ( 'NONE',  ( 1.040271598510909890, 1.234967716206176513, 0.9100000000000000311 ) ) ;
#4162 = CARTESIAN_POINT ( 'NONE',  ( 1.243854168132468629, 1.333840068150569991, 0.9000000000000000222 ) ) ;
#4163 = ADVANCED_FACE ( 'NONE', ( #591 ), #6616, .T. ) ;
#4164 = ORIENTED_EDGE ( 'NONE', *, *, #2419, .T. ) ;
#4165 = ORIENTED_EDGE ( 'NONE', *, *, #1610, .T. ) ;
#4166 = VERTEX_POINT ( 'NONE', #395 ) ;
#4167 = CARTESIAN_POINT ( 'NONE',  ( 1.079160994152614572, 1.224718028279030202, 0.9100000000000000311 ) ) ;
#4168 = CARTESIAN_POINT ( 'NONE',  ( 1.114203043166696494, 1.184996773907179834, 0.9100000000000000311 ) ) ;
#4169 = CARTESIAN_POINT ( 'NONE',  ( 1.166981508680438040, 1.193790709055976285, 0.9100000000000000311 ) ) ;
#4170 = SURFACE_STYLE_FILL_AREA ( #7782 ) ;
#4171 = DIRECTION ( 'NONE',  ( 0.000000000000000000, -1.000000000000000000, 0.000000000000000000 ) ) ;
#4172 = CARTESIAN_POINT ( 'NONE',  ( 1.251875663031789543, 1.190166181731256767, 0.9000000000000000222 ) ) ;
#4173 = PRESENTATION_STYLE_ASSIGNMENT (( #5414 ) ) ;
#4174 = EDGE_CURVE ( 'NONE', #5236, #4381, #6231, .T. ) ;
#4175 = CARTESIAN_POINT ( 'NONE',  ( 1.104339575364488013, 1.183541021129224102, 0.9000000000000000222 ) ) ;
#4176 = ORIENTED_EDGE ( 'NONE', *, *, #7379, .F. ) ;
#4177 = ORIENTED_EDGE ( 'NONE', *, *, #7796, .F. ) ;
#4178 = DIRECTION ( 'NONE',  ( -0.3559357243698863527, -0.9345104387417426661, -0.000000000000000000 ) ) ;
#4179 = CARTESIAN_POINT ( 'NONE',  ( 1.065791835987018654, 1.303685189176992054, 0.9100000000000000311 ) ) ;
#4180 =( LENGTH_UNIT ( ) NAMED_UNIT ( * ) SI_UNIT ( .MILLI., .METRE. ) );
#4181 = CARTESIAN_POINT ( 'NONE',  ( 1.165005844195845741, 1.193850127536643324, 0.9100000000000000311 ) ) ;
#4182 = CARTESIAN_POINT ( 'NONE',  ( 1.109301018506022807, 1.285324878629917844, 0.9000000000000000222 ) ) ;
#4183 = EDGE_CURVE ( 'NONE', #737, #856, #4811, .T. ) ;
#4184 = VERTEX_POINT ( 'NONE', #1865 ) ;
#4185 = EDGE_LOOP ( 'NONE', ( #7557, #566, #7208, #8621, #7757, #2477, #5979, #1642, #5521, #4156, #7549, #2010 ) ) ;
#4186 = ADVANCED_FACE ( 'NONE', ( #8407 ), #1909, .F. ) ;
#4187 = UNCERTAINTY_MEASURE_WITH_UNIT (LENGTH_MEASURE( 1.000000000000000082E-05 ), #1731, 'distance_accuracy_value', 'NONE');
#4188 = DIRECTION ( 'NONE',  ( -1.000000000000000000, -0.000000000000000000, -0.000000000000000000 ) ) ;
#4189 =( GEOMETRIC_REPRESENTATION_CONTEXT ( 3 ) GLOBAL_UNCERTAINTY_ASSIGNED_CONTEXT ( ( #6482 ) ) GLOBAL_UNIT_ASSIGNED_CONTEXT ( ( #2124, #2073, #3585 ) ) REPRESENTATION_CONTEXT ( 'NONE', 'WORKASPACE' ) );
#4190 = CARTESIAN_POINT ( 'NONE',  ( 1.079368958835152492, 1.287553071657355330, 0.9000000000000000222 ) ) ;
#4191 = CARTESIAN_POINT ( 'NONE',  ( 0.9851780089295304466, 1.241182611992108331, 0.9000000000000000222 ) ) ;
#4192 = CARTESIAN_POINT ( 'NONE',  ( 1.312541931863346001, 1.234224985196638702, 0.9100000000000000311 ) ) ;
#4193 = DIRECTION ( 'NONE',  ( 0.000000000000000000, -0.000000000000000000, 1.000000000000000000 ) ) ;
#4194 = UNCERTAINTY_MEASURE_WITH_UNIT (LENGTH_MEASURE( 1.000000000000000082E-05 ), #8714, 'distance_accuracy_value', 'NONE');
#4195 = EDGE_LOOP ( 'NONE', ( #5039, #605, #6988, #3624 ) ) ;
#4196 = VECTOR ( 'NONE', #3963, 1000.000000000000000 ) ;
#4197 = PRESENTATION_LAYER_ASSIGNMENT (  '', '', ( #2376 ) ) ;
#4198 = EDGE_CURVE ( 'NONE', #9320, #9268, #5564, .T. ) ;
#4199 = ADVANCED_FACE ( 'NONE', ( #1251 ), #8137, .T. ) ;
#4200 = CARTESIAN_POINT ( 'NONE',  ( 1.300346288691936580, 1.199435464725793210, 0.9100000000000000311 ) ) ;
#4201 = DIRECTION ( 'NONE',  ( -1.000000000000000000, -0.000000000000000000, -0.000000000000000000 ) ) ;
#4202 = CARTESIAN_POINT ( 'NONE',  ( 1.302723027921833587, 1.206001206847159946, 0.9100000000000000311 ) ) ;
#4203 = CARTESIAN_POINT ( 'NONE',  ( 1.105022887892961991, 1.275877340192582254, 0.9000000000000000222 ) ) ;
#4204 = VECTOR ( 'NONE', #5237, 1000.000000000000000 ) ;
#4205 = EDGE_LOOP ( 'NONE', ( #4535, #6824, #3275, #2062 ) ) ;
#4206 = CARTESIAN_POINT ( 'NONE',  ( 0.9273348786743881300, 1.272996321023685207, 0.9000000000000000222 ) ) ;
#4207 = DIRECTION ( 'NONE',  ( -0.000000000000000000, -0.000000000000000000, -1.000000000000000000 ) ) ;
#4208 = EDGE_CURVE ( 'NONE', #3420, #5897, #7901, .T. ) ;
#4209 = COLOUR_RGB ( '',0.8274509803921568096, 0.6666666666666666297, 0.1294117647058823373 ) ;
#4210 = ORIENTED_EDGE ( 'NONE', *, *, #4875, .F. ) ;
#4211 = SURFACE_STYLE_USAGE ( .BOTH. , #2030 ) ;
#4212 = VERTEX_POINT ( 'NONE', #7135 ) ;
#4213 = LINE ( 'NONE', #8537, #1972 ) ;
#4214 = CARTESIAN_POINT ( 'NONE',  ( 1.079071866431614124, 1.191651643749541245, 0.9100000000000000311 ) ) ;
#4215 = SURFACE_STYLE_USAGE ( .BOTH. , #7071 ) ;
#4216 = PLANE ( 'NONE',  #5427 ) ;
#4217 = DIRECTION ( 'NONE',  ( 0.000000000000000000, 1.000000000000000000, 0.000000000000000000 ) ) ;
#4218 = CARTESIAN_POINT ( 'NONE',  ( 1.238640196447892361, 1.322342592128198602, 0.9100000000000000311 ) ) ;
#4219 = ADVANCED_FACE ( 'NONE', ( #6598 ), #1440, .F. ) ;
#4220 = VECTOR ( 'NONE', #5310, 1000.000000000000000 ) ;
#4221 = PLANE ( 'NONE',  #1220 ) ;
#4222 = LINE ( 'NONE', #5700, #4660 ) ;
#4223 = ORIENTED_EDGE ( 'NONE', *, *, #1867, .F. ) ;
#4224 = CARTESIAN_POINT ( 'NONE',  ( 0.7409973803943973314, 1.296133570761587306, 0.9000000000000000222 ) ) ;
#4225 = DIRECTION ( 'NONE',  ( -0.000000000000000000, -0.000000000000000000, -1.000000000000000000 ) ) ;
#4226 = CARTESIAN_POINT ( 'NONE',  ( 1.065791835987018654, 1.313043599892929958, 0.9100000000000000311 ) ) ;
#4227 = VECTOR ( 'NONE', #2095, 1000.000000000000000 ) ;
#4228 = FACE_OUTER_BOUND ( 'NONE', #1008, .T. ) ;
#4229 = CARTESIAN_POINT ( 'NONE',  ( 0.7476080254281427528, 1.249859090987030186, 0.9000000000000000222 ) ) ;
#4230 = ORIENTED_EDGE ( 'NONE', *, *, #9271, .T. ) ;
#4231 = LINE ( 'NONE', #104, #4350 ) ;
#4232 = ORIENTED_EDGE ( 'NONE', *, *, #6871, .F. ) ;
#4233 = CARTESIAN_POINT ( 'NONE',  ( 0.9467536469835114987, 1.184578974233015058, 0.9000000000000000222 ) ) ;
#4234 = EDGE_CURVE ( 'NONE', #7640, #1025, #1342, .T. ) ;
#4235 = DIRECTION ( 'NONE',  ( -0.000000000000000000, -0.000000000000000000, -1.000000000000000000 ) ) ;
#4236 = CARTESIAN_POINT ( 'NONE',  ( 0.8347858876030708197, 1.233745649134933009, 0.9100000000000000311 ) ) ;
#4237 = DIRECTION ( 'NONE',  ( 1.000000000000000000, -0.000000000000000000, -0.000000000000000000 ) ) ;
#4238 = CARTESIAN_POINT ( 'NONE',  ( 1.114247607027199383, 1.211289451632566738, 0.9100000000000000311 ) ) ;
#4239 = ORIENTED_EDGE ( 'NONE', *, *, #6235, .T. ) ;
#4240 = CARTESIAN_POINT ( 'NONE',  ( 1.273296025337236514, 1.200237614216001614, 0.9000000000000000222 ) ) ;
#4241 = B_SPLINE_CURVE_WITH_KNOTS ( 'NONE', 3,
 ( #9190, #6259, #4630, #4788 ),
 .UNSPECIFIED., .F., .F.,
 ( 4, 4 ),
 ( 3.000000000000000000, 4.000000000000000000 ),
 .UNSPECIFIED. ) ;
#4242 = ORIENTED_EDGE ( 'NONE', *, *, #9228, .F. ) ;
#4243 = VECTOR ( 'NONE', #505, 1000.000000000000000 ) ;
#4244 = ORIENTED_EDGE ( 'NONE', *, *, #215, .T. ) ;
#4245 =( NAMED_UNIT ( * ) PLANE_ANGLE_UNIT ( ) SI_UNIT ( $, .RADIAN. ) );
#4246 = CARTESIAN_POINT ( 'NONE',  ( 0.8975869957232925911, 1.253990743147983311, 0.9100000000000000311 ) ) ;
#4247 = CARTESIAN_POINT ( 'NONE',  ( 0.9240295600976676793, 1.272996321023685207, 0.9100000000000000311 ) ) ;
#4248 = LINE ( 'NONE', #707, #3317 ) ;
#4249 = VECTOR ( 'NONE', #2447, 1000.000000000000000 ) ;
#4250 = ORIENTED_EDGE ( 'NONE', *, *, #1064, .T. ) ;
#4251 = FILL_AREA_STYLE_COLOUR ( '', #5573 ) ;
#4252 = ORIENTED_EDGE ( 'NONE', *, *, #2718, .F. ) ;
#4253 = EDGE_CURVE ( 'NONE', #3117, #2137, #5001, .T. ) ;
#4254 = EDGE_CURVE ( 'NONE', #5201, #4766, #3678, .T. ) ;
#4255 = DIRECTION ( 'NONE',  ( -0.000000000000000000, 1.000000000000000000, -0.000000000000000000 ) ) ;
#4256 = ORIENTED_EDGE ( 'NONE', *, *, #6644, .F. ) ;
#4257 = CARTESIAN_POINT ( 'NONE',  ( 1.097060811474313002, 1.216696533379710621, 0.9100000000000000311 ) ) ;
#4258 = CARTESIAN_POINT ( 'NONE',  ( 1.078373699282968223, 1.195246461833929130, 0.9100000000000000311 ) ) ;
#4259 = DIRECTION ( 'NONE',  ( -0.000000000000000000, -0.000000000000000000, -1.000000000000000000 ) ) ;
#4260 = CARTESIAN_POINT ( 'NONE',  ( 1.142233711453809475, 1.194830532468855955, 0.9000000000000000222 ) ) ;
#4261 = CARTESIAN_POINT ( 'NONE',  ( 1.125269735203826116, 1.201782494714958016, 0.9100000000000000311 ) ) ;
#4262 = FACE_OUTER_BOUND ( 'NONE', #1059, .T. ) ;
#4263 = ORIENTED_EDGE ( 'NONE', *, *, #3043, .T. ) ;
#4264 = EDGE_CURVE ( 'NONE', #6109, #4059, #192, .T. ) ;
#4265 = CARTESIAN_POINT ( 'NONE',  ( 0.7889245470388724923, 1.291175612597763145, 0.9000000000000000222 ) ) ;
#4266 = CARTESIAN_POINT ( 'NONE',  ( 0.8046248220990501743, 1.288696619725168580, 0.9000000000000000222 ) ) ;
#4267 = ORIENTED_EDGE ( 'NONE', *, *, #8142, .T. ) ;
#4268 = CARTESIAN_POINT ( 'NONE',  ( 1.120932186110094486, 1.333840068150567770, 0.9100000000000000311 ) ) ;
#4269 = CARTESIAN_POINT ( 'NONE',  ( 1.100581356457863258, 1.328046766278684343, 0.9100000000000000311 ) ) ;
#4270 = CARTESIAN_POINT ( 'NONE',  ( 0.7889245470388724923, 1.291175612597763145, 0.9100000000000000311 ) ) ;
#4271 = DIRECTION ( 'NONE',  ( -1.000000000000000000, 0.000000000000000000, 0.000000000000000000 ) ) ;
#4272 = EDGE_LOOP ( 'NONE', ( #9169, #7535, #9279, #2952 ) ) ;
#4273 = DIRECTION ( 'NONE',  ( -0.000000000000000000, -0.000000000000000000, -1.000000000000000000 ) ) ;
#4274 = VERTEX_POINT ( 'NONE', #1398 ) ;
#4275 = ADVANCED_FACE ( 'NONE', ( #731 ), #7982, .F. ) ;
#4276 = ORIENTED_EDGE ( 'NONE', *, *, #7923, .T. ) ;
#4277 = EDGE_CURVE ( 'NONE', #3425, #1199, #4361, .T. ) ;
#4278 = CARTESIAN_POINT ( 'NONE',  ( 0.9851780089295304466, 1.226721829428373267, 0.9000000000000000222 ) ) ;
#4279 = FACE_BOUND ( 'NONE', #2709, .T. ) ;
#4280 = FACE_BOUND ( 'NONE', #9122, .T. ) ;
#4281 = LINE ( 'NONE', #9281, #1488 ) ;
#4282 = CARTESIAN_POINT ( 'NONE',  ( 1.133632886367381687, 1.220083386781760870, 0.9100000000000000311 ) ) ;
#4283 = CARTESIAN_POINT ( 'NONE',  ( 0.000000000000000000, 0.000000000000000000, -0.02000000000000000042 ) ) ;
#4284 = UNCERTAINTY_MEASURE_WITH_UNIT (LENGTH_MEASURE( 1.000000000000000082E-05 ), #8198, 'distance_accuracy_value', 'NONE');
#4285 = VERTEX_POINT ( 'NONE', #7179 ) ;
#4286 = ORIENTED_EDGE ( 'NONE', *, *, #619, .T. ) ;
#4287 = FACE_BOUND ( 'NONE', #4105, .T. ) ;
#4288 = CARTESIAN_POINT ( 'NONE',  ( 1.252514411699763741, 1.241652295288878660, 0.9100000000000000311 ) ) ;
#4289 = DIRECTION ( 'NONE',  ( 0.000000000000000000, -1.000000000000000000, 0.000000000000000000 ) ) ;
#4290 = CARTESIAN_POINT ( 'NONE',  ( 0.8959343285546285118, 1.189536959978600761, 0.9100000000000000311 ) ) ;
#4291 = CARTESIAN_POINT ( 'NONE',  ( 0.9467536469835114987, 1.184578974233015058, 0.9000000000000000222 ) ) ;
#4292 = ORIENTED_EDGE ( 'NONE', *, *, #722, .F. ) ;
#4293 = CARTESIAN_POINT ( 'NONE',  ( 1.078225153081099341, 1.277392511451602930, 0.9100000000000000311 ) ) ;
#4294 = EDGE_CURVE ( 'NONE', #8085, #8001, #1540, .T. ) ;
#4295 = VERTEX_POINT ( 'NONE', #3560 ) ;
#4296 = CARTESIAN_POINT ( 'NONE',  ( 1.091876549030068588, 1.189661124644782575, 0.9000000000000000222 ) ) ;
#4297 = DIRECTION ( 'NONE',  ( 1.000000000000000000, 0.000000000000000000, 0.000000000000000000 ) ) ;
#4298 = CARTESIAN_POINT ( 'NONE',  ( 1.079071866431614124, 1.191651643749541245, 0.9000000000000000222 ) ) ;
#4299 = EDGE_CURVE ( 'NONE', #3498, #4365, #2940, .T. ) ;
#4300 = LINE ( 'NONE', #8539, #4352 ) ;
#4301 = CARTESIAN_POINT ( 'NONE',  ( 1.080483055349066523, 1.190403855653926257, 0.9100000000000000311 ) ) ;
#4302 = EDGE_CURVE ( 'NONE', #5649, #2992, #4949, .T. ) ;
#4303 = FACE_OUTER_BOUND ( 'NONE', #1420, .T. ) ;
#4304 = LINE ( 'NONE', #7124, #6790 ) ;
#4305 = CARTESIAN_POINT ( 'NONE',  ( 1.283248620860648836, 1.221955068924790222, 0.9100000000000000311 ) ) ;
#4306 =( GEOMETRIC_REPRESENTATION_CONTEXT ( 3 ) GLOBAL_UNCERTAINTY_ASSIGNED_CONTEXT ( ( #7916 ) ) GLOBAL_UNIT_ASSIGNED_CONTEXT ( ( #79, #1446, #4320 ) ) REPRESENTATION_CONTEXT ( 'NONE', 'WORKASPACE' ) );
#4307 =( NAMED_UNIT ( * ) SI_UNIT ( $, .STERADIAN. ) SOLID_ANGLE_UNIT ( ) );
#4308 = ORIENTED_EDGE ( 'NONE', *, *, #2204, .F. ) ;
#4309 = CARTESIAN_POINT ( 'NONE',  ( 0.8975869957232925911, 1.253990743147983311, 0.9100000000000000311 ) ) ;
#4310 = ORIENTED_EDGE ( 'NONE', *, *, #8415, .T. ) ;
#4311 = ORIENTED_EDGE ( 'NONE', *, *, #7077, .F. ) ;
#4312 = CARTESIAN_POINT ( 'NONE',  ( 1.221988167221633503, 1.216369731735640114, 0.9100000000000000311 ) ) ;
#4313 = EDGE_CURVE ( 'NONE', #7727, #8768, #2850, .T. ) ;
#4314 = DIRECTION ( 'NONE',  ( -0.000000000000000000, 1.000000000000000000, -0.000000000000000000 ) ) ;
#4315 = ADVANCED_FACE ( 'NONE', ( #5135 ), #7222, .F. ) ;
#4316 = CARTESIAN_POINT ( 'NONE',  ( 1.201206553584555525, 1.209714861893276483, 0.9100000000000000311 ) ) ;
#4317 = ORIENTED_EDGE ( 'NONE', *, *, #2083, .F. ) ;
#4318 = ORIENTED_EDGE ( 'NONE', *, *, #3137, .T. ) ;
#4319 = ORIENTED_EDGE ( 'NONE', *, *, #8360, .T. ) ;
#4320 =( NAMED_UNIT ( * ) SI_UNIT ( $, .STERADIAN. ) SOLID_ANGLE_UNIT ( ) );
#4321 = CARTESIAN_POINT ( 'NONE',  ( 1.121155005412799444, 1.182560616197007253, 0.9000000000000000222 ) ) ;
#4322 = CARTESIAN_POINT ( 'NONE',  ( 1.150388897934828458, 1.163992340966802930, 0.9000000000000000222 ) ) ;
#4323 = SURFACE_STYLE_USAGE ( .BOTH. , #697 ) ;
#4324 = CARTESIAN_POINT ( 'NONE',  ( -0.7500000000000000000, -0.4500000000000002887, -0.02000000000000000042 ) ) ;
#4325 = CARTESIAN_POINT ( 'NONE',  ( 1.132890155358039497, 1.198068839668837482, 0.9100000000000000311 ) ) ;
#4326 = EDGE_CURVE ( 'NONE', #2416, #3746, #8036, .T. ) ;
#4327 = ORIENTED_EDGE ( 'NONE', *, *, #4009, .T. ) ;
#4328 = VERTEX_POINT ( 'NONE', #2899 ) ;
#4329 = DIRECTION ( 'NONE',  ( 0.3493954794689467791, -0.9369753459545585583, -0.000000000000000000 ) ) ;
#4330 = CARTESIAN_POINT ( 'NONE',  ( 1.125269735203826116, 1.201782494714958016, 0.9100000000000000311 ) ) ;
#4331 = EDGE_CURVE ( 'NONE', #3668, #6424, #5803, .T. ) ;
#4332 = CARTESIAN_POINT ( 'NONE',  ( 1.124408167233147404, 1.209685152652943518, 0.9000000000000000222 ) ) ;
#4333 = PRESENTATION_STYLE_ASSIGNMENT (( #1459 ) ) ;
#4334 = LINE ( 'NONE', #8629, #2706 ) ;
#4335 = VECTOR ( 'NONE', #753, 1000.000000000000000 ) ;
#4336 = ORIENTED_EDGE ( 'NONE', *, *, #2658, .T. ) ;
#4337 = CARTESIAN_POINT ( 'NONE',  ( 1.097060811474313002, 1.209922826576012023, 0.9100000000000000311 ) ) ;
#4338 = ORIENTED_EDGE ( 'NONE', *, *, #6154, .F. ) ;
#4339 = DIRECTION ( 'NONE',  ( -1.000000000000000000, 0.000000000000000000, 0.000000000000000000 ) ) ;
#4340 = CARTESIAN_POINT ( 'NONE',  ( 0.9442746619914175188, 1.295307241117606534, 0.9000000000000000222 ) ) ;
#4341 = AXIS2_PLACEMENT_3D ( 'NONE', #514, #2542, #3299 ) ;
#4342 = CARTESIAN_POINT ( 'NONE',  ( 1.079027302570914282, 1.199257209283788761, 0.9000000000000000222 ) ) ;
#4343 = VECTOR ( 'NONE', #131, 1000.000000000000000 ) ;
#4344 = SURFACE_STYLE_USAGE ( .BOTH. , #5116 ) ;
#4345 = CARTESIAN_POINT ( 'NONE',  ( 1.154161971461618696, 1.225044829923102929, 0.9100000000000000311 ) ) ;
#4346 = CARTESIAN_POINT ( 'NONE',  ( 1.249454359941787329, 1.298188979709240742, 0.9100000000000000311 ) ) ;
#4347 = CARTESIAN_POINT ( 'NONE',  ( 0.8657732709307145447, 1.349431886003709113, 0.9000000000000000222 ) ) ;
#4348 = ORIENTED_EDGE ( 'NONE', *, *, #7707, .T. ) ;
#4349 = B_SPLINE_CURVE_WITH_KNOTS ( 'NONE', 3,
 ( #5747, #5792, #2839, #1384 ),
 .UNSPECIFIED., .F., .F.,
 ( 4, 4 ),
 ( 1.000000000000000000, 2.000000000000000000 ),
 .UNSPECIFIED. ) ;
#4350 = VECTOR ( 'NONE', #1253, 1000.000000000000114 ) ;
#4351 = FILL_AREA_STYLE ('',( #6510 ) ) ;
#4352 = VECTOR ( 'NONE', #2699, 1000.000000000000000 ) ;
#4353 = LINE ( 'NONE', #9352, #5736 ) ;
#4354 = LINE ( 'NONE', #8029, #3630 ) ;
#4355 = B_SPLINE_SURFACE_WITH_KNOTS ( 'NONE', 3, 1, ( 
 ( #6440, #2822 ),
 ( #8675, #5065 ),
 ( #7958, #1457 ),
 ( #4330, #976 ) ),
 .UNSPECIFIED., .F., .F., .F.,
 ( 4, 4 ),
 ( 2, 2 ),
 ( 4.000000000000000000, 5.000000000000000000 ),
 ( 0.000000000000000000, 1.000000000000000000 ),
 .UNSPECIFIED. ) ;
#4356 = CARTESIAN_POINT ( 'NONE',  ( 1.239308654356203077, 1.324659912877033330, 0.9000000000000000222 ) ) ;
#4357 = CARTESIAN_POINT ( 'NONE',  ( 1.179102878750615702, 1.282353954592944989, 0.9100000000000000311 ) ) ;
#4358 = FILL_AREA_STYLE ('',( #2237 ) ) ;
#4359 = VECTOR ( 'NONE', #5750, 1000.000000000000000 ) ;
#4360 = VECTOR ( 'NONE', #5513, 1000.000000000000000 ) ;
#4361 = LINE ( 'NONE', #6421, #3909 ) ;
#4362 = EDGE_LOOP ( 'NONE', ( #3596, #3907, #6190, #685 ) ) ;
#4363 = EDGE_CURVE ( 'NONE', #9340, #7584, #5088, .T. ) ;
#4364 = ADVANCED_FACE ( 'NONE', ( #6647 ), #423, .F. ) ;
#4365 = VERTEX_POINT ( 'NONE', #166 ) ;
#4366 = VECTOR ( 'NONE', #48, 1000.000000000000000 ) ;
#4367 = ORIENTED_EDGE ( 'NONE', *, *, #3435, .F. ) ;
#4368 = PLANE ( 'NONE',  #7954 ) ;
#4369 = CARTESIAN_POINT ( 'NONE',  ( -0.7500000000000000000, 1.450000000000000400, 0.000000000000000000 ) ) ;
#4370 = PLANE ( 'NONE',  #7747 ) ;
#4371 = CARTESIAN_POINT ( 'NONE',  ( 1.064024136185159231, 1.190166181731253214, 0.9100000000000000311 ) ) ;
#4372 = CARTESIAN_POINT ( 'NONE',  ( 1.150864245780769624, 1.333840068150567770, 0.9100000000000000311 ) ) ;
#4373 = ORIENTED_EDGE ( 'NONE', *, *, #2121, .F. ) ;
#4374 = VECTOR ( 'NONE', #2360, 1000.000000000000000 ) ;
#4375 = CARTESIAN_POINT ( 'NONE',  ( 0.7476080254281427528, 1.249859090987030186, 0.9000000000000000222 ) ) ;
#4376 = ADVANCED_FACE ( 'NONE', ( #3027 ), #6699, .F. ) ;
#4377 = ORIENTED_EDGE ( 'NONE', *, *, #1278, .T. ) ;
#4378 = EDGE_CURVE ( 'NONE', #5194, #3712, #8830, .T. ) ;
#4379 = PLANE ( 'NONE',  #2902 ) ;
#4380 = LINE ( 'NONE', #7242, #4335 ) ;
#4381 = VERTEX_POINT ( 'NONE', #2329 ) ;
#4382 = DIRECTION ( 'NONE',  ( 0.000000000000000000, 0.000000000000000000, 1.000000000000000000 ) ) ;
#4383 = LINE ( 'NONE', #7291, #6651 ) ;
#4384 = STYLED_ITEM ( 'NONE', ( #6976 ), #179 ) ;
#4385 = EDGE_LOOP ( 'NONE', ( #7774, #3944, #859, #2510 ) ) ;
#4386 = CARTESIAN_POINT ( 'NONE',  ( 0.7286024130753491201, 1.283738618218577487, 0.9100000000000000311 ) ) ;
#4387 = MECHANICAL_DESIGN_GEOMETRIC_PRESENTATION_REPRESENTATION (  '', ( #3489 ), #6819 ) ;
#4388 = ADVANCED_FACE ( 'NONE', ( #7358 ), #6027, .F. ) ;
#4389 = DIRECTION ( 'NONE',  ( 0.000000000000000000, -0.000000000000000000, -1.000000000000000000 ) ) ;
#4390 = VERTEX_POINT ( 'NONE', #3165 ) ;
#4391 = CARTESIAN_POINT ( 'NONE',  ( 1.238640196447892361, 1.322342592128198602, 0.9000000000000000222 ) ) ;
#4392 = EDGE_CURVE ( 'NONE', #5507, #6894, #8972, .T. ) ;
#4393 = CARTESIAN_POINT ( 'NONE',  ( 1.079770033580256250, 1.321599861119052921, 0.9100000000000000311 ) ) ;
#4394 = FACE_OUTER_BOUND ( 'NONE', #982, .T. ) ;
#4395 = LINE ( 'NONE', #7303, #4821 ) ;
#4396 = PRESENTATION_STYLE_ASSIGNMENT (( #2318 ) ) ;
#4397 = CARTESIAN_POINT ( 'NONE',  ( 1.097060811474313002, 1.196969597775290994, 0.9100000000000000311 ) ) ;
#4398 = CARTESIAN_POINT ( 'NONE',  ( 1.032770015318033252, 1.183541021129224102, 0.9100000000000000311 ) ) ;
#4399 = VERTEX_POINT ( 'NONE', #8118 ) ;
#4400 = PLANE ( 'NONE',  #3329 ) ;
#4401 = CARTESIAN_POINT ( 'NONE',  ( 0.7719847597815928664, 1.184165815321398973, 0.9000000000000000222 ) ) ;
#4402 = CARTESIAN_POINT ( 'NONE',  ( 1.163163871293149132, 1.333840068150567770, 0.9100000000000000311 ) ) ;
#4403 = CARTESIAN_POINT ( 'NONE',  ( 0.8091696331716186075, 1.328360458406030453, 0.9100000000000000311 ) ) ;
#4404 = DIRECTION ( 'NONE',  ( 0.3493954794973129219, -0.9369753459439809085, -0.000000000000000000 ) ) ;
#4405 = B_SPLINE_CURVE_WITH_KNOTS ( 'NONE', 3,
 ( #15, #569, #4257, #2831 ),
 .UNSPECIFIED., .F., .F.,
 ( 4, 4 ),
 ( 11.00000000000000000, 12.00000000000000000 ),
 .UNSPECIFIED. ) ;
#4406 = CARTESIAN_POINT ( 'NONE',  ( 1.312868733507022601, 1.232293884572940756, 0.9100000000000000311 ) ) ;
#4407 = EDGE_LOOP ( 'NONE', ( #422, #6783, #7517, #1811 ) ) ;
#4408 = B_SPLINE_SURFACE_WITH_KNOTS ( 'NONE', 3, 1, ( 
 ( #829, #2911 ),
 ( #4236, #5766 ),
 ( #6476, #7280 ),
 ( #2813, #6431 ) ),
 .UNSPECIFIED., .F., .F., .F.,
 ( 4, 4 ),
 ( 2, 2 ),
 ( 15.00000000000000000, 16.00000000000000000 ),
 ( 0.000000000000000000, 1.000000000000000000 ),
 .UNSPECIFIED. ) ;
#4409 = FACE_OUTER_BOUND ( 'NONE', #4837, .T. ) ;
#4410 = DIRECTION ( 'NONE',  ( -0.000000000000000000, -0.000000000000000000, -1.000000000000000000 ) ) ;
#4411 = DIRECTION ( 'NONE',  ( 1.000000000000000000, -0.000000000000000000, -0.000000000000000000 ) ) ;
#4412 = ADVANCED_FACE ( 'NONE', ( #1613 ), #2283, .F. ) ;
#4413 = SURFACE_STYLE_FILL_AREA ( #7854 ) ;
#4414 = CARTESIAN_POINT ( 'NONE',  ( 0.000000000000000000, 0.000000000000000000, 0.9100000000000000311 ) ) ;
#4415 = EDGE_CURVE ( 'NONE', #8930, #4184, #2372, .T. ) ;
#4416 = SURFACE_STYLE_USAGE ( .BOTH. , #5950 ) ;
#4417 = B_SPLINE_CURVE_WITH_KNOTS ( 'NONE', 3,
 ( #3503, #6543, #7826, #1378 ),
 .UNSPECIFIED., .F., .F.,
 ( 4, 4 ),
 ( 21.00000000000000000, 22.00000000000000000 ),
 .UNSPECIFIED. ) ;
#4418 = SURFACE_SIDE_STYLE ('',( #1541 ) ) ;
#4419 = B_SPLINE_CURVE_WITH_KNOTS ( 'NONE', 3,
 ( #4082, #3416, #4849, #5553 ),
 .UNSPECIFIED., .F., .F.,
 ( 4, 4 ),
 ( 22.00000000000000000, 23.00000000000000000 ),
 .UNSPECIFIED. ) ;
#4420 = CARTESIAN_POINT ( 'NONE',  ( 1.166981508680438040, 1.193790709055976285, 0.9000000000000000222 ) ) ;
#4421 = LINE ( 'NONE', #6536, #7233 ) ;
#4422 = ORIENTED_EDGE ( 'NONE', *, *, #1255, .F. ) ;
#4423 = DIRECTION ( 'NONE',  ( -0.000000000000000000, 1.000000000000000000, -0.000000000000000000 ) ) ;
#4424 = CARTESIAN_POINT ( 'NONE',  ( -1.500000000000000000, 1.499999999999999778, 0.9000000000000000222 ) ) ;
#4425 = DIRECTION ( 'NONE',  ( 0.000000000000000000, 0.000000000000000000, -1.000000000000000000 ) ) ;
#4426 = B_SPLINE_SURFACE_WITH_KNOTS ( 'NONE', 3, 1, ( 
 ( #2364, #3060 ),
 ( #8862, #8025 ),
 ( #7308, #6588 ),
 ( #2274, #5218 ) ),
 .UNSPECIFIED., .F., .F., .F.,
 ( 4, 4 ),
 ( 2, 2 ),
 ( 3.000000000000000000, 4.000000000000000000 ),
 ( 0.000000000000000000, 1.000000000000000000 ),
 .UNSPECIFIED. ) ;
#4427 = DIRECTION ( 'NONE',  ( -0.8907830360988082674, -0.4544288531757081917, 0.000000000000000000 ) ) ;
#4428 = ORIENTED_EDGE ( 'NONE', *, *, #296, .F. ) ;
#4429 = CARTESIAN_POINT ( 'NONE',  ( 1.149215382940226293, 1.308557504597331445, 0.9100000000000000311 ) ) ;
#4430 = CARTESIAN_POINT ( 'NONE',  ( 1.114203043166696494, 1.184996773907179834, 0.9000000000000000222 ) ) ;
#4431 =( NAMED_UNIT ( * ) SI_UNIT ( $, .STERADIAN. ) SOLID_ANGLE_UNIT ( ) );
#4432 = CARTESIAN_POINT ( 'NONE',  ( 0.7500000000000000000, -1.450000000000000400, 0.000000000000000000 ) ) ;
#4433 = CARTESIAN_POINT ( 'NONE',  ( 0.8161934449976795403, 1.333318442181288033, 0.9100000000000000311 ) ) ;
#4434 = CARTESIAN_POINT ( 'NONE',  ( 1.274484394951788557, 1.191681352989879983, 0.9100000000000000311 ) ) ;
#4435 = CARTESIAN_POINT ( 'NONE',  ( 0.9095687617729293351, 1.208955712526911475, 0.9100000000000000311 ) ) ;
#4436 = ORIENTED_EDGE ( 'NONE', *, *, #8889, .F. ) ;
#4437 = DIRECTION ( 'NONE',  ( 0.000000000000000000, 0.000000000000000000, -1.000000000000000000 ) ) ;
#4438 = EDGE_CURVE ( 'NONE', #6981, #5515, #5978, .T. ) ;
#4439 = UNCERTAINTY_MEASURE_WITH_UNIT (LENGTH_MEASURE( 1.000000000000000082E-05 ), #5118, 'distance_accuracy_value', 'NONE');
#4440 = LINE ( 'NONE', #855, #9113 ) ;
#4441 = CARTESIAN_POINT ( 'NONE',  ( 1.157459697142466659, 1.172162382068190123, 0.9100000000000000311 ) ) ;
#4442 = ORIENTED_EDGE ( 'NONE', *, *, #3954, .T. ) ;
#4443 = DIRECTION ( 'NONE',  ( -0.3559357243698863527, -0.9345104387417426661, -0.000000000000000000 ) ) ;
#4444 = CARTESIAN_POINT ( 'NONE',  ( 0.9851780089295304466, 1.241182611992108331, 0.9100000000000000311 ) ) ;
#4445 = FACE_OUTER_BOUND ( 'NONE', #9088, .T. ) ;
#4446 = CARTESIAN_POINT ( 'NONE',  ( -0.2500000000000000000, -1.450000000000000400, 0.000000000000000000 ) ) ;
#4447 = DIRECTION ( 'NONE',  ( 0.000000000000000000, 0.000000000000000000, 1.000000000000000000 ) ) ;
#4448 = ORIENTED_EDGE ( 'NONE', *, *, #4277, .F. ) ;
#4449 = PLANE ( 'NONE',  #3614 ) ;
#4450 = ORIENTED_EDGE ( 'NONE', *, *, #7573, .F. ) ;
#4451 = EDGE_CURVE ( 'NONE', #2171, #5443, #8253, .T. ) ;
#4452 = STYLED_ITEM ( 'NONE', ( #5763 ), #6781 ) ;
#4453 = ORIENTED_EDGE ( 'NONE', *, *, #6403, .T. ) ;
#4454 = EDGE_CURVE ( 'NONE', #6356, #3031, #2979, .T. ) ;
#4455 = VERTEX_POINT ( 'NONE', #213 ) ;
#4456 = ORIENTED_EDGE ( 'NONE', *, *, #9364, .F. ) ;
#4457 = DIRECTION ( 'NONE',  ( -0.000000000000000000, -0.000000000000000000, -1.000000000000000000 ) ) ;
#4458 = CARTESIAN_POINT ( 'NONE',  ( 1.162302303322470420, 1.183630148850227437, 0.9000000000000000222 ) ) ;
#4459 = CARTESIAN_POINT ( 'NONE',  ( 1.322227144223355744, 1.206001206847159946, 0.9100000000000000311 ) ) ;
#4460 = CARTESIAN_POINT ( 'NONE',  ( 1.123962528627540758, 1.218538506282406564, 0.9100000000000000311 ) ) ;
#4461 = DIRECTION ( 'NONE',  ( -2.238881569535245910E-14, 1.000000000000000000, 0.000000000000000000 ) ) ;
#4462 = ORIENTED_EDGE ( 'NONE', *, *, #215, .F. ) ;
#4463 = DIRECTION ( 'NONE',  ( -0.000000000000000000, -0.000000000000000000, -1.000000000000000000 ) ) ;
#4464 = B_SPLINE_CURVE_WITH_KNOTS ( 'NONE', 3,
 ( #2738, #1314, #4203, #614 ),
 .UNSPECIFIED., .F., .F.,
 ( 4, 4 ),
 ( 0.000000000000000000, 1.000000000000000000 ),
 .UNSPECIFIED. ) ;
#4465 = ADVANCED_FACE ( 'NONE', ( #8871 ), #3731, .F. ) ;
#4466 = B_SPLINE_CURVE_WITH_KNOTS ( 'NONE', 3,
 ( #2469, #3074, #5332, #7414 ),
 .UNSPECIFIED., .F., .F.,
 ( 4, 4 ),
 ( 2.000000000000000000, 3.000000000000000000 ),
 .UNSPECIFIED. ) ;
#4467 = CARTESIAN_POINT ( 'NONE',  ( 1.178315583880970241, 1.225044829923102929, 0.9100000000000000311 ) ) ;
#4468 = CARTESIAN_POINT ( 'NONE',  ( -1.500000000000000000, 1.499999999999999778, 0.9000000000000000222 ) ) ;
#4469 = FACE_OUTER_BOUND ( 'NONE', #593, .T. ) ;
#4470 = CARTESIAN_POINT ( 'NONE',  ( -0.2500000000000000000, 1.450000000000000400, -0.02000000000000000042 ) ) ;
#4471 =( NAMED_UNIT ( * ) SI_UNIT ( $, .STERADIAN. ) SOLID_ANGLE_UNIT ( ) );
#4472 = CARTESIAN_POINT ( 'NONE',  ( 1.265022001894681170, 1.192186410075955383, 0.9100000000000000311 ) ) ;
#4473 = ADVANCED_FACE ( 'NONE', ( #8081 ), #4449, .T. ) ;
#4474 = EDGE_CURVE ( 'NONE', #1200, #4609, #3318, .T. ) ;
#4475 = CARTESIAN_POINT ( 'NONE',  ( 1.152186306977023067, 1.275728793990911436, 0.9100000000000000311 ) ) ;
#4476 = CARTESIAN_POINT ( 'NONE',  ( 1.114203043166696494, 1.192513211720024335, 0.9000000000000000222 ) ) ;
#4477 = CARTESIAN_POINT ( 'NONE',  ( 1.152186306977023067, 1.282353954592944989, 0.9000000000000000222 ) ) ;
#4478 = SURFACE_STYLE_USAGE ( .BOTH. , #8017 ) ;
#4479 = CARTESIAN_POINT ( 'NONE',  ( 1.274484394951788557, 1.191681352989879983, 0.9000000000000000222 ) ) ;
#4480 = DIRECTION ( 'NONE',  ( -0.000000000000000000, 1.000000000000000000, -0.000000000000000000 ) ) ;
#4481 = CARTESIAN_POINT ( 'NONE',  ( 1.261115236786390703, 1.183541021129224102, 0.9100000000000000311 ) ) ;
#4482 = VECTOR ( 'NONE', #8481, 1000.000000000000227 ) ;
#4483 = ORIENTED_EDGE ( 'NONE', *, *, #6419, .T. ) ;
#4484 = CARTESIAN_POINT ( 'NONE',  ( 0.8959343285546285118, 1.196147597132037221, 0.9000000000000000222 ) ) ;
#4485 = B_SPLINE_SURFACE_WITH_KNOTS ( 'NONE', 3, 1, ( 
 ( #9066, #1804 ),
 ( #1094, #7636 ),
 ( #3974, #2702 ),
 ( #6878, #9166 ) ),
 .UNSPECIFIED., .F., .F., .F.,
 ( 4, 4 ),
 ( 2, 2 ),
 ( 18.00000000000000000, 19.00000000000000000 ),
 ( 0.000000000000000000, 1.000000000000000000 ),
 .UNSPECIFIED. ) ;
#4486 = ADVANCED_FACE ( 'NONE', ( #2558 ), #7593, .F. ) ;
#4487 = CARTESIAN_POINT ( 'NONE',  ( 1.096020988061430446, 1.194147219940378868, 0.9100000000000000311 ) ) ;
#4488 = VECTOR ( 'NONE', #7472, 1000.000000000000000 ) ;
#4489 = CARTESIAN_POINT ( 'NONE',  ( 1.140243192349245760, 1.217082753504454162, 0.9100000000000000311 ) ) ;
#4490 = AXIS2_PLACEMENT_3D ( 'NONE', #4345, #2176, #8591 ) ;
#4491 = CARTESIAN_POINT ( 'NONE',  ( 1.250000000000000000, -0.4500000000000002887, -0.02000000000000000042 ) ) ;
#4492 = PRESENTATION_STYLE_ASSIGNMENT (( #8031 ) ) ;
#4493 = EDGE_CURVE ( 'NONE', #3420, #8930, #3977, .T. ) ;
#4494 = PLANE ( 'NONE',  #6332 ) ;
#4495 = CARTESIAN_POINT ( 'NONE',  ( 1.095605058696355938, 1.328046766278684343, 0.9000000000000000222 ) ) ;
#4496 = DIRECTION ( 'NONE',  ( 0.000000000000000000, -0.000000000000000000, -1.000000000000000000 ) ) ;
#4497 = VECTOR ( 'NONE', #5668, 1000.000000000000000 ) ;
#4498 = VECTOR ( 'NONE', #4025, 1000.000000000000000 ) ;
#4499 = B_SPLINE_CURVE_WITH_KNOTS ( 'NONE', 3,
 ( #4433, #946, #8956, #6721 ),
 .UNSPECIFIED., .F., .F.,
 ( 4, 4 ),
 ( 3.000000000000000000, 4.000000000000000000 ),
 .UNSPECIFIED. ) ;
#4500 = ORIENTED_EDGE ( 'NONE', *, *, #531, .F. ) ;
#4501 = ORIENTED_EDGE ( 'NONE', *, *, #6189, .F. ) ;
#4502 = EDGE_CURVE ( 'NONE', #8914, #8668, #6929, .T. ) ;
#4503 = SURFACE_STYLE_USAGE ( .BOTH. , #1004 ) ;
#4504 = STYLED_ITEM ( 'NONE', ( #2400 ), #5937 ) ;
#4505 =( NAMED_UNIT ( * ) PLANE_ANGLE_UNIT ( ) SI_UNIT ( $, .RADIAN. ) );
#4506 = PRESENTATION_LAYER_ASSIGNMENT (  '', '', ( #1788 ) ) ;
#4507 = COLOUR_RGB ( '',0.8274509803921568096, 0.6666666666666666297, 0.1294117647058823373 ) ;
#4508 = CARTESIAN_POINT ( 'NONE',  ( 0.7215786042045757576, 1.249032741641795008, 0.9000000000000000222 ) ) ;
#4509 = CARTESIAN_POINT ( 'NONE',  ( 1.096020988061430446, 1.194147219940378868, 0.9000000000000000222 ) ) ;
#4510 = CARTESIAN_POINT ( 'NONE',  ( 1.188550417187556274, 1.333840068150567770, 0.9100000000000000311 ) ) ;
#4511 = ORIENTED_EDGE ( 'NONE', *, *, #3748, .F. ) ;
#4512 = EDGE_LOOP ( 'NONE', ( #1621, #8966, #5837, #4586 ) ) ;
#4513 = CARTESIAN_POINT ( 'NONE',  ( 1.040271598510909890, 1.282353954592944989, 0.9000000000000000222 ) ) ;
#4514 = AXIS2_PLACEMENT_3D ( 'NONE', #7356, #1612, #3830 ) ;
#4515 = VERTEX_POINT ( 'NONE', #5466 ) ;
#4516 = CARTESIAN_POINT ( 'NONE',  ( 1.150388897934828458, 1.163992340966802930, 0.9100000000000000311 ) ) ;
#4517 = EDGE_CURVE ( 'NONE', #6894, #8996, #6165, .T. ) ;
#4518 = CARTESIAN_POINT ( 'NONE',  ( 1.126175867035005496, 1.188502464270565273, 0.9000000000000000222 ) ) ;
#4519 = CARTESIAN_POINT ( 'NONE',  ( 1.083676798688548049, 1.220083386781760870, 0.9000000000000000222 ) ) ;
#4520 = VECTOR ( 'NONE', #8460, 1000.000000000000000 ) ;
#4521 = ORIENTED_EDGE ( 'NONE', *, *, #4635, .T. ) ;
#4522 = SURFACE_STYLE_USAGE ( .BOTH. , #2346 ) ;
#4523 = FACE_OUTER_BOUND ( 'NONE', #9314, .T. ) ;
#4524 = CARTESIAN_POINT ( 'NONE',  ( 1.126755197222115923, 1.208496783037992017, 0.9100000000000000311 ) ) ;
#4525 = CARTESIAN_POINT ( 'NONE',  ( 0.7967746845690611979, 1.291175612597763145, 0.9100000000000000311 ) ) ;
#4526 = CARTESIAN_POINT ( 'NONE',  ( 1.238996707332299385, 1.323293287820081598, 0.9000000000000000222 ) ) ;
#4527 = ORIENTED_EDGE ( 'NONE', *, *, #5708, .T. ) ;
#4528 = DIRECTION ( 'NONE',  ( -0.000000000000000000, 1.000000000000000000, -0.000000000000000000 ) ) ;
#4529 = DIRECTION ( 'NONE',  ( 1.000000000000000000, 0.000000000000000000, 0.000000000000000000 ) ) ;
#4530 =( LENGTH_UNIT ( ) NAMED_UNIT ( * ) SI_UNIT ( .MILLI., .METRE. ) );
#4531 = LINE ( 'NONE', #2488, #390 ) ;
#4532 = LINE ( 'NONE', #6680, #3591 ) ;
#4533 = EDGE_CURVE ( 'NONE', #2288, #8325, #436, .T. ) ;
#4534 = CARTESIAN_POINT ( 'NONE',  ( 1.223637030062156406, 1.234967716206178068, 0.9100000000000000311 ) ) ;
#4535 = ORIENTED_EDGE ( 'NONE', *, *, #1610, .F. ) ;
#4536 = CARTESIAN_POINT ( 'NONE',  ( -1.559709140666522442, -0.8630693797340811546, -0.02000000000000000042 ) ) ;
#4537 = EDGE_CURVE ( 'NONE', #7425, #8607, #8348, .T. ) ;
#4538 = ORIENTED_EDGE ( 'NONE', *, *, #70, .T. ) ;
#4539 = VECTOR ( 'NONE', #2991, 1000.000000000000000 ) ;
#4540 = VECTOR ( 'NONE', #9136, 1000.000000000000000 ) ;
#4541 = VECTOR ( 'NONE', #7432, 1000.000000000000000 ) ;
#4542 = UNCERTAINTY_MEASURE_WITH_UNIT (LENGTH_MEASURE( 1.000000000000000082E-05 ), #2292, 'distance_accuracy_value', 'NONE');
#4543 = VECTOR ( 'NONE', #5035, 1000.000000000000000 ) ;
#4544 = FACE_OUTER_BOUND ( 'NONE', #5152, .T. ) ;
#4545 = B_SPLINE_CURVE_WITH_KNOTS ( 'NONE', 3,
 ( #3343, #6186, #8989, #5483 ),
 .UNSPECIFIED., .F., .F.,
 ( 4, 4 ),
 ( 5.000000000000000000, 6.000000000000000000 ),
 .UNSPECIFIED. ) ;
#4546 = CARTESIAN_POINT ( 'NONE',  ( 1.170665454486224943, 1.327155489067869620, 0.9100000000000000311 ) ) ;
#4547 = CARTESIAN_POINT ( 'NONE',  ( 1.300346288691936580, 1.199435464725793210, 0.9100000000000000311 ) ) ;
#4548 = DIRECTION ( 'NONE',  ( -0.8863488427958780003, -0.4630180653866627360, 0.000000000000000000 ) ) ;
#4549 = FACE_OUTER_BOUND ( 'NONE', #3478, .T. ) ;
#4550 = VECTOR ( 'NONE', #1625, 1000.000000000000000 ) ;
#4551 = CARTESIAN_POINT ( 'NONE',  ( 1.000000000000000000, 0.000000000000000000, -0.02000000000000000042 ) ) ;
#4552 = CARTESIAN_POINT ( 'NONE',  ( 0.9219637340171907836, 1.327947293583841670, 0.9100000000000000311 ) ) ;
#4553 = CARTESIAN_POINT ( 'NONE',  ( 1.196215401202468831, 1.321688988840056922, 0.9100000000000000311 ) ) ;
#4554 = ORIENTED_EDGE ( 'NONE', *, *, #7953, .F. ) ;
#4555 = PRESENTATION_LAYER_ASSIGNMENT (  '', '', ( #323 ) ) ;
#4556 = VERTEX_POINT ( 'NONE', #4750 ) ;
#4557 = ORIENTED_EDGE ( 'NONE', *, *, #7780, .T. ) ;
#4558 = VERTEX_POINT ( 'NONE', #4699 ) ;
#4559 = CARTESIAN_POINT ( 'NONE',  ( 1.250000000000000000, 1.450000000000000400, -0.02000000000000000042 ) ) ;
#4560 = ORIENTED_EDGE ( 'NONE', *, *, #7595, .F. ) ;
#4561 = DIRECTION ( 'NONE',  ( -0.000000000000000000, -0.000000000000000000, 1.000000000000000000 ) ) ;
#4562 = ORIENTED_EDGE ( 'NONE', *, *, #4673, .T. ) ;
#4563 = VERTEX_POINT ( 'NONE', #7743 ) ;
#4564 = CARTESIAN_POINT ( 'NONE',  ( 1.105141724854496799, 1.326917815144800894, 0.9000000000000000222 ) ) ;
#4565 = ADVANCED_FACE ( 'NONE', ( #2608 ), #6880, .F. ) ;
#4566 = ADVANCED_FACE ( 'NONE', ( #2656 ), #4648, .F. ) ;
#4567 = ORIENTED_EDGE ( 'NONE', *, *, #2268, .T. ) ;
#4568 = CARTESIAN_POINT ( 'NONE',  ( 1.079770033580256250, 1.321599861119052921, 0.9000000000000000222 ) ) ;
#4569 =( GEOMETRIC_REPRESENTATION_CONTEXT ( 3 ) GLOBAL_UNCERTAINTY_ASSIGNED_CONTEXT ( ( #8564 ) ) GLOBAL_UNIT_ASSIGNED_CONTEXT ( ( #5765, #1448, #2056 ) ) REPRESENTATION_CONTEXT ( 'NONE', 'WORKASPACE' ) );
#4570 = AXIS2_PLACEMENT_3D ( 'NONE', #706, #8575, #7243 ) ;
#4571 = CARTESIAN_POINT ( 'NONE',  ( 1.134761837501267800, 1.194117510700045459, 0.9100000000000000311 ) ) ;
#4572 = CARTESIAN_POINT ( 'NONE',  ( 0.8199119224860166311, 1.180860465222669520, 0.9000000000000000222 ) ) ;
#4573 = CARTESIAN_POINT ( 'NONE',  ( 1.075046264361588344, 1.215062525159354978, 0.9000000000000000222 ) ) ;
#4574 = B_SPLINE_SURFACE_WITH_KNOTS ( 'NONE', 3, 1, ( 
 ( #3715, #1593 ),
 ( #6618, #5913 ),
 ( #8810, #8139 ),
 ( #2307, #3090 ) ),
 .UNSPECIFIED., .F., .F., .F.,
 ( 4, 4 ),
 ( 2, 2 ),
 ( 23.00000000000000000, 24.00000000000000000 ),
 ( 0.000000000000000000, 1.000000000000000000 ),
 .UNSPECIFIED. ) ;
#4575 = CARTESIAN_POINT ( 'NONE',  ( 1.123962528627540758, 1.218538506282406564, 0.9100000000000000311 ) ) ;
#4576 = CARTESIAN_POINT ( 'NONE',  ( 0.7215786042045757576, 1.249032741641795008, 0.9000000000000000222 ) ) ;
#4577 = EDGE_CURVE ( 'NONE', #7034, #7486, #386, .T. ) ;
#4578 = FACE_OUTER_BOUND ( 'NONE', #7878, .T. ) ;
#4579 = ORIENTED_EDGE ( 'NONE', *, *, #4145, .T. ) ;
#4580 = LINE ( 'NONE', #803, #7834 ) ;
#4581 = DIRECTION ( 'NONE',  ( 0.000000000000000000, -0.000000000000000000, -1.000000000000000000 ) ) ;
#4582 = FILL_AREA_STYLE_COLOUR ( '', #2973 ) ;
#4583 = DIRECTION ( 'NONE',  ( -1.000000000000000000, -0.000000000000000000, -0.000000000000000000 ) ) ;
#4584 = CARTESIAN_POINT ( 'NONE',  ( 1.109301018506022807, 1.285324878629917844, 0.9000000000000000222 ) ) ;
#4585 = LINE ( 'NONE', #4534, #2251 ) ;
#4586 = ORIENTED_EDGE ( 'NONE', *, *, #7845, .T. ) ;
#4587 = CARTESIAN_POINT ( 'NONE',  ( 0.8186724299899691415, 1.308115364392980151, 0.9000000000000000222 ) ) ;
#4588 = EDGE_CURVE ( 'NONE', #9018, #6111, #5615, .T. ) ;
#4589 = CARTESIAN_POINT ( 'NONE',  ( 0.9017186321234433866, 1.208955712526911475, 0.9000000000000000222 ) ) ;
#4590 = B_SPLINE_CURVE_WITH_KNOTS ( 'NONE', 3,
 ( #6998, #2618, #1960, #7647 ),
 .UNSPECIFIED., .F., .F.,
 ( 4, 4 ),
 ( 4.000000000000000000, 5.000000000000000000 ),
 .UNSPECIFIED. ) ;
#4591 = EDGE_CURVE ( 'NONE', #4139, #118, #4349, .T. ) ;
#4592 = LINE ( 'NONE', #6686, #1786 ) ;
#4593 = EDGE_LOOP ( 'NONE', ( #6666, #4014, #2425, #501 ) ) ;
#4594 = PRESENTATION_STYLE_ASSIGNMENT (( #3873 ) ) ;
#4595 = CARTESIAN_POINT ( 'NONE',  ( 1.068272557557687463, 1.287969001022424509, 0.9000000000000000222 ) ) ;
#4596 = CARTESIAN_POINT ( 'NONE',  ( 1.154978975571796962, 1.170231281444096716, 0.9000000000000000222 ) ) ;
#4597 = FACE_OUTER_BOUND ( 'NONE', #4205, .T. ) ;
#4598 =( NAMED_UNIT ( * ) PLANE_ANGLE_UNIT ( ) SI_UNIT ( $, .RADIAN. ) );
#4599 = CARTESIAN_POINT ( 'NONE',  ( 1.151651540650414196, 1.170231281444096716, 0.9100000000000000311 ) ) ;
#4600 = ORIENTED_EDGE ( 'NONE', *, *, #3400, .F. ) ;
#4601 = VERTEX_POINT ( 'NONE', #7933 ) ;
#4602 = ORIENTED_EDGE ( 'NONE', *, *, #7166, .T. ) ;
#4603 = ORIENTED_EDGE ( 'NONE', *, *, #3004, .F. ) ;
#4604 = ORIENTED_EDGE ( 'NONE', *, *, #2347, .T. ) ;
#4605 = EDGE_CURVE ( 'NONE', #7128, #8638, #8555, .T. ) ;
#4606 = CARTESIAN_POINT ( 'NONE',  ( 1.097060811474313002, 1.204367198627195545, 0.9100000000000000311 ) ) ;
#4607 = CARTESIAN_POINT ( 'NONE',  ( 0.7947088506078845427, 1.206063552861807775, 0.9000000000000000222 ) ) ;
#4608 = CARTESIAN_POINT ( 'NONE',  ( 1.151651540650414196, 1.170231281444096716, 0.9000000000000000222 ) ) ;
#4609 = VERTEX_POINT ( 'NONE', #633 ) ;
#4610 = ORIENTED_EDGE ( 'NONE', *, *, #6233, .F. ) ;
#4611 = VERTEX_POINT ( 'NONE', #9301 ) ;
#4612 = DIRECTION ( 'NONE',  ( -0.000000000000000000, 0.000000000000000000, 1.000000000000000000 ) ) ;
#4613 = EDGE_LOOP ( 'NONE', ( #4841, #7266, #1062, #6283 ) ) ;
#4614 = PLANE ( 'NONE',  #7999 ) ;
#4615 = ORIENTED_EDGE ( 'NONE', *, *, #736, .F. ) ;
#4616 = CARTESIAN_POINT ( 'NONE',  ( 0.8661864298425271391, 1.324641973037194775, 0.9000000000000000222 ) ) ;
#4617 = CARTESIAN_POINT ( 'NONE',  ( 1.221988167221613963, 1.275728793990915433, 0.9100000000000000311 ) ) ;
#4618 = CARTESIAN_POINT ( 'NONE',  ( -1.500000000000000000, -1.500000000000000222, 0.9000000000000000222 ) ) ;
#4619 = EDGE_CURVE ( 'NONE', #6497, #3794, #7075, .T. ) ;
#4620 = CARTESIAN_POINT ( 'NONE',  ( 1.124408167233147404, 1.209685152652943518, 0.9100000000000000311 ) ) ;
#4621 = VECTOR ( 'NONE', #3326, 1000.000000000000000 ) ;
#4622 = PLANE ( 'NONE',  #2516 ) ;
#4623 = EDGE_CURVE ( 'NONE', #5492, #1549, #6548, .T. ) ;
#4624 = CARTESIAN_POINT ( 'NONE',  ( 1.122283956546684003, 1.211556834795970872, 0.9000000000000000222 ) ) ;
#4625 = LINE ( 'NONE', #8236, #8888 ) ;
#4626 = CARTESIAN_POINT ( 'NONE',  ( 1.079368958835152492, 1.287553071657355330, 0.9000000000000000222 ) ) ;
#4627 = CARTESIAN_POINT ( 'NONE',  ( 1.096020988061430446, 1.194147219940378868, 0.9000000000000000222 ) ) ;
#4628 = LINE ( 'NONE', #3200, #3 ) ;
#4629 = ORIENTED_EDGE ( 'NONE', *, *, #8680, .T. ) ;
#4630 = CARTESIAN_POINT ( 'NONE',  ( 1.202588033261660083, 1.298070142747509648, 0.9100000000000000311 ) ) ;
#4631 = ORIENTED_EDGE ( 'NONE', *, *, #2451, .F. ) ;
#4632 = CARTESIAN_POINT ( 'NONE',  ( 1.063415096757715395, 1.275728793990911436, 0.9000000000000000222 ) ) ;
#4633 = DIRECTION ( 'NONE',  ( 0.000000000000000000, -0.000000000000000000, -1.000000000000000000 ) ) ;
#4634 = ORIENTED_EDGE ( 'NONE', *, *, #722, .T. ) ;
#4635 = EDGE_CURVE ( 'NONE', #101, #1236, #8593, .T. ) ;
#4636 = CARTESIAN_POINT ( 'NONE',  ( 1.162302303322470420, 1.183630148850227437, 0.9100000000000000311 ) ) ;
#4637 = DIRECTION ( 'NONE',  ( -0.000000000000000000, -1.000000000000000000, -0.000000000000000000 ) ) ;
#4638 = CARTESIAN_POINT ( 'NONE',  ( -0.7500000000000000000, -1.450000000000000400, -0.02000000000000000042 ) ) ;
#4639 = CARTESIAN_POINT ( 'NONE',  ( 1.311412980729066646, 1.230154819266510824, 0.9000000000000000222 ) ) ;
#4640 = DIRECTION ( 'NONE',  ( -0.9910683662997337162, -0.1333547648941603436, 0.000000000000000000 ) ) ;
#4641 = ORIENTED_EDGE ( 'NONE', *, *, #3611, .T. ) ;
#4642 = EDGE_LOOP ( 'NONE', ( #2205, #783, #4098, #732 ) ) ;
#4643 = AXIS2_PLACEMENT_3D ( 'NONE', #8189, #5820, #140 ) ;
#4644 = VECTOR ( 'NONE', #3139, 1000.000000000000000 ) ;
#4645 = ORIENTED_EDGE ( 'NONE', *, *, #928, .T. ) ;
#4646 = ORIENTED_EDGE ( 'NONE', *, *, #128, .T. ) ;
#4647 = ORIENTED_EDGE ( 'NONE', *, *, #1691, .F. ) ;
#4648 = B_SPLINE_SURFACE_WITH_KNOTS ( 'NONE', 3, 1, ( 
 ( #9205, #5555 ),
 ( #5606, #4898 ),
 ( #3215, #6120 ),
 ( #8294, #1807 ) ),
 .UNSPECIFIED., .F., .F., .F.,
 ( 4, 4 ),
 ( 2, 2 ),
 ( 8.000000000000000000, 9.000000000000000000 ),
 ( 0.000000000000000000, 1.000000000000000000 ),
 .UNSPECIFIED. ) ;
#4649 = CARTESIAN_POINT ( 'NONE',  ( 1.118911957764999965, 1.222697799933933682, 0.9100000000000000311 ) ) ;
#4650 = CARTESIAN_POINT ( 'NONE',  ( 1.235936655574719101, 1.183541021129224102, 0.9100000000000000311 ) ) ;
#4651 = CARTESIAN_POINT ( 'NONE',  ( 1.130409433787367801, 1.207070739500372580, 0.9100000000000000311 ) ) ;
#4652 = MECHANICAL_DESIGN_GEOMETRIC_PRESENTATION_REPRESENTATION (  '', ( #9362 ), #3130 ) ;
#4653 = VECTOR ( 'NONE', #8803, 1000.000000000000000 ) ;
#4654 = ORIENTED_EDGE ( 'NONE', *, *, #128, .F. ) ;
#4655 = EDGE_CURVE ( 'NONE', #1210, #488, #5038, .T. ) ;
#4656 = CARTESIAN_POINT ( 'NONE',  ( 1.134761837501267800, 1.195721809680069914, 0.9000000000000000222 ) ) ;
#4657 = EDGE_CURVE ( 'NONE', #1878, #3613, #1756, .T. ) ;
#4658 = EDGE_LOOP ( 'NONE', ( #3351, #487, #8834, #2941 ) ) ;
#4659 = VERTEX_POINT ( 'NONE', #61 ) ;
#4660 = VECTOR ( 'NONE', #8647, 1000.000000000000000 ) ;
#4661 = VECTOR ( 'NONE', #8090, 1000.000000000000000 ) ;
#4662 = ORIENTED_EDGE ( 'NONE', *, *, #6293, .F. ) ;
#4663 = ORIENTED_EDGE ( 'NONE', *, *, #7327, .T. ) ;
#4664 = STYLED_ITEM ( 'NONE', ( #8123 ), #811 ) ;
#4665 = CARTESIAN_POINT ( 'NONE',  ( 1.170665454486224943, 1.327155489067869620, 0.9100000000000000311 ) ) ;
#4666 = CARTESIAN_POINT ( 'NONE',  ( 0.8108222924599810533, 1.180860465222669520, 0.9100000000000000311 ) ) ;
#4667 = CARTESIAN_POINT ( 'NONE',  ( 1.152216016217553651, 1.163992340966802930, 0.9000000000000000222 ) ) ;
#4668 = EDGE_CURVE ( 'NONE', #8274, #7513, #2931, .T. ) ;
#4669 = MECHANICAL_DESIGN_GEOMETRIC_PRESENTATION_REPRESENTATION (  '', ( #2994 ), #596 ) ;
#4670 = PRESENTATION_LAYER_ASSIGNMENT (  '', '', ( #8911 ) ) ;
#4671 = CARTESIAN_POINT ( 'NONE',  ( 1.235936655574719101, 1.183541021129224102, 0.9000000000000000222 ) ) ;
#4672 = ORIENTED_EDGE ( 'NONE', *, *, #7689, .F. ) ;
#4673 = EDGE_CURVE ( 'NONE', #2888, #6614, #5941, .T. ) ;
#4674 = ORIENTED_EDGE ( 'NONE', *, *, #928, .F. ) ;
#4675 = FILL_AREA_STYLE ('',( #9096 ) ) ;
#4676 = VERTEX_POINT ( 'NONE', #2887 ) ;
#4677 = VECTOR ( 'NONE', #4136, 1000.000000000000000 ) ;
#4678 = FACE_OUTER_BOUND ( 'NONE', #4593, .T. ) ;
#4679 = CARTESIAN_POINT ( 'NONE',  ( 1.091876549030068588, 1.189661124644782575, 0.9100000000000000311 ) ) ;
#4680 = CARTESIAN_POINT ( 'NONE',  ( 1.338760336487901048, 1.183541021129224102, 0.9100000000000000311 ) ) ;
#4681 = LINE ( 'NONE', #8278, #881 ) ;
#4682 = DIRECTION ( 'NONE',  ( -1.000000000000000000, -0.000000000000000000, -0.000000000000000000 ) ) ;
#4683 = ORIENTED_EDGE ( 'NONE', *, *, #3175, .F. ) ;
#4684 = CARTESIAN_POINT ( 'NONE',  ( 1.251771680690619837, 1.291623237587880224, 0.9100000000000000311 ) ) ;
#4685 = CARTESIAN_POINT ( 'NONE',  ( 1.201711610670615382, 1.326145374895321360, 0.9100000000000000311 ) ) ;
#4686 = ADVANCED_FACE ( 'NONE', ( #4262 ), #5263, .F. ) ;
#4687 = ADVANCED_FACE ( 'NONE', ( #8544 ), #3810, .F. ) ;
#4688 = ORIENTED_EDGE ( 'NONE', *, *, #1306, .F. ) ;
#4689 = PRESENTATION_LAYER_ASSIGNMENT (  '', '', ( #4384 ) ) ;
#4690 = DIRECTION ( 'NONE',  ( 0.000000000000000000, 1.000000000000000000, 0.000000000000000000 ) ) ;
#4691 = VERTEX_POINT ( 'NONE', #4218 ) ;
#4692 = CARTESIAN_POINT ( 'NONE',  ( 0.8475940029981404722, 1.349431886003709113, 0.9000000000000000222 ) ) ;
#4693 = DIRECTION ( 'NONE',  ( -1.000000000000000000, 0.000000000000000000, -0.000000000000000000 ) ) ;
#4694 = DIRECTION ( 'NONE',  ( -0.000000000000000000, -0.000000000000000000, -1.000000000000000000 ) ) ;
#4695 = CARTESIAN_POINT ( 'NONE',  ( 1.137554506095840301, 1.185858341877657818, 0.9000000000000000222 ) ) ;
#4696 = CARTESIAN_POINT ( 'NONE',  ( 0.7215786042045757576, 1.266798842781855505, 0.9100000000000000311 ) ) ;
#4697 = EDGE_LOOP ( 'NONE', ( #3885, #5559, #6113, #670 ) ) ;
#4698 = DIRECTION ( 'NONE',  ( -0.000000000000000000, -1.000000000000000000, -0.000000000000000000 ) ) ;
#4699 = CARTESIAN_POINT ( 'NONE',  ( 1.202588033261658085, 1.305319197397347697, 0.9100000000000000311 ) ) ;
#4700 = VERTEX_POINT ( 'NONE', #7125 ) ;
#4701 = ADVANCED_FACE ( 'NONE', ( #2132 ), #2381, .F. ) ;
#4702 = B_SPLINE_CURVE_WITH_KNOTS ( 'NONE', 3,
 ( #3985, #3422, #6888, #393 ),
 .UNSPECIFIED., .F., .F.,
 ( 4, 4 ),
 ( 4.000000000000000000, 5.000000000000000000 ),
 .UNSPECIFIED. ) ;
#4703 = ORIENTED_EDGE ( 'NONE', *, *, #4003, .F. ) ;
#4704 = VECTOR ( 'NONE', #7008, 1000.000000000000000 ) ;
#4705 = ORIENTED_EDGE ( 'NONE', *, *, #4502, .T. ) ;
#4706 = ORIENTED_EDGE ( 'NONE', *, *, #3920, .F. ) ;
#4707 = EDGE_CURVE ( 'NONE', #5431, #2971, #280, .T. ) ;
#4708 = FILL_AREA_STYLE_COLOUR ( '', #391 ) ;
#4709 = DIRECTION ( 'NONE',  ( 0.000000000000000000, 1.000000000000000000, -0.000000000000000000 ) ) ;
#4710 = VECTOR ( 'NONE', #4830, 1000.000000000000000 ) ;
#4711 = ORIENTED_EDGE ( 'NONE', *, *, #8529, .F. ) ;
#4712 = CARTESIAN_POINT ( 'NONE',  ( 1.151651540650414196, 1.170231281444096716, 0.9100000000000000311 ) ) ;
#4713 = ORIENTED_EDGE ( 'NONE', *, *, #2718, .T. ) ;
#4714 = ORIENTED_EDGE ( 'NONE', *, *, #4623, .T. ) ;
#4715 = VECTOR ( 'NONE', #227, 1000.000000000000000 ) ;
#4716 = ORIENTED_EDGE ( 'NONE', *, *, #3400, .T. ) ;
#4717 = ORIENTED_EDGE ( 'NONE', *, *, #1639, .F. ) ;
#4718 = B_SPLINE_CURVE_WITH_KNOTS ( 'NONE', 3,
 ( #6178, #6942, #7086, #4575 ),
 .UNSPECIFIED., .F., .F.,
 ( 4, 4 ),
 ( 12.00000000000000000, 13.00000000000000000 ),
 .UNSPECIFIED. ) ;
#4719 = EDGE_CURVE ( 'NONE', #2320, #8976, #1706, .T. ) ;
#4720 = DIRECTION ( 'NONE',  ( -0.000000000000000000, -0.000000000000000000, -1.000000000000000000 ) ) ;
#4721 = DIRECTION ( 'NONE',  ( -1.000000000000000000, 0.000000000000000000, -0.000000000000000000 ) ) ;
#4722 = DIRECTION ( 'NONE',  ( -0.000000000000000000, 1.000000000000000000, -0.000000000000000000 ) ) ;
#4723 = LINE ( 'NONE', #1969, #3782 ) ;
#4724 = ORIENTED_EDGE ( 'NONE', *, *, #8429, .F. ) ;
#4725 = CARTESIAN_POINT ( 'NONE',  ( 0.9595617623785821504, 1.240769437319490187, 0.9100000000000000311 ) ) ;
#4726 = ORIENTED_EDGE ( 'NONE', *, *, #5162, .F. ) ;
#4727 = B_SPLINE_CURVE_WITH_KNOTS ( 'NONE', 3,
 ( #204, #4487, #4397, #1517 ),
 .UNSPECIFIED., .F., .F.,
 ( 4, 4 ),
 ( 5.000000000000000000, 6.000000000000000000 ),
 .UNSPECIFIED. ) ;
#4728 =( NAMED_UNIT ( * ) PLANE_ANGLE_UNIT ( ) SI_UNIT ( $, .RADIAN. ) );
#4729 = AXIS2_PLACEMENT_3D ( 'NONE', #16, #8635, #3679 ) ;
#4730 = EDGE_CURVE ( 'NONE', #6839, #7889, #6849, .T. ) ;
#4731 = CARTESIAN_POINT ( 'NONE',  ( 1.118911957764999965, 1.222697799933933682, 0.9100000000000000311 ) ) ;
#4732 = CARTESIAN_POINT ( 'NONE',  ( 1.159108559982791276, 1.176084001796648515, 0.9100000000000000311 ) ) ;
#4733 = DIRECTION ( 'NONE',  ( 0.000000000000000000, -1.000000000000000000, 0.000000000000000000 ) ) ;
#4734 = CARTESIAN_POINT ( 'NONE',  ( 1.122031428003644971, 1.224896283721431445, 0.9000000000000000222 ) ) ;
#4735 = DIRECTION ( 'NONE',  ( -0.000000000000000000, -0.000000000000000000, -1.000000000000000000 ) ) ;
#4736 = ORIENTED_EDGE ( 'NONE', *, *, #789, .F. ) ;
#4737 = CARTESIAN_POINT ( 'NONE',  ( 1.075581030688395279, 1.206922193298701762, 0.9100000000000000311 ) ) ;
#4738 = DIRECTION ( 'NONE',  ( -0.000000000000000000, -0.000000000000000000, -1.000000000000000000 ) ) ;
#4739 = ORIENTED_EDGE ( 'NONE', *, *, #5239, .T. ) ;
#4740 = B_SPLINE_SURFACE_WITH_KNOTS ( 'NONE', 3, 1, ( 
 ( #8585, #4983 ),
 ( #9342, #4932 ),
 ( #521, #8436 ),
 ( #7825, #3412 ) ),
 .UNSPECIFIED., .F., .F., .F.,
 ( 4, 4 ),
 ( 2, 2 ),
 ( 3.000000000000000000, 4.000000000000000000 ),
 ( 0.000000000000000000, 1.000000000000000000 ),
 .UNSPECIFIED. ) ;
#4741 = DIRECTION ( 'NONE',  ( -0.3283461648125085008, 0.9445574604294419974, -0.000000000000000000 ) ) ;
#4742 = CARTESIAN_POINT ( 'NONE',  ( 0.8021458213457586250, 1.180860465222669520, 0.9000000000000000222 ) ) ;
#4743 = ORIENTED_EDGE ( 'NONE', *, *, #7461, .F. ) ;
#4744 = PLANE ( 'NONE',  #7452 ) ;
#4745 = CARTESIAN_POINT ( 'NONE',  ( 1.140243192349245760, 1.224153552711890303, 0.9000000000000000222 ) ) ;
#4746 = CARTESIAN_POINT ( 'NONE',  ( 1.142233711453809475, 1.194830532468855955, 0.9100000000000000311 ) ) ;
#4747 = CARTESIAN_POINT ( 'NONE',  ( 1.109301018506022807, 1.332443733853280632, 0.9100000000000000311 ) ) ;
#4748 = ORIENTED_EDGE ( 'NONE', *, *, #9148, .T. ) ;
#4749 = DIRECTION ( 'NONE',  ( -1.000000000000000000, -0.000000000000000000, -0.000000000000000000 ) ) ;
#4750 = CARTESIAN_POINT ( 'NONE',  ( 1.250000000000000000, 1.450000000000000400, -0.02000000000000000042 ) ) ;
#4751 = EDGE_CURVE ( 'NONE', #7440, #6572, #5214, .T. ) ;
#4752 = EDGE_LOOP ( 'NONE', ( #1747, #4814, #2559, #5054 ) ) ;
#4753 = ORIENTED_EDGE ( 'NONE', *, *, #4198, .T. ) ;
#4754 = ORIENTED_EDGE ( 'NONE', *, *, #7292, .T. ) ;
#4755 = CARTESIAN_POINT ( 'NONE',  ( 0.9240295600976676793, 1.272996321023685207, 0.9000000000000000222 ) ) ;
#4756 = CARTESIAN_POINT ( 'NONE',  ( 0.9298138636666800627, 1.208542553615299164, 0.9100000000000000311 ) ) ;
#4757 = ADVANCED_FACE ( 'NONE', ( #7346 ), #238, .F. ) ;
#4758 = LINE ( 'NONE', #7701, #6032 ) ;
#4759 = LINE ( 'NONE', #2716, #4074 ) ;
#4760 = VERTEX_POINT ( 'NONE', #152 ) ;
#4762 = ADVANCED_FACE ( 'NONE', ( #2964 ), #6936, .F. ) ;
#4761 = PLANE ( 'NONE',  #2692 ) ;
#4763 = EDGE_LOOP ( 'NONE', ( #5013, #5610, #14, #506 ) ) ;
#4764 = ORIENTED_EDGE ( 'NONE', *, *, #6558, .T. ) ;
#4765 = ORIENTED_EDGE ( 'NONE', *, *, #6990, .F. ) ;
#4766 = VERTEX_POINT ( 'NONE', #903 ) ;
#4767 = ORIENTED_EDGE ( 'NONE', *, *, #957, .F. ) ;
#4768 = ORIENTED_EDGE ( 'NONE', *, *, #6559, .T. ) ;
#4769 = CARTESIAN_POINT ( 'NONE',  ( 1.252217319296026199, 1.234967716206178068, 0.9100000000000000311 ) ) ;
#4770 = EDGE_CURVE ( 'NONE', #7788, #3117, #200, .T. ) ;
#4771 = LINE ( 'NONE', #4109, #3654 ) ;
#4772 = DIRECTION ( 'NONE',  ( -0.000000000000000000, -0.000000000000000000, -1.000000000000000000 ) ) ;
#4773 = LINE ( 'NONE', #6856, #8497 ) ;
#4774 = VERTEX_POINT ( 'NONE', #3058 ) ;
#4775 = PLANE ( 'NONE',  #9048 ) ;
#4776 = VECTOR ( 'NONE', #8042, 1000.000000000000000 ) ;
#4777 = EDGE_CURVE ( 'NONE', #7788, #9221, #5967, .T. ) ;
#4778 = ORIENTED_EDGE ( 'NONE', *, *, #530, .T. ) ;
#4779 = ORIENTED_EDGE ( 'NONE', *, *, #8020, .T. ) ;
#4780 = FILL_AREA_STYLE_COLOUR ( '', #3726 ) ;
#4781 = FACE_OUTER_BOUND ( 'NONE', #4362, .T. ) ;
#4782 = CARTESIAN_POINT ( 'NONE',  ( 1.089232426637364082, 1.188532173510895351, 0.9100000000000000311 ) ) ;
#4783 = B_SPLINE_CURVE_WITH_KNOTS ( 'NONE', 3,
 ( #5613, #8553, #3265, #8401 ),
 .UNSPECIFIED., .F., .F.,
 ( 4, 4 ),
 ( 28.00000000000000000, 29.00000000000000000 ),
 .UNSPECIFIED. ) ;
#4784 = CARTESIAN_POINT ( 'NONE',  ( 1.193704970391464837, 1.241652295288878660, 0.9100000000000000311 ) ) ;
#4785 = DIRECTION ( 'NONE',  ( -1.000000000000000000, 0.000000000000000000, 0.000000000000000000 ) ) ;
#4786 = LINE ( 'NONE', #416, #8473 ) ;
#4787 = ORIENTED_EDGE ( 'NONE', *, *, #8039, .F. ) ;
#4788 = CARTESIAN_POINT ( 'NONE',  ( 1.202588033261658085, 1.305319197397347697, 0.9100000000000000311 ) ) ;
#4789 = EDGE_CURVE ( 'NONE', #6602, #3662, #949, .T. ) ;
#4790 = CARTESIAN_POINT ( 'NONE',  ( 1.133632886367381687, 1.220083386781760870, 0.9100000000000000311 ) ) ;
#4791 = VECTOR ( 'NONE', #9101, 1000.000000000000000 ) ;
#4792 = VERTEX_POINT ( 'NONE', #2411 ) ;
#4793 = ORIENTED_EDGE ( 'NONE', *, *, #6247, .T. ) ;
#4794 = CARTESIAN_POINT ( 'NONE',  ( 0.7947088506078845427, 1.206063552861807775, 0.9100000000000000311 ) ) ;
#4795 =( NAMED_UNIT ( * ) PLANE_ANGLE_UNIT ( ) SI_UNIT ( $, .RADIAN. ) );
#4796 = CARTESIAN_POINT ( 'NONE',  ( 1.166090231469228078, 1.190433564894261886, 0.9100000000000000311 ) ) ;
#4797 = CARTESIAN_POINT ( 'NONE',  ( 1.185861730934152147, 1.225044829923102929, 0.9100000000000000311 ) ) ;
#4798 = LINE ( 'NONE', #4935, #1227 ) ;
#4799 = VECTOR ( 'NONE', #1905, 1000.000000000000114 ) ;
#4800 = CARTESIAN_POINT ( 'NONE',  ( 0.7591766404464682649, 1.187471133898119424, 0.9100000000000000311 ) ) ;
#4801 = LINE ( 'NONE', #435, #4833 ) ;
#4802 = EDGE_LOOP ( 'NONE', ( #272, #8400, #298, #7400 ) ) ;
#4803 = EDGE_CURVE ( 'NONE', #4563, #2191, #8383, .T. ) ;
#4804 = VECTOR ( 'NONE', #911, 1000.000000000000000 ) ;
#4805 = ORIENTED_EDGE ( 'NONE', *, *, #7077, .T. ) ;
#4806 = VERTEX_POINT ( 'NONE', #2687 ) ;
#4807 = EDGE_CURVE ( 'NONE', #3794, #5824, #1194, .T. ) ;
#4808 = CARTESIAN_POINT ( 'NONE',  ( 1.150388897934828458, 1.163992340966802930, 0.9000000000000000222 ) ) ;
#4809 = CARTESIAN_POINT ( 'NONE',  ( 0.7389315424931681697, 1.203997742542332272, 0.9100000000000000311 ) ) ;
#4810 = CARTESIAN_POINT ( 'NONE',  ( 1.250000000000000000, 1.450000000000000400, 0.000000000000000000 ) ) ;
#4811 = LINE ( 'NONE', #3386, #5896 ) ;
#4812 = STYLED_ITEM ( 'NONE', ( #2960 ), #1370 ) ;
#4813 = SURFACE_STYLE_USAGE ( .BOTH. , #6234 ) ;
#4814 = ORIENTED_EDGE ( 'NONE', *, *, #216, .F. ) ;
#4815 = EDGE_LOOP ( 'NONE', ( #2148, #3171, #4980, #8855 ) ) ;
#4816 = EDGE_CURVE ( 'NONE', #490, #1762, #1888, .T. ) ;
#4817 = ORIENTED_EDGE ( 'NONE', *, *, #3068, .T. ) ;
#4818 = ORIENTED_EDGE ( 'NONE', *, *, #5108, .F. ) ;
#4819 =( GEOMETRIC_REPRESENTATION_CONTEXT ( 3 ) GLOBAL_UNCERTAINTY_ASSIGNED_CONTEXT ( ( #4876 ) ) GLOBAL_UNIT_ASSIGNED_CONTEXT ( ( #7718, #2530, #7100 ) ) REPRESENTATION_CONTEXT ( 'NONE', 'WORKASPACE' ) );
#4820 = SURFACE_STYLE_USAGE ( .BOTH. , #3428 ) ;
#4821 = VECTOR ( 'NONE', #807, 1000.000000000000000 ) ;
#4822 = CARTESIAN_POINT ( 'NONE',  ( 1.330471458425576348, 1.183541021129224102, 0.9100000000000000311 ) ) ;
#4823 = CARTESIAN_POINT ( 'NONE',  ( 1.210475836579079312, 1.314142841786481553, 0.9000000000000000222 ) ) ;
#4824 = DIRECTION ( 'NONE',  ( -0.000000000000000000, -0.000000000000000000, -1.000000000000000000 ) ) ;
#4825 = B_SPLINE_SURFACE_WITH_KNOTS ( 'NONE', 3, 1, ( 
 ( #7857, #1354 ),
 ( #4238, #5059 ),
 ( #7144, #3527 ),
 ( #1450, #5097 ) ),
 .UNSPECIFIED., .F., .F., .F.,
 ( 4, 4 ),
 ( 2, 2 ),
 ( 5.000000000000000000, 6.000000000000000000 ),
 ( 0.000000000000000000, 1.000000000000000000 ),
 .UNSPECIFIED. ) ;
#4826 = VECTOR ( 'NONE', #4950, 1000.000000000000000 ) ;
#4827 = MECHANICAL_DESIGN_GEOMETRIC_PRESENTATION_REPRESENTATION (  '', ( #7861 ), #2987 ) ;
#4828 = EDGE_LOOP ( 'NONE', ( #2785, #7893, #3136, #6987 ) ) ;
#4829 = EDGE_CURVE ( 'NONE', #2531, #4558, #4241, .T. ) ;
#4830 = DIRECTION ( 'NONE',  ( -0.9903286039881391556, -0.1387416884822416097, -0.000000000000000000 ) ) ;
#4831 = VECTOR ( 'NONE', #7377, 1000.000000000000114 ) ;
#4832 = CARTESIAN_POINT ( 'NONE',  ( 0.8525519808632221475, 1.197387105388890260, 0.9100000000000000311 ) ) ;
#4833 = VECTOR ( 'NONE', #7741, 1000.000000000000000 ) ;
#4834 = CARTESIAN_POINT ( 'NONE',  ( 1.083929327231785367, 1.225995525614980153, 0.9100000000000000311 ) ) ;
#4835 = VECTOR ( 'NONE', #172, 1000.000000000000000 ) ;
#4836 = DIRECTION ( 'NONE',  ( -1.000000000000000000, -2.982286546578955708E-12, 0.000000000000000000 ) ) ;
#4837 = EDGE_LOOP ( 'NONE', ( #6483, #6166, #3869, #1933 ) ) ;
#4838 = FACE_OUTER_BOUND ( 'NONE', #6534, .T. ) ;
#4839 = CARTESIAN_POINT ( 'NONE',  ( 0.7934693581118377192, 1.239116793792133686, 0.9000000000000000222 ) ) ;
#4840 = VECTOR ( 'NONE', #7577, 1000.000000000000000 ) ;
#4841 = ORIENTED_EDGE ( 'NONE', *, *, #7201, .F. ) ;
#4842 = CARTESIAN_POINT ( 'NONE',  ( -1.195490597087386142, -1.198655526412927497, 0.8799999999999998934 ) ) ;
#4843 = DIRECTION ( 'NONE',  ( 1.000000000000000000, 0.000000000000000000, 0.000000000000000000 ) ) ;
#4844 = LINE ( 'NONE', #7781, #2302 ) ;
#4845 = EDGE_CURVE ( 'NONE', #6632, #7499, #420, .T. ) ;
#4846 = DIRECTION ( 'NONE',  ( 0.3416038306815923908, -0.9398440417769652333, 0.000000000000000000 ) ) ;
#4847 = CARTESIAN_POINT ( 'NONE',  ( 1.163163871293149132, 1.333840068150567770, 0.9100000000000000311 ) ) ;
#4848 = ADVANCED_FACE ( 'NONE', ( #6204 ), #3405, .F. ) ;
#4849 = CARTESIAN_POINT ( 'NONE',  ( 0.9260953861781459073, 1.272996321023685207, 0.9000000000000000222 ) ) ;
#4850 = ORIENTED_EDGE ( 'NONE', *, *, #6233, .T. ) ;
#4851 = FACE_OUTER_BOUND ( 'NONE', #6225, .T. ) ;
#4852 = VECTOR ( 'NONE', #3684, 1000.000000000000000 ) ;
#4853 = DIRECTION ( 'NONE',  ( -0.000000000000000000, -0.000000000000000000, -1.000000000000000000 ) ) ;
#4854 = CARTESIAN_POINT ( 'NONE',  ( 1.126175867035005496, 1.188502464270565273, 0.9100000000000000311 ) ) ;
#4855 = VERTEX_POINT ( 'NONE', #5591 ) ;
#4856 = ORIENTED_EDGE ( 'NONE', *, *, #9035, .F. ) ;
#4857 = EDGE_CURVE ( 'NONE', #434, #7515, #7674, .T. ) ;
#4858 = CARTESIAN_POINT ( 'NONE',  ( 0.7480211764592570312, 1.194081771051166196, 0.9000000000000000222 ) ) ;
#4859 = AXIS2_PLACEMENT_3D ( 'NONE', #6102, #3095, #3913 ) ;
#4860 = CARTESIAN_POINT ( 'NONE',  ( 1.252217319296026199, 1.234967716206178068, 0.9000000000000000222 ) ) ;
#4861 = VERTEX_POINT ( 'NONE', #473 ) ;
#4862 =( LENGTH_UNIT ( ) NAMED_UNIT ( * ) SI_UNIT ( .MILLI., .METRE. ) );
#4863 = ORIENTED_EDGE ( 'NONE', *, *, #7555, .T. ) ;
#4864 = VECTOR ( 'NONE', #8807, 1000.000000000000000 ) ;
#4865 = VERTEX_POINT ( 'NONE', #1742 ) ;
#4866 = EDGE_LOOP ( 'NONE', ( #8397, #8267, #7276, #3433, #2506, #2534 ) ) ;
#4867 = ORIENTED_EDGE ( 'NONE', *, *, #6567, .F. ) ;
#4868 = CARTESIAN_POINT ( 'NONE',  ( 0.8194987635744022114, 1.213087364687867931, 0.9100000000000000311 ) ) ;
#4869 = CARTESIAN_POINT ( 'NONE',  ( 1.123962528627540758, 1.218538506282406564, 0.9100000000000000311 ) ) ;
#4870 = CARTESIAN_POINT ( 'NONE',  ( 0.7773559083790417823, 1.167639206676788888, 0.9000000000000000222 ) ) ;
#4871 =( GEOMETRIC_REPRESENTATION_CONTEXT ( 3 ) GLOBAL_UNCERTAINTY_ASSIGNED_CONTEXT ( ( #4953 ) ) GLOBAL_UNIT_ASSIGNED_CONTEXT ( ( #771, #5834, #1470 ) ) REPRESENTATION_CONTEXT ( 'NONE', 'WORKASPACE' ) );
#4872 = CARTESIAN_POINT ( 'NONE',  ( 1.097060811474313002, 1.189958217048518119, 0.9000000000000000222 ) ) ;
#4873 = EDGE_CURVE ( 'NONE', #8731, #6426, #3360, .T. ) ;
#4874 = LINE ( 'NONE', #1492, #7998 ) ;
#4875 = EDGE_CURVE ( 'NONE', #7037, #8996, #5400, .T. ) ;
#4876 = UNCERTAINTY_MEASURE_WITH_UNIT (LENGTH_MEASURE( 1.000000000000000082E-05 ), #7718, 'distance_accuracy_value', 'NONE');
#4877 = VERTEX_POINT ( 'NONE', #6817 ) ;
#4878 = DIRECTION ( 'NONE',  ( 0.000000000000000000, -0.000000000000000000, -1.000000000000000000 ) ) ;
#4879 = CARTESIAN_POINT ( 'NONE',  ( 1.084152146534487438, 1.182560616197007253, 0.9000000000000000222 ) ) ;
#4880 = ADVANCED_FACE ( 'NONE', ( #2645 ), #950, .F. ) ;
#4881 = CARTESIAN_POINT ( 'NONE',  ( 1.083929327231785367, 1.225995525614980153, 0.9000000000000000222 ) ) ;
#4882 = EDGE_CURVE ( 'NONE', #2146, #5371, #5277, .T. ) ;
#4883 = DIRECTION ( 'NONE',  ( -0.000000000000000000, -0.000000000000000000, -1.000000000000000000 ) ) ;
#4884 = VECTOR ( 'NONE', #8613, 1000.000000000000000 ) ;
#4885 = FILL_AREA_STYLE ('',( #4251 ) ) ;
#4886 = DIRECTION ( 'NONE',  ( -0.2524218971877646434, 0.9676172723862103142, -0.000000000000000000 ) ) ;
#4887 = VERTEX_POINT ( 'NONE', #8428 ) ;
#4888 = AXIS2_PLACEMENT_3D ( 'NONE', #1850, #430, #4693 ) ;
#4889 = CARTESIAN_POINT ( 'NONE',  ( 0.7947088506078845427, 1.187884277048731674, 0.9100000000000000311 ) ) ;
#4890 = ORIENTED_EDGE ( 'NONE', *, *, #7799, .F. ) ;
#4891 = CARTESIAN_POINT ( 'NONE',  ( 1.089336408978731408, 1.225995525614980153, 0.9100000000000000311 ) ) ;
#4892 = SURFACE_STYLE_FILL_AREA ( #9162 ) ;
#4893 =( LENGTH_UNIT ( ) NAMED_UNIT ( * ) SI_UNIT ( .MILLI., .METRE. ) );
#4894 = CARTESIAN_POINT ( 'NONE',  ( 1.075046264361588344, 1.222133324367190133, 0.9000000000000000222 ) ) ;
#4895 = ADVANCED_FACE ( 'NONE', ( #1934 ), #1793, .F. ) ;
#4896 = LINE ( 'NONE', #1047, #8612 ) ;
#4897 = DIRECTION ( 'NONE',  ( -0.000000000000000000, -0.000000000000000000, -1.000000000000000000 ) ) ;
#4898 = CARTESIAN_POINT ( 'NONE',  ( 1.070990953051428107, 1.190938621980732526, 0.9000000000000000222 ) ) ;
#4899 = ADVANCED_FACE ( 'NONE', ( #4838 ), #6172, .F. ) ;
#4900 = LINE ( 'NONE', #682, #8185 ) ;
#4901 = ORIENTED_EDGE ( 'NONE', *, *, #2859, .T. ) ;
#4902 = CARTESIAN_POINT ( 'NONE',  ( 1.114247607027199383, 1.213844446304467306, 0.9000000000000000222 ) ) ;
#4903 = B_SPLINE_SURFACE_WITH_KNOTS ( 'NONE', 3, 1, ( 
 ( #5063, #5726 ),
 ( #1310, #2779 ),
 ( #5680, #7917 ),
 ( #3576, #6486 ) ),
 .UNSPECIFIED., .F., .F., .F.,
 ( 4, 4 ),
 ( 2, 2 ),
 ( 10.00000000000000000, 11.00000000000000000 ),
 ( 0.000000000000000000, 1.000000000000000000 ),
 .UNSPECIFIED. ) ;
#4904 = PRESENTATION_STYLE_ASSIGNMENT (( #9076 ) ) ;
#4905 = DIRECTION ( 'NONE',  ( -0.3315284183505309845, -0.9434452330824483202, 0.000000000000000000 ) ) ;
#4906 = CARTESIAN_POINT ( 'NONE',  ( 0.8657732709307145447, 1.349431886003709113, 0.9100000000000000311 ) ) ;
#4907 = B_SPLINE_CURVE_WITH_KNOTS ( 'NONE', 3,
 ( #4998, #5754, #2140, #2934 ),
 .UNSPECIFIED., .F., .F.,
 ( 4, 4 ),
 ( 24.00000000000000000, 25.00000000000000000 ),
 .UNSPECIFIED. ) ;
#4908 = CARTESIAN_POINT ( 'NONE',  ( 1.073248855319393069, 1.282680756237013497, 0.9100000000000000311 ) ) ;
#4909 = ORIENTED_EDGE ( 'NONE', *, *, #8235, .T. ) ;
#4910 = FACE_OUTER_BOUND ( 'NONE', #9278, .T. ) ;
#4911 = VERTEX_POINT ( 'NONE', #2784 ) ;
#4912 = EDGE_CURVE ( 'NONE', #5949, #8119, #6492, .T. ) ;
#4913 = ORIENTED_EDGE ( 'NONE', *, *, #3032, .T. ) ;
#4914 = VERTEX_POINT ( 'NONE', #4928 ) ;
#4915 = DIRECTION ( 'NONE',  ( -0.000000000000000000, -0.000000000000000000, -1.000000000000000000 ) ) ;
#4916 = CARTESIAN_POINT ( 'NONE',  ( 0.8161934449976795403, 1.333318442181288033, 0.9100000000000000311 ) ) ;
#4917 = DIRECTION ( 'NONE',  ( -1.000000000000000000, 0.000000000000000000, 0.000000000000000000 ) ) ;
#4918 = DIRECTION ( 'NONE',  ( -1.000000000000000000, 0.000000000000000000, 0.000000000000000000 ) ) ;
#4919 = ADVANCED_FACE ( 'NONE', ( #6539 ), #6445, .F. ) ;
#4920 = ORIENTED_EDGE ( 'NONE', *, *, #530, .F. ) ;
#4921 = ADVANCED_FACE ( 'NONE', ( #2164 ), #7247, .T. ) ;
#4922 = CARTESIAN_POINT ( 'NONE',  ( 1.040271598510911888, 1.190166181731253214, 0.9000000000000000222 ) ) ;
#4923 = CARTESIAN_POINT ( 'NONE',  ( 1.068584504581591821, 1.320560037706173473, 0.9000000000000000222 ) ) ;
#4924 = DIRECTION ( 'NONE',  ( -1.000000000000000000, 0.000000000000000000, 0.000000000000000000 ) ) ;
#4925 = VECTOR ( 'NONE', #4457, 1000.000000000000000 ) ;
#4926 = CARTESIAN_POINT ( 'NONE',  ( 1.240675279413155918, 1.322342592128198602, 0.9100000000000000311 ) ) ;
#4927 = ORIENTED_EDGE ( 'NONE', *, *, #4751, .T. ) ;
#4928 = CARTESIAN_POINT ( 'NONE',  ( 1.130409433787367801, 1.225995525614980153, 0.9100000000000000311 ) ) ;
#4929 = CARTESIAN_POINT ( 'NONE',  ( 1.259139572301796406, 1.234967716206178068, 0.9000000000000000222 ) ) ;
#4930 = EDGE_CURVE ( 'NONE', #5267, #3521, #282, .T. ) ;
#4931 = ORIENTED_EDGE ( 'NONE', *, *, #3321, .T. ) ;
#4932 = CARTESIAN_POINT ( 'NONE',  ( 1.129102227211281839, 1.200356451177339023, 0.9000000000000000222 ) ) ;
#4933 = CARTESIAN_POINT ( 'NONE',  ( 1.073664784684665197, 1.311439300913304518, 0.9100000000000000311 ) ) ;
#4934 = CARTESIAN_POINT ( 'NONE',  ( 1.149215382940226293, 1.308557504597331445, 0.9100000000000000311 ) ) ;
#4935 = CARTESIAN_POINT ( 'NONE',  ( 0.2500000000000000000, -0.4500000000000002887, 0.000000000000000000 ) ) ;
#4936 = CARTESIAN_POINT ( 'NONE',  ( 1.128433769302953138, 1.282353954592944989, 0.9100000000000000311 ) ) ;
#4937 = CARTESIAN_POINT ( 'NONE',  ( 1.079368958835152492, 1.287553071657355330, 0.9100000000000000311 ) ) ;
#4938 = CARTESIAN_POINT ( 'NONE',  ( 0.7409973803943973314, 1.296133570761587306, 0.9100000000000000311 ) ) ;
#4939 = ORIENTED_EDGE ( 'NONE', *, *, #7285, .F. ) ;
#4940 = PLANE ( 'NONE',  #1069 ) ;
#4941 = EDGE_CURVE ( 'NONE', #2801, #4166, #9339, .T. ) ;
#4942 = B_SPLINE_CURVE_WITH_KNOTS ( 'NONE', 3,
 ( #3034, #3799, #871, #6605 ),
 .UNSPECIFIED., .F., .F.,
 ( 4, 4 ),
 ( 15.00000000000000000, 16.00000000000000000 ),
 .UNSPECIFIED. ) ;
#4943 = CARTESIAN_POINT ( 'NONE',  ( 1.063415096757715395, 1.282353954592944989, 0.9000000000000000222 ) ) ;
#4944 = ORIENTED_EDGE ( 'NONE', *, *, #7275, .F. ) ;
#4945 = EDGE_LOOP ( 'NONE', ( #5638, #2395, #610, #2575 ) ) ;
#4946 =( NAMED_UNIT ( * ) SI_UNIT ( $, .STERADIAN. ) SOLID_ANGLE_UNIT ( ) );
#4947 = CARTESIAN_POINT ( 'NONE',  ( 1.275360817542436687, 1.220380479185499967, 0.9000000000000000222 ) ) ;
#4948 = CARTESIAN_POINT ( 'NONE',  ( 1.140673976334486861, 1.188027116424820173, 0.9100000000000000311 ) ) ;
#4949 = LINE ( 'NONE', #4316, #4085 ) ;
#4950 = DIRECTION ( 'NONE',  ( -1.000000000000000000, -0.000000000000000000, -0.000000000000000000 ) ) ;
#4951 = ORIENTED_EDGE ( 'NONE', *, *, #3192, .T. ) ;
#4952 = ORIENTED_EDGE ( 'NONE', *, *, #1118, .T. ) ;
#4953 = UNCERTAINTY_MEASURE_WITH_UNIT (LENGTH_MEASURE( 1.000000000000000082E-05 ), #771, 'distance_accuracy_value', 'NONE');
#4954 = CARTESIAN_POINT ( 'NONE',  ( 1.268646529219798813, 1.239097300616976094, 0.9000000000000000222 ) ) ;
#4955 = STYLED_ITEM ( 'NONE', ( #3956 ), #6685 ) ;
#4956 = LINE ( 'NONE', #3524, #41 ) ;
#4957 = EDGE_CURVE ( 'NONE', #8001, #3712, #5495, .T. ) ;
#4958 =( NAMED_UNIT ( * ) PLANE_ANGLE_UNIT ( ) SI_UNIT ( $, .RADIAN. ) );
#4959 = CARTESIAN_POINT ( 'NONE',  ( 0.7215786042045757576, 1.266798842781855505, 0.9000000000000000222 ) ) ;
#4960 = CARTESIAN_POINT ( 'NONE',  ( 1.032770015318032586, 1.275728793990911436, 0.9100000000000000311 ) ) ;
#4961 = EDGE_CURVE ( 'NONE', #9268, #5527, #617, .T. ) ;
#4962 = ORIENTED_EDGE ( 'NONE', *, *, #7446, .F. ) ;
#4963 = FACE_OUTER_BOUND ( 'NONE', #3573, .T. ) ;
#4964 = UNCERTAINTY_MEASURE_WITH_UNIT (LENGTH_MEASURE( 1.000000000000000082E-05 ), #854, 'distance_accuracy_value', 'NONE');
#4965 = ORIENTED_EDGE ( 'NONE', *, *, #3137, .F. ) ;
#4966 = STYLED_ITEM ( 'NONE', ( #4333 ), #5012 ) ;
#4967 = PRESENTATION_LAYER_ASSIGNMENT (  '', '', ( #4812 ) ) ;
#4968 = ORIENTED_EDGE ( 'NONE', *, *, #480, .F. ) ;
#4969 = LINE ( 'NONE', #2208, #5777 ) ;
#4970 = B_SPLINE_CURVE_WITH_KNOTS ( 'NONE', 3,
 ( #1406, #4282, #3483, #6385 ),
 .UNSPECIFIED., .F., .F.,
 ( 4, 4 ),
 ( 10.00000000000000000, 11.00000000000000000 ),
 .UNSPECIFIED. ) ;
#4971 = CARTESIAN_POINT ( 'NONE',  ( 1.268988185483642006, 1.229501215978365369, 0.9100000000000000311 ) ) ;
#4972 = DIRECTION ( 'NONE',  ( 0.000000000000000000, 0.000000000000000000, 1.000000000000000000 ) ) ;
#4973 = CARTESIAN_POINT ( 'NONE',  ( 1.099660370006514620, 1.274748389058698805, 0.9100000000000000311 ) ) ;
#4974 = VECTOR ( 'NONE', #2493, 1000.000000000000000 ) ;
#4975 = AXIS2_PLACEMENT_3D ( 'NONE', #1124, #4785, #7671 ) ;
#4976 = VERTEX_POINT ( 'NONE', #2118 ) ;
#4977 = CARTESIAN_POINT ( 'NONE',  ( 0.9322928644199732773, 1.183339481736770615, 0.9000000000000000222 ) ) ;
#4978 =( NAMED_UNIT ( * ) SI_UNIT ( $, .STERADIAN. ) SOLID_ANGLE_UNIT ( ) );
#4979 = COLOUR_RGB ( '',0.8274509803921568096, 0.6666666666666666297, 0.1294117647058823373 ) ;
#4980 = ORIENTED_EDGE ( 'NONE', *, *, #7354, .F. ) ;
#4981 = CARTESIAN_POINT ( 'NONE',  ( 1.084152146534487438, 1.182560616197007253, 0.9000000000000000222 ) ) ;
#4982 = EDGE_LOOP ( 'NONE', ( #1893, #5657, #6239, #3541 ) ) ;
#4983 = CARTESIAN_POINT ( 'NONE',  ( 1.125269735203826116, 1.201782494714958016, 0.9000000000000000222 ) ) ;
#4984 = PRESENTATION_LAYER_ASSIGNMENT (  '', '', ( #9071 ) ) ;
#4985 = DIRECTION ( 'NONE',  ( 1.000000000000000000, 0.000000000000000000, 0.000000000000000000 ) ) ;
#4986 = DIRECTION ( 'NONE',  ( -0.000000000000000000, -0.000000000000000000, -1.000000000000000000 ) ) ;
#4987 = LINE ( 'NONE', #5790, #2239 ) ;
#4988 = DIRECTION ( 'NONE',  ( -0.000000000000000000, -0.000000000000000000, -1.000000000000000000 ) ) ;
#4989 = CARTESIAN_POINT ( 'NONE',  ( 1.152186306977023067, 1.282353954592944989, 0.9000000000000000222 ) ) ;
#4990 = ADVANCED_FACE ( 'NONE', ( #5778 ), #8893, .F. ) ;
#4991 = COLOUR_RGB ( '',0.8274509803921568096, 0.6666666666666666297, 0.1294117647058823373 ) ;
#4992 = EDGE_CURVE ( 'NONE', #3969, #2019, #3337, .T. ) ;
#4993 = FILL_AREA_STYLE ('',( #1389 ) ) ;
#4994 = ORIENTED_EDGE ( 'NONE', *, *, #3832, .T. ) ;
#4995 = DIRECTION ( 'NONE',  ( -0.000000000000000000, -0.000000000000000000, -1.000000000000000000 ) ) ;
#4996 = ORIENTED_EDGE ( 'NONE', *, *, #3602, .F. ) ;
#4997 = ORIENTED_EDGE ( 'NONE', *, *, #4591, .F. ) ;
#4998 = CARTESIAN_POINT ( 'NONE',  ( 0.9595617623785821504, 1.240769437319490187, 0.9000000000000000222 ) ) ;
#4999 = CARTESIAN_POINT ( 'NONE',  ( 1.268988185483642006, 1.229501215978365369, 0.9000000000000000222 ) ) ;
#5000 = VECTOR ( 'NONE', #6064, 1000.000000000000000 ) ;
#5001 = LINE ( 'NONE', #6521, #1357 ) ;
#5002 = ADVANCED_FACE ( 'NONE', ( #6394 ), #3206, .F. ) ;
#5003 = EDGE_CURVE ( 'NONE', #2533, #542, #3581, .T. ) ;
#5004 = ORIENTED_EDGE ( 'NONE', *, *, #2690, .T. ) ;
#5005 = EDGE_LOOP ( 'NONE', ( #1430, #4890, #8499, #7274 ) ) ;
#5006 = ORIENTED_EDGE ( 'NONE', *, *, #5869, .T. ) ;
#5007 = CARTESIAN_POINT ( 'NONE',  ( 0.8657732709307145447, 1.349431886003709113, 0.9000000000000000222 ) ) ;
#5008 = CARTESIAN_POINT ( 'NONE',  ( 1.121155005412799444, 1.182560616197007253, 0.9100000000000000311 ) ) ;
#5009 = SURFACE_SIDE_STYLE ('',( #5715 ) ) ;
#5010 = LINE ( 'NONE', #8710, #3293 ) ;
#5011 = CARTESIAN_POINT ( 'NONE',  ( 1.121897736421943126, 1.188502464270565273, 0.9100000000000000311 ) ) ;
#5012 = ADVANCED_FACE ( 'NONE', ( #1369 ), #8485, .F. ) ;
#5013 = ORIENTED_EDGE ( 'NONE', *, *, #4957, .T. ) ;
#5014 = VECTOR ( 'NONE', #7510, 1000.000000000000000 ) ;
#5015 = DIRECTION ( 'NONE',  ( -1.000000000000000000, -0.000000000000000000, -0.000000000000000000 ) ) ;
#5016 = AXIS2_PLACEMENT_3D ( 'NONE', #9232, #3229, #1872 ) ;
#5017 = AXIS2_PLACEMENT_3D ( 'NONE', #4133, #1187, #7029 ) ;
#5018 = ADVANCED_FACE ( 'NONE', ( #3768 ), #6017, .F. ) ;
#5019 = EDGE_CURVE ( 'NONE', #1938, #8906, #5301, .T. ) ;
#5020 = CARTESIAN_POINT ( 'NONE',  ( 1.062702074988706613, 1.234967716206176513, 0.9100000000000000311 ) ) ;
#5021 = CARTESIAN_POINT ( 'NONE',  ( 1.252217319296026199, 1.234967716206178068, 0.9100000000000000311 ) ) ;
#5022 = DIRECTION ( 'NONE',  ( 0.9345104387438606386, -0.3559357243643255231, 0.000000000000000000 ) ) ;
#5023 = CARTESIAN_POINT ( 'NONE',  ( 0.9240295600976676793, 1.272996321023685207, 0.9000000000000000222 ) ) ;
#5024 = CARTESIAN_POINT ( 'NONE',  ( 0.9595617623785821504, 1.240769437319490187, 0.9000000000000000222 ) ) ;
#5025 = ORIENTED_EDGE ( 'NONE', *, *, #3563, .T. ) ;
#5026 = VECTOR ( 'NONE', #3248, 1000.000000000000000 ) ;
#5027 = CARTESIAN_POINT ( 'NONE',  ( 1.250000000000000000, -0.4500000000000002887, 0.000000000000000000 ) ) ;
#5028 = EDGE_CURVE ( 'NONE', #6780, #5136, #6715, .T. ) ;
#5029 = VERTEX_POINT ( 'NONE', #8101 ) ;
#5030 = CARTESIAN_POINT ( 'NONE',  ( 1.086038683297883223, 1.188532173510895351, 0.9000000000000000222 ) ) ;
#5031 = ORIENTED_EDGE ( 'NONE', *, *, #6990, .T. ) ;
#5032 = CARTESIAN_POINT ( 'NONE',  ( 1.062702074988706613, 1.241652295288878660, 0.9000000000000000222 ) ) ;
#5033 = CARTESIAN_POINT ( 'NONE',  ( 1.080483055349066523, 1.190403855653926257, 0.9100000000000000311 ) ) ;
#5034 = FACE_OUTER_BOUND ( 'NONE', #9135, .T. ) ;
#5035 = DIRECTION ( 'NONE',  ( 0.000000000000000000, 1.000000000000000000, 0.000000000000000000 ) ) ;
#5036 = CARTESIAN_POINT ( 'NONE',  ( 1.191966979829543583, 1.325343225405508640, 0.9000000000000000222 ) ) ;
#5037 = DIRECTION ( 'NONE',  ( 1.000000000000000000, 0.000000000000000000, 0.000000000000000000 ) ) ;
#5038 = LINE ( 'NONE', #6365, #9 ) ;
#5039 = ORIENTED_EDGE ( 'NONE', *, *, #4730, .T. ) ;
#5040 = MECHANICAL_DESIGN_GEOMETRIC_PRESENTATION_REPRESENTATION (  '', ( #6088 ), #4569 ) ;
#5041 = CARTESIAN_POINT ( 'NONE',  ( 1.201206553584555525, 1.209714861893276483, 0.9100000000000000311 ) ) ;
#5042 = LINE ( 'NONE', #65, #4359 ) ;
#5043 = EDGE_LOOP ( 'NONE', ( #2465, #7848, #4087, #1868 ) ) ;
#5044 = LINE ( 'NONE', #2325, #6974 ) ;
#5045 = CARTESIAN_POINT ( 'NONE',  ( 1.275360817542436687, 1.213131424535660141, 0.9100000000000000311 ) ) ;
#5046 = CARTESIAN_POINT ( 'NONE',  ( 0.7476080254281427528, 1.249859090987030186, 0.9000000000000000222 ) ) ;
#5047 = EDGE_CURVE ( 'NONE', #727, #5280, #7293, .T. ) ;
#5048 = CARTESIAN_POINT ( 'NONE',  ( 0.7930561834390216225, 1.156070583778161076, 0.9100000000000000311 ) ) ;
#5049 = CARTESIAN_POINT ( 'NONE',  ( 1.073664784684665197, 1.304130827782795654, 0.9000000000000000222 ) ) ;
#5050 = EDGE_LOOP ( 'NONE', ( #8182, #1781, #310, #3992 ) ) ;
#5051 = EDGE_LOOP ( 'NONE', ( #7814, #388, #6935, #1301 ) ) ;
#5052 = EDGE_LOOP ( 'NONE', ( #7204, #647 ) ) ;
#5053 = ORIENTED_EDGE ( 'NONE', *, *, #5154, .T. ) ;
#5054 = ORIENTED_EDGE ( 'NONE', *, *, #3205, .T. ) ;
#5055 = EDGE_CURVE ( 'NONE', #8487, #1878, #178, .T. ) ;
#5056 = DIRECTION ( 'NONE',  ( 0.000000000000000000, 0.000000000000000000, -1.000000000000000000 ) ) ;
#5057 = CARTESIAN_POINT ( 'NONE',  ( 1.179444535014458895, 1.327155489067869620, 0.9100000000000000311 ) ) ;
#5058 = LINE ( 'NONE', #6528, #6491 ) ;
#5059 = CARTESIAN_POINT ( 'NONE',  ( 1.114247607027199383, 1.211289451632566738, 0.9000000000000000222 ) ) ;
#5060 = CARTESIAN_POINT ( 'NONE',  ( 0.9273348786743881300, 1.272996321023685207, 0.9000000000000000222 ) ) ;
#5061 = UNCERTAINTY_MEASURE_WITH_UNIT (LENGTH_MEASURE( 1.000000000000000082E-05 ), #353, 'distance_accuracy_value', 'NONE');
#5062 = EDGE_CURVE ( 'NONE', #4601, #2333, #8008, .T. ) ;
#5063 = CARTESIAN_POINT ( 'NONE',  ( 1.079368958835152492, 1.287553071657355330, 0.9100000000000000311 ) ) ;
#5064 = DIRECTION ( 'NONE',  ( 0.000000000000000000, -0.000000000000000000, -1.000000000000000000 ) ) ;
#5065 = CARTESIAN_POINT ( 'NONE',  ( 1.117679024289748302, 1.205466440520745808, 0.9000000000000000222 ) ) ;
#5066 = FACE_OUTER_BOUND ( 'NONE', #6362, .T. ) ;
#5067 = CARTESIAN_POINT ( 'NONE',  ( 0.9698908927811655811, 1.201931916461858485, 0.9100000000000000311 ) ) ;
#5068 = ORIENTED_EDGE ( 'NONE', *, *, #8463, .F. ) ;
#5069 = LINE ( 'NONE', #3636, #8886 ) ;
#5070 = CARTESIAN_POINT ( 'NONE',  ( 1.128433769302969791, 1.327155489067869620, 0.9100000000000000311 ) ) ;
#5071 = CARTESIAN_POINT ( 'NONE',  ( 0.9847648500177176301, 1.265972509197622609, 0.9100000000000000311 ) ) ;
#5072 = CARTESIAN_POINT ( 'NONE',  ( 1.074184696390907634, 1.326264211856659214, 0.9100000000000000311 ) ) ;
#5073 = CARTESIAN_POINT ( 'NONE',  ( 1.243438238767396786, 1.190166181731256767, 0.9100000000000000311 ) ) ;
#5074 = LINE ( 'NONE', #3593, #2385 ) ;
#5075 = EDGE_CURVE ( 'NONE', #8311, #4611, #6575, .T. ) ;
#5076 = PRESENTATION_STYLE_ASSIGNMENT (( #8592 ) ) ;
#5077 = CARTESIAN_POINT ( 'NONE',  ( 1.121749190220074244, 1.214498049592610540, 0.9000000000000000222 ) ) ;
#5078 = ADVANCED_FACE ( 'NONE', ( #841 ), #4574, .F. ) ;
#5079 = ORIENTED_EDGE ( 'NONE', *, *, #3488, .T. ) ;
#5080 = LINE ( 'NONE', #6550, #636 ) ;
#5081 = ORIENTED_EDGE ( 'NONE', *, *, #3479, .T. ) ;
#5082 = LINE ( 'NONE', #3648, #138 ) ;
#5083 = VERTEX_POINT ( 'NONE', #5205 ) ;
#5084 = ORIENTED_EDGE ( 'NONE', *, *, #2688, .F. ) ;
#5085 = CARTESIAN_POINT ( 'NONE',  ( 1.100581356457863258, 1.328046766278684343, 0.9000000000000000222 ) ) ;
#5086 = CARTESIAN_POINT ( 'NONE',  ( 1.275360817542436687, 1.213131424535660141, 0.9000000000000000222 ) ) ;
#5087 = EDGE_CURVE ( 'NONE', #1554, #5761, #2308, .T. ) ;
#5088 = LINE ( 'NONE', #1050, #9085 ) ;
#5089 = ORIENTED_EDGE ( 'NONE', *, *, #6587, .T. ) ;
#5090 = EDGE_LOOP ( 'NONE', ( #4603, #6292, #2906, #6389 ) ) ;
#5091 = ORIENTED_EDGE ( 'NONE', *, *, #2842, .F. ) ;
#5092 = ORIENTED_EDGE ( 'NONE', *, *, #1677, .F. ) ;
#5093 = DIRECTION ( 'NONE',  ( 0.3385350342956907066, 0.9409537876826977731, 0.000000000000000000 ) ) ;
#5094 = CARTESIAN_POINT ( 'NONE',  ( 1.239769147581776254, 1.326412758058725494, 0.9000000000000000222 ) ) ;
#5095 = LINE ( 'NONE', #8124, #49 ) ;
#5096 = DIRECTION ( 'NONE',  ( -0.000000000000000000, 1.000000000000000000, -0.000000000000000000 ) ) ;
#5097 = CARTESIAN_POINT ( 'NONE',  ( 1.116312399232795238, 1.207278704183104567, 0.9000000000000000222 ) ) ;
#5098 = VERTEX_POINT ( 'NONE', #7374 ) ;
#5099 = CARTESIAN_POINT ( 'NONE',  ( 1.132890155358039497, 1.198068839668837482, 0.9100000000000000311 ) ) ;
#5100 = ADVANCED_FACE ( 'NONE', ( #8850 ), #6767, .F. ) ;
#5101 = PRESENTATION_STYLE_ASSIGNMENT (( #5639 ) ) ;
#5102 = CARTESIAN_POINT ( 'NONE',  ( 1.193704970391465947, 1.183541021129224102, 0.9100000000000000311 ) ) ;
#5103 = CARTESIAN_POINT ( 'NONE',  ( 0.7980141770651065780, 1.315139172278788404, 0.9000000000000000222 ) ) ;
#5104 = CARTESIAN_POINT ( 'NONE',  ( 1.126175867035005496, 1.188502464270565273, 0.9100000000000000311 ) ) ;
#5105 = DIRECTION ( 'NONE',  ( -0.000000000000000000, -0.000000000000000000, -1.000000000000000000 ) ) ;
#5106 = LINE ( 'NONE', #3499, #7395 ) ;
#5107 = VECTOR ( 'NONE', #1019, 1000.000000000000000 ) ;
#5108 = EDGE_CURVE ( 'NONE', #4601, #9304, #7867, .T. ) ;
#5109 = CARTESIAN_POINT ( 'NONE',  ( 1.152186306977023067, 1.282353954592944989, 0.9100000000000000311 ) ) ;
#5110 = VERTEX_POINT ( 'NONE', #3142 ) ;
#5111 = CARTESIAN_POINT ( 'NONE',  ( 1.094297852120070136, 1.281432968141398954, 0.9100000000000000311 ) ) ;
#5112 = DIRECTION ( 'NONE',  ( 1.000000000000000000, 0.000000000000000000, 0.000000000000000000 ) ) ;
#5113 = VECTOR ( 'NONE', #2689, 1000.000000000000000 ) ;
#5114 = CARTESIAN_POINT ( 'NONE',  ( 1.249454359941787329, 1.298188979709240742, 0.9100000000000000311 ) ) ;
#5115 = VECTOR ( 'NONE', #1669, 1000.000000000000000 ) ;
#5116 = SURFACE_SIDE_STYLE ('',( #1466 ) ) ;
#5117 = CARTESIAN_POINT ( 'NONE',  ( 1.105676491181103449, 1.334018323592968125, 0.9000000000000000222 ) ) ;
#5118 =( LENGTH_UNIT ( ) NAMED_UNIT ( * ) SI_UNIT ( .MILLI., .METRE. ) );
#5119 = DIRECTION ( 'NONE',  ( -0.000000000000000000, -0.000000000000000000, -1.000000000000000000 ) ) ;
#5120 = VECTOR ( 'NONE', #2892, 1000.000000000000000 ) ;
#5121 = STYLED_ITEM ( 'NONE', ( #5674 ), #2821 ) ;
#5122 = DIRECTION ( 'NONE',  ( 0.000000000000000000, -1.000000000000000000, 0.000000000000000000 ) ) ;
#5123 = STYLED_ITEM ( 'NONE', ( #7883 ), #1361 ) ;
#5124 = ADVANCED_FACE ( 'NONE', ( #7511 ), #1021, .F. ) ;
#5125 = CARTESIAN_POINT ( 'NONE',  ( 1.094297852120070136, 1.281432968141398954, 0.9100000000000000311 ) ) ;
#5126 = FACE_OUTER_BOUND ( 'NONE', #7732, .T. ) ;
#5127 = EDGE_CURVE ( 'NONE', #2133, #823, #9092, .T. ) ;
#5128 = CARTESIAN_POINT ( 'NONE',  ( 1.201711610670615382, 1.283869125851567761, 0.9000000000000000222 ) ) ;
#5129 = DIRECTION ( 'NONE',  ( 0.000000000000000000, 0.000000000000000000, 1.000000000000000000 ) ) ;
#5130 = CARTESIAN_POINT ( 'NONE',  ( 1.130409433787367801, 1.182560616197007253, 0.9000000000000000222 ) ) ;
#5131 = CARTESIAN_POINT ( 'NONE',  ( 1.120932186110094486, 1.333840068150567770, 0.9100000000000000311 ) ) ;
#5132 = VECTOR ( 'NONE', #6672, 1000.000000000000114 ) ;
#5133 = ORIENTED_EDGE ( 'NONE', *, *, #3539, .F. ) ;
#5134 = PRESENTATION_LAYER_ASSIGNMENT (  '', '', ( #9229 ) ) ;
#5135 = FACE_OUTER_BOUND ( 'NONE', #8781, .T. ) ;
#5136 = VERTEX_POINT ( 'NONE', #4671 ) ;
#5137 = ADVANCED_FACE ( 'NONE', ( #6906 ), #4775, .T. ) ;
#5138 = EDGE_LOOP ( 'NONE', ( #672, #8362, #8628, #4952 ) ) ;
#5139 = ORIENTED_EDGE ( 'NONE', *, *, #3622, .F. ) ;
#5140 = VECTOR ( 'NONE', #2189, 1000.000000000000000 ) ;
#5141 = ORIENTED_EDGE ( 'NONE', *, *, #4807, .F. ) ;
#5142 = DIRECTION ( 'NONE',  ( 0.9409537876826977731, -0.3385350342956907066, 0.000000000000000000 ) ) ;
#5143 = CARTESIAN_POINT ( 'NONE',  ( 0.9322928644199732773, 1.183339481736770615, 0.9000000000000000222 ) ) ;
#5144 = CARTESIAN_POINT ( 'NONE',  ( 1.061053212148381109, 1.209714861893276483, 0.9000000000000000222 ) ) ;
#5145 = CARTESIAN_POINT ( 'NONE',  ( 1.273236606856172015, 1.225846979412915427, 0.9000000000000000222 ) ) ;
#5146 = CARTESIAN_POINT ( 'NONE',  ( 0.9240295600976676793, 1.272996321023685207, 0.9100000000000000311 ) ) ;
#5147 = ORIENTED_EDGE ( 'NONE', *, *, #6886, .F. ) ;
#5148 = SURFACE_STYLE_USAGE ( .BOTH. , #3663 ) ;
#5149 = EDGE_CURVE ( 'NONE', #7496, #6652, #8659, .T. ) ;
#5150 = LINE ( 'NONE', #3666, #3952 ) ;
#5151 = CARTESIAN_POINT ( 'NONE',  ( 0.9103951111183632428, 1.232092981966071532, 0.9100000000000000311 ) ) ;
#5152 = EDGE_LOOP ( 'NONE', ( #7502, #887, #6127, #7054 ) ) ;
#5153 = CARTESIAN_POINT ( 'NONE',  ( 1.250000000000000000, -0.4500000000000002887, -0.02000000000000000042 ) ) ;
#5154 = EDGE_CURVE ( 'NONE', #856, #4061, #8302, .T. ) ;
#5155 = DIRECTION ( 'NONE',  ( -0.000000000000000000, -0.000000000000000000, -1.000000000000000000 ) ) ;
#5156 = ORIENTED_EDGE ( 'NONE', *, *, #7810, .T. ) ;
#5157 = CARTESIAN_POINT ( 'NONE',  ( 0.7215786042045757576, 1.266798842781855505, 0.9100000000000000311 ) ) ;
#5158 = VECTOR ( 'NONE', #2086, 1000.000000000000000 ) ;
#5159 = CARTESIAN_POINT ( 'NONE',  ( 1.120932186110094486, 1.333840068150567770, 0.9100000000000000311 ) ) ;
#5160 = ORIENTED_EDGE ( 'NONE', *, *, #3774, .F. ) ;
#5161 = CARTESIAN_POINT ( 'NONE',  ( 0.8161934449976795403, 1.333318442181288033, 0.9000000000000000222 ) ) ;
#5162 = EDGE_CURVE ( 'NONE', #5380, #7678, #406, .T. ) ;
#5163 = FACE_OUTER_BOUND ( 'NONE', #1953, .T. ) ;
#5164 = LINE ( 'NONE', #5745, #1980 ) ;
#5165 = CARTESIAN_POINT ( 'NONE',  ( 1.286472073440067199, 1.183541021129224102, 0.9000000000000000222 ) ) ;
#5166 = CARTESIAN_POINT ( 'NONE',  ( 1.261115236786390703, 1.183541021129224102, 0.9000000000000000222 ) ) ;
#5167 = CARTESIAN_POINT ( 'NONE',  ( 0.8108223003404817497, 1.284978134355933888, 0.9000000000000000222 ) ) ;
#5168 = FACE_OUTER_BOUND ( 'NONE', #6818, .T. ) ;
#5169 = CARTESIAN_POINT ( 'NONE',  ( 1.078373699282968223, 1.197504364102093488, 0.9000000000000000222 ) ) ;
#5170 = ORIENTED_EDGE ( 'NONE', *, *, #4707, .T. ) ;
#5171 = LINE ( 'NONE', #909, #9377 ) ;
#5172 = VERTEX_POINT ( 'NONE', #4001 ) ;
#5173 =( LENGTH_UNIT ( ) NAMED_UNIT ( * ) SI_UNIT ( .MILLI., .METRE. ) );
#5174 = VECTOR ( 'NONE', #3138, 1000.000000000000000 ) ;
#5175 = DIRECTION ( 'NONE',  ( -0.000000000000000000, -0.000000000000000000, -1.000000000000000000 ) ) ;
#5176 = PLANE ( 'NONE',  #3295 ) ;
#5177 = CARTESIAN_POINT ( 'NONE',  ( 1.128433769302953138, 1.301902634754964483, 0.9000000000000000222 ) ) ;
#5178 = VERTEX_POINT ( 'NONE', #1778 ) ;
#5179 = CARTESIAN_POINT ( 'NONE',  ( 1.121749190220074244, 1.214498049592610540, 0.9000000000000000222 ) ) ;
#5180 = ORIENTED_EDGE ( 'NONE', *, *, #1443, .F. ) ;
#5181 = ADVANCED_FACE ( 'NONE', ( #7567 ), #3285, .F. ) ;
#5182 = EDGE_LOOP ( 'NONE', ( #7235, #598, #4101, #4160 ) ) ;
#5183 = ORIENTED_EDGE ( 'NONE', *, *, #6367, .F. ) ;
#5184 = ORIENTED_EDGE ( 'NONE', *, *, #1471, .T. ) ;
#5185 = EDGE_LOOP ( 'NONE', ( #1631, #1473, #9286, #6885 ) ) ;
#5186 = B_SPLINE_SURFACE_WITH_KNOTS ( 'NONE', 3, 1, ( 
 ( #1122, #4064 ),
 ( #4782, #8378 ),
 ( #4679, #5352 ),
 ( #1737, #469 ) ),
 .UNSPECIFIED., .F., .F., .F.,
 ( 4, 4 ),
 ( 2, 2 ),
 ( 4.000000000000000000, 5.000000000000000000 ),
 ( 0.000000000000000000, 1.000000000000000000 ),
 .UNSPECIFIED. ) ;
#5187 = ORIENTED_EDGE ( 'NONE', *, *, #350, .T. ) ;
#5188 = CARTESIAN_POINT ( 'NONE',  ( 1.070990953051428107, 1.194652277026851506, 0.9100000000000000311 ) ) ;
#5189 = LINE ( 'NONE', #3703, #4550 ) ;
#5190 = FACE_OUTER_BOUND ( 'NONE', #75, .T. ) ;
#5191 = CARTESIAN_POINT ( 'NONE',  ( 1.135044075284837639, 1.205347603559014713, 0.9000000000000000222 ) ) ;
#5192 = DIRECTION ( 'NONE',  ( 0.000000000000000000, -0.000000000000000000, 1.000000000000000000 ) ) ;
#5193 = B_SPLINE_CURVE_WITH_KNOTS ( 'NONE', 3,
 ( #2317, #197, #8772, #3778 ),
 .UNSPECIFIED., .F., .F.,
 ( 4, 4 ),
 ( 1.000000000000000000, 2.000000000000000000 ),
 .UNSPECIFIED. ) ;
#5194 = VERTEX_POINT ( 'NONE', #8272 ) ;
#5195 = EDGE_CURVE ( 'NONE', #7976, #252, #3950, .T. ) ;
#5196 = CARTESIAN_POINT ( 'NONE',  ( 1.500000000000000000, -1.500000000000000222, 0.9000000000000000222 ) ) ;
#5197 = ADVANCED_FACE ( 'NONE', ( #8232 ), #3233, .F. ) ;
#5198 = SURFACE_STYLE_USAGE ( .BOTH. , #4418 ) ;
#5199 = CARTESIAN_POINT ( 'NONE',  ( 0.8339595461381381636, 1.156070583778161076, 0.9000000000000000222 ) ) ;
#5200 = CARTESIAN_POINT ( 'NONE',  ( 1.294760951502789581, 1.183541021129224102, 0.9100000000000000311 ) ) ;
#5201 = VERTEX_POINT ( 'NONE', #3397 ) ;
#5202 = PLANE ( 'NONE',  #7283 ) ;
#5203 = DIRECTION ( 'NONE',  ( -0.000000000000000000, -1.000000000000000000, -0.000000000000000000 ) ) ;
#5204 = EDGE_CURVE ( 'NONE', #5701, #5835, #3484, .T. ) ;
#5205 = CARTESIAN_POINT ( 'NONE',  ( 1.179102878750615702, 1.282353954592944989, 0.9000000000000000222 ) ) ;
#5206 = FILL_AREA_STYLE ('',( #7473 ) ) ;
#5207 = EDGE_CURVE ( 'NONE', #4806, #5480, #3434, .T. ) ;
#5208 = FACE_OUTER_BOUND ( 'NONE', #2619, .T. ) ;
#5209 = LINE ( 'NONE', #7255, #6822 ) ;
#5210 = SURFACE_STYLE_USAGE ( .BOTH. , #6718 ) ;
#5211 = CARTESIAN_POINT ( 'NONE',  ( 1.099660370006514620, 1.274748389058698805, 0.9100000000000000311 ) ) ;
#5212 = CARTESIAN_POINT ( 'NONE',  ( 0.9112214289417924773, 1.208542553615299164, 0.9000000000000000222 ) ) ;
#5213 = CARTESIAN_POINT ( 'NONE',  ( 1.179147442611117924, 1.275728793990915433, 0.9100000000000000311 ) ) ;
#5214 = LINE ( 'NONE', #809, #4852 ) ;
#5215 = VERTEX_POINT ( 'NONE', #7190 ) ;
#5216 = ADVANCED_FACE ( 'NONE', ( #2110 ), #8979, .T. ) ;
#5217 = UNCERTAINTY_MEASURE_WITH_UNIT (LENGTH_MEASURE( 1.000000000000000082E-05 ), #4530, 'distance_accuracy_value', 'NONE');
#5218 = CARTESIAN_POINT ( 'NONE',  ( 1.202588033261658085, 1.305319197397347697, 0.9000000000000000222 ) ) ;
#5219 = ORIENTED_EDGE ( 'NONE', *, *, #320, .T. ) ;
#5220 = PLANE ( 'NONE',  #2985 ) ;
#5221 = DIRECTION ( 'NONE',  ( -0.000000000000000000, -0.000000000000000000, -1.000000000000000000 ) ) ;
#5222 = LINE ( 'NONE', #1749, #5558 ) ;
#5223 = CARTESIAN_POINT ( 'NONE',  ( 1.235832673233151935, 1.333840068150569991, 0.9000000000000000222 ) ) ;
#5224 = DIRECTION ( 'NONE',  ( 0.000000000000000000, 0.000000000000000000, 1.000000000000000000 ) ) ;
#5225 = FILL_AREA_STYLE ('',( #6076 ) ) ;
#5226 = CARTESIAN_POINT ( 'NONE',  ( 1.120932186110094486, 1.333840068150567770, 0.9000000000000000222 ) ) ;
#5227 = ORIENTED_EDGE ( 'NONE', *, *, #1010, .F. ) ;
#5228 = VERTEX_POINT ( 'NONE', #607 ) ;
#5229 = LINE ( 'NONE', #1104, #3571 ) ;
#5230 = CARTESIAN_POINT ( 'NONE',  ( 0.8021458213457586250, 1.213087364687867931, 0.9000000000000000222 ) ) ;
#5231 = CARTESIAN_POINT ( 'NONE',  ( 0.7215786042045757576, 1.249032741641795008, 0.9100000000000000311 ) ) ;
#5232 = CARTESIAN_POINT ( 'NONE',  ( 1.195873744938231731, 1.331285073479063330, 0.9000000000000000222 ) ) ;
#5233 = ORIENTED_EDGE ( 'NONE', *, *, #6594, .F. ) ;
#5234 = CARTESIAN_POINT ( 'NONE',  ( 0.7723979383946608657, 1.211847887953021008, 0.9000000000000000222 ) ) ;
#5235 = AXIS2_PLACEMENT_3D ( 'NONE', #3239, #8528, #2022 ) ;
#5236 = VERTEX_POINT ( 'NONE', #5633 ) ;
#5237 = DIRECTION ( 'NONE',  ( -0.000000000000000000, -0.000000000000000000, -1.000000000000000000 ) ) ;
#5238 = ADVANCED_FACE ( 'NONE', ( #4963 ), #657, .F. ) ;
#5239 = EDGE_CURVE ( 'NONE', #6042, #3796, #5719, .T. ) ;
#5240 = VECTOR ( 'NONE', #4178, 1000.000000000000114 ) ;
#5241 = CARTESIAN_POINT ( 'NONE',  ( 0.8112354592522946772, 1.156070583778161076, 0.9100000000000000311 ) ) ;
#5242 = CARTESIAN_POINT ( 'NONE',  ( 1.201206553584555525, 1.190166181731256767, 0.9100000000000000311 ) ) ;
#5243 = ORIENTED_EDGE ( 'NONE', *, *, #8398, .F. ) ;
#5244 = CARTESIAN_POINT ( 'NONE',  ( 0.9087424439495014328, 1.208955712526911475, 0.9100000000000000311 ) ) ;
#5245 = CARTESIAN_POINT ( 'NONE',  ( 0.9595617623785821504, 1.240769437319490187, 0.9000000000000000222 ) ) ;
#5246 = CARTESIAN_POINT ( 'NONE',  ( 1.130409433787367801, 1.207070739500372580, 0.9000000000000000222 ) ) ;
#5247 = DIRECTION ( 'NONE',  ( 0.1387416884822416374, -0.9903286039881391556, 0.000000000000000000 ) ) ;
#5248 = EDGE_CURVE ( 'NONE', #365, #2543, #6153, .T. ) ;
#5249 = CARTESIAN_POINT ( 'NONE',  ( 1.239308654356203077, 1.324659912877033330, 0.9000000000000000222 ) ) ;
#5250 = ORIENTED_EDGE ( 'NONE', *, *, #257, .T. ) ;
#5251 = CARTESIAN_POINT ( 'NONE',  ( 0.8525519808632221475, 1.201518757550242400, 0.9100000000000000311 ) ) ;
#5252 = CARTESIAN_POINT ( 'NONE',  ( 1.080483055349066523, 1.190403855653926257, 0.9100000000000000311 ) ) ;
#5253 = B_SPLINE_CURVE_WITH_KNOTS ( 'NONE', 3,
 ( #5072, #5787, #6309, #7121 ),
 .UNSPECIFIED., .F., .F.,
 ( 4, 4 ),
 ( 3.000000000000000000, 4.000000000000000000 ),
 .UNSPECIFIED. ) ;
#5254 = SURFACE_STYLE_FILL_AREA ( #3775 ) ;
#5255 = FACE_OUTER_BOUND ( 'NONE', #5281, .T. ) ;
#5256 =( GEOMETRIC_REPRESENTATION_CONTEXT ( 3 ) GLOBAL_UNCERTAINTY_ASSIGNED_CONTEXT ( ( #1266 ) ) GLOBAL_UNIT_ASSIGNED_CONTEXT ( ( #9145, #6250, #364 ) ) REPRESENTATION_CONTEXT ( 'NONE', 'WORKASPACE' ) );
#5257 = CARTESIAN_POINT ( 'NONE',  ( 1.281055707555863732, 1.201173455287419145, 0.9100000000000000311 ) ) ;
#5258 = CARTESIAN_POINT ( 'NONE',  ( 1.140673976334486861, 1.188027116424820173, 0.9000000000000000222 ) ) ;
#5259 = AXIS2_PLACEMENT_3D ( 'NONE', #7300, #8148, #3680 ) ;
#5260 = ORIENTED_EDGE ( 'NONE', *, *, #4313, .T. ) ;
#5261 = SURFACE_SIDE_STYLE ('',( #6682 ) ) ;
#5262 = CARTESIAN_POINT ( 'NONE',  ( 0.8108222924599810533, 1.213087364687867931, 0.9000000000000000222 ) ) ;
#5263 = B_SPLINE_SURFACE_WITH_KNOTS ( 'NONE', 3, 1, ( 
 ( #8023, #6506 ),
 ( #1515, #2753 ),
 ( #5656, #3508 ),
 ( #8691, #4347 ) ),
 .UNSPECIFIED., .F., .F., .F.,
 ( 4, 4 ),
 ( 2, 2 ),
 ( 1.000000000000000000, 2.000000000000000000 ),
 ( 0.000000000000000000, 1.000000000000000000 ),
 .UNSPECIFIED. ) ;
#5264 = DIRECTION ( 'NONE',  ( -1.000000000000000000, 0.000000000000000000, 0.000000000000000000 ) ) ;
#5265 = AXIS2_PLACEMENT_3D ( 'NONE', #7819, #6, #3632 ) ;
#5266 = DIRECTION ( 'NONE',  ( 0.000000000000000000, -1.000000000000000000, 0.000000000000000000 ) ) ;
#5267 = VERTEX_POINT ( 'NONE', #5060 ) ;
#5268 = DIRECTION ( 'NONE',  ( 1.000000000000000000, 0.000000000000000000, 0.000000000000000000 ) ) ;
#5269 = STYLED_ITEM ( 'NONE', ( #8566 ), #2103 ) ;
#5270 = CARTESIAN_POINT ( 'NONE',  ( 1.065791835987018654, 1.294980381749195830, 0.9000000000000000222 ) ) ;
#5271 = LINE ( 'NONE', #2278, #3752 ) ;
#5272 = EDGE_CURVE ( 'NONE', #1408, #5459, #551, .T. ) ;
#5273 = DIRECTION ( 'NONE',  ( 0.000000000000000000, 0.000000000000000000, 1.000000000000000000 ) ) ;
#5274 = DIRECTION ( 'NONE',  ( -0.000000000000000000, -0.000000000000000000, -1.000000000000000000 ) ) ;
#5275 = CARTESIAN_POINT ( 'NONE',  ( 1.151651540650414196, 1.170231281444096716, 0.9000000000000000222 ) ) ;
#5276 = ORIENTED_EDGE ( 'NONE', *, *, #8060, .T. ) ;
#5277 = B_SPLINE_CURVE_WITH_KNOTS ( 'NONE', 3,
 ( #4071, #5542, #4012, #8282 ),
 .UNSPECIFIED., .F., .F.,
 ( 4, 4 ),
 ( 12.00000000000000000, 13.00000000000000000 ),
 .UNSPECIFIED. ) ;
#5278 = STYLED_ITEM ( 'NONE', ( #5566 ), #5449 ) ;
#5279 = MECHANICAL_DESIGN_GEOMETRIC_PRESENTATION_REPRESENTATION (  '', ( #3132 ), #2854 ) ;
#5280 = VERTEX_POINT ( 'NONE', #7811 ) ;
#5281 = EDGE_LOOP ( 'NONE', ( #3100, #7571, #7697, #6379 ) ) ;
#5282 = ORIENTED_EDGE ( 'NONE', *, *, #7359, .F. ) ;
#5283 = FILL_AREA_STYLE ('',( #4708 ) ) ;
#5284 = ORIENTED_EDGE ( 'NONE', *, *, #1329, .T. ) ;
#5285 = VECTOR ( 'NONE', #7488, 1000.000000000000000 ) ;
#5286 = CARTESIAN_POINT ( 'NONE',  ( 0.8108222924599810533, 1.180860465222669520, 0.9000000000000000222 ) ) ;
#5287 = EDGE_CURVE ( 'NONE', #1769, #7746, #700, .T. ) ;
#5288 = VECTOR ( 'NONE', #1437, 1000.000000000000000 ) ;
#5289 = CARTESIAN_POINT ( 'NONE',  ( 1.139797553743641112, 1.201693366993959788, 0.9000000000000000222 ) ) ;
#5290 = DIRECTION ( 'NONE',  ( -0.8840949502479015232, -0.4673073067545173154, 0.000000000000000000 ) ) ;
#5292 = ADVANCED_FACE ( 'NONE', ( #6290 ), #1777, .F. ) ;
#5291 = CARTESIAN_POINT ( 'NONE',  ( 1.114247607027199383, 1.213844446304467306, 0.9100000000000000311 ) ) ;
#5293 = VECTOR ( 'NONE', #3067, 1000.000000000000000 ) ;
#5294 = ORIENTED_EDGE ( 'NONE', *, *, #7105, .T. ) ;
#5295 = EDGE_CURVE ( 'NONE', #1665, #727, #6045, .T. ) ;
#5296 = CARTESIAN_POINT ( 'NONE',  ( 0.8306542275616128901, 1.343647573076752533, 0.9100000000000000311 ) ) ;
#5297 = LINE ( 'NONE', #4617, #5107 ) ;
#5298 = PRESENTATION_LAYER_ASSIGNMENT (  '', '', ( #1962 ) ) ;
#5299 = CARTESIAN_POINT ( 'NONE',  ( 1.128433769302953138, 1.301902634754964483, 0.9000000000000000222 ) ) ;
#5300 = CARTESIAN_POINT ( 'NONE',  ( 0.9595617623785821504, 1.223829661882764652, 0.9100000000000000311 ) ) ;
#5301 = LINE ( 'NONE', #229, #4488 ) ;
#5302 = EDGE_CURVE ( 'NONE', #2913, #7906, #9327, .T. ) ;
#5303 = DIRECTION ( 'NONE',  ( 0.9903286039881390446, 0.1387416884822416097, 0.000000000000000000 ) ) ;
#5304 = LINE ( 'NONE', #4475, #5854 ) ;
#5305 = CARTESIAN_POINT ( 'NONE',  ( 1.079071866431614124, 1.191651643749541245, 0.9100000000000000311 ) ) ;
#5306 = VECTOR ( 'NONE', #4443, 1000.000000000000114 ) ;
#5307 = FACE_OUTER_BOUND ( 'NONE', #4828, .T. ) ;
#5308 = CARTESIAN_POINT ( 'NONE',  ( 1.283248620860648836, 1.204337489386468674, 0.9000000000000000222 ) ) ;
#5309 = CARTESIAN_POINT ( 'NONE',  ( 1.095530785595322243, 1.334820473082782177, 0.9000000000000000222 ) ) ;
#5310 = DIRECTION ( 'NONE',  ( -0.000000000000000000, -0.000000000000000000, -1.000000000000000000 ) ) ;
#5311 = CARTESIAN_POINT ( 'NONE',  ( 0.8401570243797654713, 1.324641973037194775, 0.9000000000000000222 ) ) ;
#5312 = ORIENTED_EDGE ( 'NONE', *, *, #2508, .T. ) ;
#5313 = B_SPLINE_CURVE_WITH_KNOTS ( 'NONE', 3,
 ( #7209, #59, #765, #719 ),
 .UNSPECIFIED., .F., .F.,
 ( 4, 4 ),
 ( 8.000000000000000000, 9.000000000000000000 ),
 .UNSPECIFIED. ) ;
#5314 = VECTOR ( 'NONE', #3378, 1000.000000000000000 ) ;
#5315 = CARTESIAN_POINT ( 'NONE',  ( 1.201206553584555525, 1.209714861893276483, 0.9100000000000000311 ) ) ;
#5316 = EDGE_CURVE ( 'NONE', #1673, #3425, #4874, .T. ) ;
#5317 = COLOUR_RGB ( '',0.2980392156862745057, 0.2980392156862745057, 0.2980392156862745057 ) ;
#5318 =( NAMED_UNIT ( * ) SI_UNIT ( $, .STERADIAN. ) SOLID_ANGLE_UNIT ( ) );
#5319 = CARTESIAN_POINT ( 'NONE',  ( 1.188342452504821400, 1.275728793990915433, 0.9100000000000000311 ) ) ;
#5320 = DIRECTION ( 'NONE',  ( -0.9434452330799573128, 0.3315284183576200916, 0.000000000000000000 ) ) ;
#5321 = CARTESIAN_POINT ( 'NONE',  ( 1.065791835987018654, 1.303685189176992054, 0.9100000000000000311 ) ) ;
#5322 = DIRECTION ( 'NONE',  ( 0.000000000000000000, 0.000000000000000000, -1.000000000000000000 ) ) ;
#5323 = VECTOR ( 'NONE', #4741, 1000.000000000000114 ) ;
#5324 = DIRECTION ( 'NONE',  ( 0.000000000000000000, 1.000000000000000000, -0.000000000000000000 ) ) ;
#5325 = PLANE ( 'NONE',  #1493 ) ;
#5326 = CARTESIAN_POINT ( 'NONE',  ( 1.150314624833993493, 1.170231281444096716, 0.9000000000000000222 ) ) ;
#5327 = ORIENTED_EDGE ( 'NONE', *, *, #3833, .T. ) ;
#5328 = EDGE_LOOP ( 'NONE', ( #867, #5180, #4579, #1346 ) ) ;
#5329 = ORIENTED_EDGE ( 'NONE', *, *, #863, .T. ) ;
#5330 = EDGE_CURVE ( 'NONE', #6034, #3407, #127, .T. ) ;
#5331 = DIRECTION ( 'NONE',  ( 0.000000000000000000, 1.000000000000000000, 0.000000000000000000 ) ) ;
#5332 = CARTESIAN_POINT ( 'NONE',  ( 1.068272557557687463, 1.287969001022424509, 0.9100000000000000311 ) ) ;
#5333 = VECTOR ( 'NONE', #8866, 1000.000000000000227 ) ;
#5334 = B_SPLINE_CURVE_WITH_KNOTS ( 'NONE', 3,
 ( #7310, #814, #8735, #1608 ),
 .UNSPECIFIED., .F., .F.,
 ( 4, 4 ),
 ( 17.00000000000000000, 18.00000000000000000 ),
 .UNSPECIFIED. ) ;
#5335 = FILL_AREA_STYLE ('',( #8933 ) ) ;
#5336 = ORIENTED_EDGE ( 'NONE', *, *, #904, .F. ) ;
#5337 = VERTEX_POINT ( 'NONE', #792 ) ;
#5338 = ORIENTED_EDGE ( 'NONE', *, *, #7655, .F. ) ;
#5339 = EDGE_CURVE ( 'NONE', #443, #1155, #6708, .T. ) ;
#5340 = CARTESIAN_POINT ( 'NONE',  ( 1.201206553584555525, 1.190166181731256767, 0.9000000000000000222 ) ) ;
#5341 = VECTOR ( 'NONE', #1313, 1000.000000000000000 ) ;
#5342 = FACE_OUTER_BOUND ( 'NONE', #6014, .T. ) ;
#5343 = CARTESIAN_POINT ( 'NONE',  ( 0.8422228583409444580, 1.225069178020515848, 0.9000000000000000222 ) ) ;
#5344 = LINE ( 'NONE', #2396, #5768 ) ;
#5345 = B_SPLINE_SURFACE_WITH_KNOTS ( 'NONE', 3, 1, ( 
 ( #4971, #705 ),
 ( #3577, #7724 ),
 ( #5640, #2115 ),
 ( #5021, #9288 ) ),
 .UNSPECIFIED., .F., .F., .F.,
 ( 4, 4 ),
 ( 2, 2 ),
 ( 5.000000000000000000, 6.000000000000000000 ),
 ( 0.000000000000000000, 1.000000000000000000 ),
 .UNSPECIFIED. ) ;
#5346 = CARTESIAN_POINT ( 'NONE',  ( 0.2500000000000000000, -1.450000000000000400, -0.02000000000000000042 ) ) ;
#5347 = EDGE_LOOP ( 'NONE', ( #3359, #1800, #7092, #4753, #2296, #6778, #6338 ) ) ;
#5348 = EDGE_CURVE ( 'NONE', #8936, #4274, #9107, .T. ) ;
#5349 = ORIENTED_EDGE ( 'NONE', *, *, #498, .F. ) ;
#5350 = CARTESIAN_POINT ( 'NONE',  ( 0.7409973803943973314, 1.296133570761587306, 0.9000000000000000222 ) ) ;
#5351 = FACE_OUTER_BOUND ( 'NONE', #3895, .T. ) ;
#5352 = CARTESIAN_POINT ( 'NONE',  ( 1.091876549030068588, 1.189661124644782575, 0.9000000000000000222 ) ) ;
#5353 = DIRECTION ( 'NONE',  ( 0.000000000000000000, 0.000000000000000000, 1.000000000000000000 ) ) ;
#5354 = CARTESIAN_POINT ( 'NONE',  ( 1.221988167221633503, 1.216369731735640114, 0.9000000000000000222 ) ) ;
#5355 = CARTESIAN_POINT ( 'NONE',  ( 1.117411641126347055, 1.183392474927158933, 0.9100000000000000311 ) ) ;
#5356 = ORIENTED_EDGE ( 'NONE', *, *, #7022, .T. ) ;
#5357 =( NAMED_UNIT ( * ) SI_UNIT ( $, .STERADIAN. ) SOLID_ANGLE_UNIT ( ) );
#5358 = ORIENTED_EDGE ( 'NONE', *, *, #1880, .F. ) ;
#5359 = CARTESIAN_POINT ( 'NONE',  ( 0.2500000000000000000, -1.450000000000000400, -0.02000000000000000042 ) ) ;
#5360 = PRESENTATION_STYLE_ASSIGNMENT (( #8202 ) ) ;
#5361 = DIRECTION ( 'NONE',  ( -0.000000000000000000, -0.000000000000000000, -1.000000000000000000 ) ) ;
#5362 = ORIENTED_EDGE ( 'NONE', *, *, #1880, .T. ) ;
#5363 = CARTESIAN_POINT ( 'NONE',  ( 1.094253288259571244, 1.220083386781760870, 0.9000000000000000222 ) ) ;
#5364 = CARTESIAN_POINT ( 'NONE',  ( 0.7500000000000000000, -1.450000000000000400, -0.02000000000000000042 ) ) ;
#5365 = EDGE_CURVE ( 'NONE', #4166, #6374, #7236, .T. ) ;
#5366 = CARTESIAN_POINT ( 'NONE',  ( 1.133944833391087981, 1.225995525614980153, 0.9100000000000000311 ) ) ;
#5367 = ADVANCED_FACE ( 'NONE', ( #2948 ), #9055, .F. ) ;
#5368 = PLANE ( 'NONE',  #1026 ) ;
#5369 = DIRECTION ( 'NONE',  ( -1.000000000000000000, -9.327481043576875350E-14, 0.000000000000000000 ) ) ;
#5370 = CARTESIAN_POINT ( 'NONE',  ( 1.121749190220074244, 1.212834332131919046, 0.9000000000000000222 ) ) ;
#5371 = VERTEX_POINT ( 'NONE', #2993 ) ;
#5372 = VERTEX_POINT ( 'NONE', #6659 ) ;
#5373 = ORIENTED_EDGE ( 'NONE', *, *, #2363, .T. ) ;
#5374 = ORIENTED_EDGE ( 'NONE', *, *, #634, .T. ) ;
#5375 = EDGE_LOOP ( 'NONE', ( #5294, #7067, #6522, #2052 ) ) ;
#5376 = CARTESIAN_POINT ( 'NONE',  ( 0.9678250667006877972, 1.287870270379535942, 0.9000000000000000222 ) ) ;
#5377 = ADVANCED_FACE ( 'NONE', ( #1584 ), #2201, .F. ) ;
#5378 = MECHANICAL_DESIGN_GEOMETRIC_PRESENTATION_REPRESENTATION (  '', ( #4452 ), #4306 ) ;
#5379 =( NAMED_UNIT ( * ) PLANE_ANGLE_UNIT ( ) SI_UNIT ( $, .RADIAN. ) );
#5380 = VERTEX_POINT ( 'NONE', #5852 ) ;
#5381 = DIRECTION ( 'NONE',  ( -1.000000000000000000, 0.000000000000000000, -0.000000000000000000 ) ) ;
#5382 = ADVANCED_FACE ( 'NONE', ( #2297 ), #8841, .F. ) ;
#5383 = ORIENTED_EDGE ( 'NONE', *, *, #3563, .F. ) ;
#5384 = EDGE_LOOP ( 'NONE', ( #7031, #8964, #8315, #7527 ) ) ;
#5385 = LINE ( 'NONE', #931, #4653 ) ;
#5386 = DIRECTION ( 'NONE',  ( -0.000000000000000000, -0.000000000000000000, -1.000000000000000000 ) ) ;
#5387 = LINE ( 'NONE', #8269, #573 ) ;
#5388 = CARTESIAN_POINT ( 'NONE',  ( 0.9442746619914175188, 1.295307241117606534, 0.9100000000000000311 ) ) ;
#5389 = CARTESIAN_POINT ( 'NONE',  ( 0.9219637340171907836, 1.327947293583841670, 0.9100000000000000311 ) ) ;
#5390 = ADVANCED_FACE ( 'NONE', ( #6795 ), #3181, .F. ) ;
#5391 = VECTOR ( 'NONE', #4225, 1000.000000000000000 ) ;
#5392 = ORIENTED_EDGE ( 'NONE', *, *, #5522, .T. ) ;
#5393 = CARTESIAN_POINT ( 'NONE',  ( 1.064024136185159231, 1.183541021129224102, 0.9100000000000000311 ) ) ;
#5394 = CARTESIAN_POINT ( 'NONE',  ( 1.166090231469228078, 1.190433564894261886, 0.9100000000000000311 ) ) ;
#5395 = CARTESIAN_POINT ( 'NONE',  ( 1.274484394951788557, 1.191681352989879983, 0.9100000000000000311 ) ) ;
#5396 = EDGE_CURVE ( 'NONE', #7455, #8958, #6954, .T. ) ;
#5397 = LINE ( 'NONE', #3961, #2835 ) ;
#5398 = CARTESIAN_POINT ( 'NONE',  ( 0.8975869957232925911, 1.253990743147983311, 0.9000000000000000222 ) ) ;
#5399 = ORIENTED_EDGE ( 'NONE', *, *, #5772, .T. ) ;
#5400 = LINE ( 'NONE', #9105, #7088 ) ;
#5401 = CARTESIAN_POINT ( 'NONE',  ( 1.250000000000000000, 0.4500000000000002887, 0.000000000000000000 ) ) ;
#5402 = EDGE_CURVE ( 'NONE', #6123, #7171, #3271, .T. ) ;
#5403 = CARTESIAN_POINT ( 'NONE',  ( 0.000000000000000000, 0.000000000000000000, 0.000000000000000000 ) ) ;
#5404 = CARTESIAN_POINT ( 'NONE',  ( 0.8422228583409444580, 1.225069178020515848, 0.9100000000000000311 ) ) ;
#5405 = ORIENTED_EDGE ( 'NONE', *, *, #1202, .F. ) ;
#5406 = SURFACE_SIDE_STYLE ('',( #3925 ) ) ;
#5407 = B_SPLINE_CURVE_WITH_KNOTS ( 'NONE', 3,
 ( #8034, #2978, #3741, #4495 ),
 .UNSPECIFIED., .F., .F.,
 ( 4, 4 ),
 ( 8.000000000000000000, 9.000000000000000000 ),
 .UNSPECIFIED. ) ;
#5408 = VECTOR ( 'NONE', #3145, 1000.000000000000000 ) ;
#5409 = DIRECTION ( 'NONE',  ( 0.9306703226357370129, 0.3658589216693960422, -0.000000000000000000 ) ) ;
#5410 = CARTESIAN_POINT ( 'NONE',  ( 1.137212849831603867, 1.225401340807505068, 0.9000000000000000222 ) ) ;
#5411 = DIRECTION ( 'NONE',  ( 1.000000000000000000, -0.000000000000000000, -0.000000000000000000 ) ) ;
#5412 = CARTESIAN_POINT ( 'NONE',  ( 1.240393041629584081, 1.323144741618009768, 0.9100000000000000311 ) ) ;
#5413 = CARTESIAN_POINT ( 'NONE',  ( 1.312363676420944314, 1.234224985196638702, 0.9000000000000000222 ) ) ;
#5414 = SURFACE_STYLE_USAGE ( .BOTH. , #2705 ) ;
#5415 = ORIENTED_EDGE ( 'NONE', *, *, #9083, .F. ) ;
#5416 = ORIENTED_EDGE ( 'NONE', *, *, #553, .F. ) ;
#5417 = EDGE_CURVE ( 'NONE', #6374, #823, #2647, .T. ) ;
#5418 = VECTOR ( 'NONE', #1171, 1000.000000000000114 ) ;
#5419 = ADVANCED_FACE ( 'NONE', ( #4043 ), #7558, .F. ) ;
#5420 = ORIENTED_EDGE ( 'NONE', *, *, #283, .F. ) ;
#5421 = VERTEX_POINT ( 'NONE', #2570 ) ;
#5422 = ORIENTED_EDGE ( 'NONE', *, *, #8572, .F. ) ;
#5423 = B_SPLINE_SURFACE_WITH_KNOTS ( 'NONE', 3, 1, ( 
 ( #154, #6766 ),
 ( #4790, #6110 ),
 ( #2596, #9053 ),
 ( #4072, #2544 ) ),
 .UNSPECIFIED., .F., .F., .F.,
 ( 4, 4 ),
 ( 2, 2 ),
 ( 10.00000000000000000, 11.00000000000000000 ),
 ( 0.000000000000000000, 1.000000000000000000 ),
 .UNSPECIFIED. ) ;
#5424 = CARTESIAN_POINT ( 'NONE',  ( 1.086038683297883223, 1.188532173510895351, 0.9000000000000000222 ) ) ;
#5425 = CARTESIAN_POINT ( 'NONE',  ( 1.128433769302953138, 1.282353954592944989, 0.9000000000000000222 ) ) ;
#5426 = FACE_OUTER_BOUND ( 'NONE', #5375, .T. ) ;
#5427 = AXIS2_PLACEMENT_3D ( 'NONE', #4936, #7829, #1381 ) ;
#5428 = EDGE_LOOP ( 'NONE', ( #884, #583, #43, #4913 ) ) ;
#5429 = CARTESIAN_POINT ( 'NONE',  ( 1.166981508680438040, 1.193790709055976285, 0.9100000000000000311 ) ) ;
#5430 = ADVANCED_FACE ( 'NONE', ( #2620 ), #1724, .F. ) ;
#5431 = VERTEX_POINT ( 'NONE', #4712 ) ;
#5432 = ORIENTED_EDGE ( 'NONE', *, *, #5801, .F. ) ;
#5433 = AXIS2_PLACEMENT_3D ( 'NONE', #478, #4020, #6112 ) ;
#5434 = VERTEX_POINT ( 'NONE', #1011 ) ;
#5435 = ORIENTED_EDGE ( 'NONE', *, *, #6094, .T. ) ;
#5436 = VECTOR ( 'NONE', #3569, 1000.000000000000000 ) ;
#5437 = ORIENTED_EDGE ( 'NONE', *, *, #5402, .T. ) ;
#5438 = VECTOR ( 'NONE', #338, 1000.000000000000000 ) ;
#5439 =( NAMED_UNIT ( * ) SI_UNIT ( $, .STERADIAN. ) SOLID_ANGLE_UNIT ( ) );
#5440 = PLANE ( 'NONE',  #2147 ) ;
#5441 = CARTESIAN_POINT ( 'NONE',  ( 0.8108222924599810533, 1.213087364687867931, 0.9000000000000000222 ) ) ;
#5442 = CARTESIAN_POINT ( 'NONE',  ( 0.8975869957232925911, 1.253990743147983311, 0.9100000000000000311 ) ) ;
#5443 = VERTEX_POINT ( 'NONE', #7604 ) ;
#5444 = VECTOR ( 'NONE', #8543, 1000.000000000000000 ) ;
#5445 = ORIENTED_EDGE ( 'NONE', *, *, #8755, .F. ) ;
#5446 = UNCERTAINTY_MEASURE_WITH_UNIT (LENGTH_MEASURE( 1.000000000000000082E-05 ), #8130, 'distance_accuracy_value', 'NONE');
#5447 = SURFACE_SIDE_STYLE ('',( #8997 ) ) ;
#5448 = AXIS2_PLACEMENT_3D ( 'NONE', #8396, #2505, #6313 ) ;
#5449 = ADVANCED_FACE ( 'NONE', ( #3894 ), #4761, .F. ) ;
#5450 = CARTESIAN_POINT ( 'NONE',  ( 1.221988167221633503, 1.216369731735640114, 0.9100000000000000311 ) ) ;
#5451 = DIRECTION ( 'NONE',  ( -0.000000000000000000, -0.000000000000000000, -1.000000000000000000 ) ) ;
#5452 = CARTESIAN_POINT ( 'NONE',  ( 1.165005844195845741, 1.193850127536643324, 0.9100000000000000311 ) ) ;
#5453 = CARTESIAN_POINT ( 'NONE',  ( -1.500000000000000000, -1.500000000000000222, 0.9000000000000000222 ) ) ;
#5454 = ORIENTED_EDGE ( 'NONE', *, *, #6926, .T. ) ;
#5455 = CARTESIAN_POINT ( 'NONE',  ( 1.075581030688395279, 1.206922193298701762, 0.9000000000000000222 ) ) ;
#5456 = CARTESIAN_POINT ( 'NONE',  ( 1.201206553584555525, 1.190166181731256767, 0.9100000000000000311 ) ) ;
#5457 = EDGE_LOOP ( 'NONE', ( #4250, #4501, #5282, #4779 ) ) ;
#5458 = FACE_OUTER_BOUND ( 'NONE', #3339, .T. ) ;
#5459 = VERTEX_POINT ( 'NONE', #2669 ) ;
#5460 = SURFACE_STYLE_FILL_AREA ( #8288 ) ;
#5461 = FACE_OUTER_BOUND ( 'NONE', #1368, .T. ) ;
#5462 = DIRECTION ( 'NONE',  ( 0.000000000000000000, 0.000000000000000000, 1.000000000000000000 ) ) ;
#5463 = DIRECTION ( 'NONE',  ( 0.000000000000000000, 0.000000000000000000, -1.000000000000000000 ) ) ;
#5464 = CARTESIAN_POINT ( 'NONE',  ( 1.239590892139771805, 1.326412758058725494, 0.9100000000000000311 ) ) ;
#5465 = PLANE ( 'NONE',  #3608 ) ;
#5466 = CARTESIAN_POINT ( 'NONE',  ( 1.040271598510911888, 1.209714861893276483, 0.9000000000000000222 ) ) ;
#5467 = EDGE_LOOP ( 'NONE', ( #3612, #455, #539, #3168 ) ) ;
#5468 = EDGE_LOOP ( 'NONE', ( #6098, #2009, #3113, #3698 ) ) ;
#5469 = VECTOR ( 'NONE', #9091, 1000.000000000000000 ) ;
#5470 = ORIENTED_EDGE ( 'NONE', *, *, #3363, .T. ) ;
#5471 = CARTESIAN_POINT ( 'NONE',  ( 1.147521956239419438, 1.164586525774281345, 0.9100000000000000311 ) ) ;
#5472 = CARTESIAN_POINT ( 'NONE',  ( 1.095530785595322243, 1.334820473082782177, 0.9000000000000000222 ) ) ;
#5473 = EDGE_CURVE ( 'NONE', #2939, #1451, #7755, .T. ) ;
#5474 = LINE ( 'NONE', #1864, #7246 ) ;
#5475 = VECTOR ( 'NONE', #6344, 1000.000000000000000 ) ;
#5476 = B_SPLINE_CURVE_WITH_KNOTS ( 'NONE', 3,
 ( #206, #8913, #3062, #5972 ),
 .UNSPECIFIED., .F., .F.,
 ( 4, 4 ),
 ( 9.000000000000000000, 10.00000000000000000 ),
 .UNSPECIFIED. ) ;
#5477 = DIRECTION ( 'NONE',  ( -0.3283461648125085008, 0.9445574604294419974, -0.000000000000000000 ) ) ;
#5478 = ORIENTED_EDGE ( 'NONE', *, *, #8479, .F. ) ;
#5479 = VERTEX_POINT ( 'NONE', #4182 ) ;
#5480 = VERTEX_POINT ( 'NONE', #7798 ) ;
#5481 = EDGE_LOOP ( 'NONE', ( #9366, #4672, #794, #3586 ) ) ;
#5482 = DIRECTION ( 'NONE',  ( -1.000000000000000000, -0.000000000000000000, -0.000000000000000000 ) ) ;
#5483 = CARTESIAN_POINT ( 'NONE',  ( 1.179444535014458895, 1.327155489067869620, 0.9000000000000000222 ) ) ;
#5484 = EDGE_CURVE ( 'NONE', #905, #1583, #4231, .T. ) ;
#5485 = CARTESIAN_POINT ( 'NONE',  ( 1.280322260684175095, 1.197118143977355720, 0.9100000000000000311 ) ) ;
#5486 = CARTESIAN_POINT ( 'NONE',  ( 1.114247607027199383, 1.213844446304467306, 0.9100000000000000311 ) ) ;
#5487 = EDGE_CURVE ( 'NONE', #2159, #905, #6425, .T. ) ;
#5488 = EDGE_LOOP ( 'NONE', ( #5184, #8247, #4920, #832 ) ) ;
#5489 = VECTOR ( 'NONE', #995, 1000.000000000000000 ) ;
#5490 = SURFACE_STYLE_USAGE ( .BOTH. , #1117 ) ;
#5491 = VERTEX_POINT ( 'NONE', #3519 ) ;
#5492 = VERTEX_POINT ( 'NONE', #643 ) ;
#5493 = SURFACE_STYLE_USAGE ( .BOTH. , #6428 ) ;
#5494 = ORIENTED_EDGE ( 'NONE', *, *, #735, .F. ) ;
#5495 = B_SPLINE_CURVE_WITH_KNOTS ( 'NONE', 3,
 ( #708, #5644, #7157, #7772 ),
 .UNSPECIFIED., .F., .F.,
 ( 4, 4 ),
 ( 9.000000000000000000, 10.00000000000000000 ),
 .UNSPECIFIED. ) ;
#5496 = CARTESIAN_POINT ( 'NONE',  ( -1.250000000000000000, -1.450000000000000400, -0.02000000000000000042 ) ) ;
#5497 = CARTESIAN_POINT ( 'NONE',  ( 1.129696412018558638, 1.220083386781760870, 0.9000000000000000222 ) ) ;
#5498 = DIRECTION ( 'NONE',  ( 1.000000000000000000, -0.000000000000000000, -0.000000000000000000 ) ) ;
#5499 = CARTESIAN_POINT ( 'NONE',  ( 1.163163871293149132, 1.333840068150567770, 0.9000000000000000222 ) ) ;
#5500 = VERTEX_POINT ( 'NONE', #7705 ) ;
#5501 = CARTESIAN_POINT ( 'NONE',  ( -1.250000000000000000, 1.450000000000000400, 0.000000000000000000 ) ) ;
#5502 = LINE ( 'NONE', #7628, #3896 ) ;
#5503 = VERTEX_POINT ( 'NONE', #4147 ) ;
#5504 = EDGE_CURVE ( 'NONE', #2029, #167, #2098, .T. ) ;
#5505 = B_SPLINE_SURFACE_WITH_KNOTS ( 'NONE', 3, 1, ( 
 ( #1523, #5975 ),
 ( #8208, #1712 ),
 ( #8867, #4596 ),
 ( #2369, #1668 ) ),
 .UNSPECIFIED., .F., .F., .F.,
 ( 4, 4 ),
 ( 2, 2 ),
 ( 5.000000000000000000, 6.000000000000000000 ),
 ( 0.000000000000000000, 1.000000000000000000 ),
 .UNSPECIFIED. ) ;
#5506 = LINE ( 'NONE', #1181, #6634 ) ;
#5507 = VERTEX_POINT ( 'NONE', #9276 ) ;
#5508 = CARTESIAN_POINT ( 'NONE',  ( 1.128433769302953138, 1.282353954592944989, 0.9100000000000000311 ) ) ;
#5509 = CARTESIAN_POINT ( 'NONE',  ( 1.128433769302969791, 1.327155489067869620, 0.9100000000000000311 ) ) ;
#5510 = DIRECTION ( 'NONE',  ( -1.000000000000000000, -0.000000000000000000, -0.000000000000000000 ) ) ;
#5511 = CARTESIAN_POINT ( 'NONE',  ( 0.8661864298425271391, 1.324641973037194775, 0.9100000000000000311 ) ) ;
#5512 = VERTEX_POINT ( 'NONE', #3562 ) ;
#5513 = DIRECTION ( 'NONE',  ( -0.000000000000000000, -0.000000000000000000, -1.000000000000000000 ) ) ;
#5514 = ORIENTED_EDGE ( 'NONE', *, *, #1507, .T. ) ;
#5515 = VERTEX_POINT ( 'NONE', #9315 ) ;
#5516 = EDGE_LOOP ( 'NONE', ( #7804, #1344, #6943, #1208 ) ) ;
#5517 = DIRECTION ( 'NONE',  ( 0.000000000000000000, -0.000000000000000000, -1.000000000000000000 ) ) ;
#5518 = DIRECTION ( 'NONE',  ( 0.3315284183576200916, 0.9434452330799572017, -0.000000000000000000 ) ) ;
#5519 = DIRECTION ( 'NONE',  ( 0.000000000000000000, 1.000000000000000000, -0.000000000000000000 ) ) ;
#5520 = PLANE ( 'NONE',  #8312 ) ;
#5521 = ORIENTED_EDGE ( 'NONE', *, *, #44, .T. ) ;
#5522 = EDGE_CURVE ( 'NONE', #8908, #1549, #1638, .T. ) ;
#5523 =( NAMED_UNIT ( * ) SI_UNIT ( $, .STERADIAN. ) SOLID_ANGLE_UNIT ( ) );
#5524 = ORIENTED_EDGE ( 'NONE', *, *, #6559, .F. ) ;
#5525 = ORIENTED_EDGE ( 'NONE', *, *, #5570, .F. ) ;
#5526 = VERTEX_POINT ( 'NONE', #8558 ) ;
#5527 = VERTEX_POINT ( 'NONE', #2967 ) ;
#5528 = CARTESIAN_POINT ( 'NONE',  ( 1.223637030062156406, 1.234967716206178068, 0.9000000000000000222 ) ) ;
#5529 = FACE_OUTER_BOUND ( 'NONE', #3170, .T. ) ;
#5530 = FACE_OUTER_BOUND ( 'NONE', #6743, .T. ) ;
#5531 = CARTESIAN_POINT ( 'NONE',  ( 0.7215786042045757576, 1.249032741641795008, 0.9100000000000000311 ) ) ;
#5532 = DIRECTION ( 'NONE',  ( 0.000000000000000000, -1.000000000000000000, 0.000000000000000000 ) ) ;
#5533 = EDGE_CURVE ( 'NONE', #2324, #8533, #6327, .T. ) ;
#5534 = EDGE_CURVE ( 'NONE', #8874, #3746, #8605, .T. ) ;
#5535 = ORIENTED_EDGE ( 'NONE', *, *, #4635, .F. ) ;
#5536 = CARTESIAN_POINT ( 'NONE',  ( 1.137138576730766237, 1.219073272609214831, 0.9000000000000000222 ) ) ;
#5537 = CARTESIAN_POINT ( 'NONE',  ( 1.311412980729066646, 1.230154819266510824, 0.9100000000000000311 ) ) ;
#5538 = CARTESIAN_POINT ( 'NONE',  ( 1.235936655574717769, 1.241652295288878660, 0.9100000000000000311 ) ) ;
#5539 = LINE ( 'NONE', #9046, #6933 ) ;
#5540 = CARTESIAN_POINT ( 'NONE',  ( 1.089336408978731408, 1.225995525614980153, 0.9000000000000000222 ) ) ;
#5541 = ORIENTED_EDGE ( 'NONE', *, *, #1648, .F. ) ;
#5542 = CARTESIAN_POINT ( 'NONE',  ( 1.079146139532448867, 1.218389960080735746, 0.9000000000000000222 ) ) ;
#5543 = DIRECTION ( 'NONE',  ( -0.000000000000000000, -0.000000000000000000, -1.000000000000000000 ) ) ;
#5544 = ORIENTED_EDGE ( 'NONE', *, *, #6689, .F. ) ;
#5545 = EDGE_CURVE ( 'NONE', #3477, #4054, #8511, .T. ) ;
#5546 = ORIENTED_EDGE ( 'NONE', *, *, #1269, .T. ) ;
#5547 = FACE_OUTER_BOUND ( 'NONE', #4002, .T. ) ;
#5548 = SURFACE_SIDE_STYLE ('',( #5460 ) ) ;
#5549 = FACE_OUTER_BOUND ( 'NONE', #1139, .T. ) ;
#5550 = CARTESIAN_POINT ( 'NONE',  ( 0.9698908927811655811, 1.201931916461858485, 0.9100000000000000311 ) ) ;
#5551 = CARTESIAN_POINT ( 'NONE',  ( 1.084761185961930607, 1.208199690634653711, 0.9100000000000000311 ) ) ;
#5552 = VECTOR ( 'NONE', #5175, 1000.000000000000000 ) ;
#5553 = CARTESIAN_POINT ( 'NONE',  ( 0.9273348786743881300, 1.272996321023685207, 0.9000000000000000222 ) ) ;
#5554 = CARTESIAN_POINT ( 'NONE',  ( 1.311769491613867356, 1.231105514957992586, 0.9100000000000000311 ) ) ;
#5555 = CARTESIAN_POINT ( 'NONE',  ( 1.070990953051428107, 1.194652277026851506, 0.9000000000000000222 ) ) ;
#5556 = ORIENTED_EDGE ( 'NONE', *, *, #1306, .T. ) ;
#5557 = PRESENTATION_STYLE_ASSIGNMENT (( #1432 ) ) ;
#5558 = VECTOR ( 'NONE', #3827, 1000.000000000000000 ) ;
#5559 = ORIENTED_EDGE ( 'NONE', *, *, #8431, .F. ) ;
#5560 = ORIENTED_EDGE ( 'NONE', *, *, #3902, .F. ) ;
#5561 = DIRECTION ( 'NONE',  ( -0.000000000000000000, -0.000000000000000000, -1.000000000000000000 ) ) ;
#5562 = ADVANCED_FACE ( 'NONE', ( #4910 ), #7903, .F. ) ;
#5563 = CARTESIAN_POINT ( 'NONE',  ( 0.8864315317360796920, 1.349431886003709113, 0.9100000000000000311 ) ) ;
#5564 = LINE ( 'NONE', #4860, #4520 ) ;
#5565 = AXIS2_PLACEMENT_3D ( 'NONE', #5242, #796, #6571 ) ;
#5566 = PRESENTATION_STYLE_ASSIGNMENT (( #4813 ) ) ;
#5567 = ORIENTED_EDGE ( 'NONE', *, *, #2495, .F. ) ;
#5568 = ORIENTED_EDGE ( 'NONE', *, *, #1845, .T. ) ;
#5569 = EDGE_LOOP ( 'NONE', ( #4483, #9354, #6048, #2957 ) ) ;
#5570 = EDGE_CURVE ( 'NONE', #6706, #252, #7484, .T. ) ;
#5571 = ORIENTED_EDGE ( 'NONE', *, *, #1539, .F. ) ;
#5572 = EDGE_CURVE ( 'NONE', #9340, #1769, #906, .T. ) ;
#5573 = COLOUR_RGB ( '',0.8274509803921568096, 0.6666666666666666297, 0.1294117647058823373 ) ;
#5574 = DIRECTION ( 'NONE',  ( -0.000000000000000000, -0.000000000000000000, -1.000000000000000000 ) ) ;
#5575 = VECTOR ( 'NONE', #4237, 1000.000000000000000 ) ;
#5576 = CARTESIAN_POINT ( 'NONE',  ( 1.084152146534487438, 1.182560616197007253, 0.9100000000000000311 ) ) ;
#5577 = LINE ( 'NONE', #2937, #6627 ) ;
#5578 = CARTESIAN_POINT ( 'NONE',  ( 1.120932186110094486, 1.275728793990911436, 0.9000000000000000222 ) ) ;
#5579 = PRODUCT_DEFINITION_SHAPE ( 'NONE', 'NONE',  #5753 ) ;
#5580 = CARTESIAN_POINT ( 'NONE',  ( 1.275360817542436687, 1.205882369885818761, 0.9000000000000000222 ) ) ;
#5581 = VECTOR ( 'NONE', #6228, 1000.000000000000000 ) ;
#5582 = VERTEX_POINT ( 'NONE', #3783 ) ;
#5583 = DIRECTION ( 'NONE',  ( 1.000000000000000000, 0.000000000000000000, 0.000000000000000000 ) ) ;
#5584 = AXIS2_PLACEMENT_3D ( 'NONE', #7114, #5688, #8722 ) ;
#5585 = DIRECTION ( 'NONE',  ( 0.000000000000000000, 1.000000000000000000, 0.000000000000000000 ) ) ;
#5586 = VECTOR ( 'NONE', #1427, 1000.000000000000000 ) ;
#5587 = CARTESIAN_POINT ( 'NONE',  ( 1.132199415519528074, 1.183385047617169894, 0.9100000000000000311 ) ) ;
#5588 = EDGE_CURVE ( 'NONE', #5725, #4609, #2662, .T. ) ;
#5589 = LINE ( 'NONE', #1982, #6961 ) ;
#5590 = ORIENTED_EDGE ( 'NONE', *, *, #2051, .F. ) ;
#5591 = CARTESIAN_POINT ( 'NONE',  ( -1.250000000000000000, 0.4500000000000002887, -0.02000000000000000042 ) ) ;
#5592 = CARTESIAN_POINT ( 'NONE',  ( 1.096867701411943452, 1.189958217048518119, 0.9000000000000000222 ) ) ;
#5593 = EDGE_LOOP ( 'NONE', ( #4768, #9184, #825, #6727 ) ) ;
#5594 = VECTOR ( 'NONE', #6256, 1000.000000000000000 ) ;
#5595 = ORIENTED_EDGE ( 'NONE', *, *, #7810, .F. ) ;
#5596 = CARTESIAN_POINT ( 'NONE',  ( 0.8108222924599810533, 1.213087364687867931, 0.9100000000000000311 ) ) ;
#5597 = VERTEX_POINT ( 'NONE', #281 ) ;
#5598 = DIRECTION ( 'NONE',  ( -0.000000000000000000, -0.000000000000000000, -1.000000000000000000 ) ) ;
#5599 = SURFACE_STYLE_USAGE ( .BOTH. , #2551 ) ;
#5600 = DIRECTION ( 'NONE',  ( 1.000000000000000000, -0.000000000000000000, -0.000000000000000000 ) ) ;
#5601 = CARTESIAN_POINT ( 'NONE',  ( 0.8186724299899691415, 1.308115364392980151, 0.9100000000000000311 ) ) ;
#5602 = CARTESIAN_POINT ( 'NONE',  ( 0.7480211764592570312, 1.194081771051166196, 0.9100000000000000311 ) ) ;
#5603 = VERTEX_POINT ( 'NONE', #240 ) ;
#5604 = CARTESIAN_POINT ( 'NONE',  ( 1.117679024289748302, 1.205466440520745808, 0.9100000000000000311 ) ) ;
#5605 = COLOUR_RGB ( '',0.2980392156862745057, 0.2980392156862745057, 0.2980392156862745057 ) ;
#5606 = CARTESIAN_POINT ( 'NONE',  ( 1.070990953051428107, 1.190938621980732526, 0.9100000000000000311 ) ) ;
#5607 = EDGE_CURVE ( 'NONE', #7640, #5380, #8243, .T. ) ;
#5608 = STYLED_ITEM ( 'NONE', ( #66 ), #147 ) ;
#5609 = FACE_OUTER_BOUND ( 'NONE', #7277, .T. ) ;
#5610 = ORIENTED_EDGE ( 'NONE', *, *, #4378, .F. ) ;
#5611 = VERTEX_POINT ( 'NONE', #8109 ) ;
#5612 = ORIENTED_EDGE ( 'NONE', *, *, #9228, .T. ) ;
#5613 = CARTESIAN_POINT ( 'NONE',  ( 0.8959343285546285118, 1.196147597132037221, 0.9100000000000000311 ) ) ;
#5614 = CARTESIAN_POINT ( 'NONE',  ( 1.109301018506022807, 1.332443733853280632, 0.9000000000000000222 ) ) ;
#5615 = B_SPLINE_CURVE_WITH_KNOTS ( 'NONE', 3,
 ( #2178, #9349, #2223, #681 ),
 .UNSPECIFIED., .F., .F.,
 ( 4, 4 ),
 ( 12.00000000000000000, 13.00000000000000000 ),
 .UNSPECIFIED. ) ;
#5616 = EDGE_CURVE ( 'NONE', #7648, #4295, #2272, .T. ) ;
#5617 = DIRECTION ( 'NONE',  ( 1.000000000000000000, -0.000000000000000000, -0.000000000000000000 ) ) ;
#5618 = VECTOR ( 'NONE', #2711, 1000.000000000000000 ) ;
#5619 = DIRECTION ( 'NONE',  ( -0.000000000000000000, -0.000000000000000000, -1.000000000000000000 ) ) ;
#5620 = ORIENTED_EDGE ( 'NONE', *, *, #1920, .T. ) ;
#5621 = DIRECTION ( 'NONE',  ( 0.000000000000000000, -1.000000000000000000, 0.000000000000000000 ) ) ;
#5622 = EDGE_CURVE ( 'NONE', #4556, #4792, #3866, .T. ) ;
#5623 = EDGE_LOOP ( 'NONE', ( #9353, #1869, #3917, #1914 ) ) ;
#5624 = ORIENTED_EDGE ( 'NONE', *, *, #3674, .F. ) ;
#5625 = UNCERTAINTY_MEASURE_WITH_UNIT (LENGTH_MEASURE( 1.000000000000000082E-05 ), #9287, 'distance_accuracy_value', 'NONE');
#5626 = AXIS2_PLACEMENT_3D ( 'NONE', #6059, #943, #4581 ) ;
#5627 =( NAMED_UNIT ( * ) PLANE_ANGLE_UNIT ( ) SI_UNIT ( $, .RADIAN. ) );
#5628 = PLANE ( 'NONE',  #1246 ) ;
#5629 = CARTESIAN_POINT ( 'NONE',  ( 1.201711610670615382, 1.326145374895321360, 0.9100000000000000311 ) ) ;
#5630 = STYLED_ITEM ( 'NONE', ( #5360 ), #6091 ) ;
#5631 = CARTESIAN_POINT ( 'NONE',  ( 1.032770015318032586, 1.275728793990911436, 0.9000000000000000222 ) ) ;
#5632 = ORIENTED_EDGE ( 'NONE', *, *, #2750, .F. ) ;
#5633 = CARTESIAN_POINT ( 'NONE',  ( 1.165005844195845297, 1.193850127536643324, 0.9000000000000000222 ) ) ;
#5634 = EDGE_CURVE ( 'NONE', #7506, #7596, #3101, .T. ) ;
#5635 = UNCERTAINTY_MEASURE_WITH_UNIT (LENGTH_MEASURE( 1.000000000000000082E-05 ), #3621, 'distance_accuracy_value', 'NONE');
#5636 = B_SPLINE_CURVE_WITH_KNOTS ( 'NONE', 3,
 ( #961, #165, #6026, #6645 ),
 .UNSPECIFIED., .F., .F.,
 ( 4, 4 ),
 ( 6.000000000000000000, 7.000000000000000000 ),
 .UNSPECIFIED. ) ;
#5637 = VERTEX_POINT ( 'NONE', #990 ) ;
#5638 = ORIENTED_EDGE ( 'NONE', *, *, #6922, .T. ) ;
#5639 = SURFACE_STYLE_USAGE ( .BOTH. , #5773 ) ;
#5640 = CARTESIAN_POINT ( 'NONE',  ( 1.259139572301796406, 1.234967716206178068, 0.9100000000000000311 ) ) ;
#5641 = FACE_OUTER_BOUND ( 'NONE', #7985, .T. ) ;
#5642 = DIRECTION ( 'NONE',  ( 1.000000000000000000, 0.000000000000000000, 0.000000000000000000 ) ) ;
#5643 = ORIENTED_EDGE ( 'NONE', *, *, #1475, .T. ) ;
#5644 = CARTESIAN_POINT ( 'NONE',  ( 1.073664784684665197, 1.311439300913304518, 0.9000000000000000222 ) ) ;
#5645 = EDGE_CURVE ( 'NONE', #5215, #434, #2206, .T. ) ;
#5646 = CARTESIAN_POINT ( 'NONE',  ( 1.093213464846687577, 1.274748389058698805, 0.9000000000000000222 ) ) ;
#5647 = ORIENTED_EDGE ( 'NONE', *, *, #1289, .T. ) ;
#5648 = CARTESIAN_POINT ( 'NONE',  ( 1.094000759716531324, 1.185026483147513687, 0.9100000000000000311 ) ) ;
#5649 = VERTEX_POINT ( 'NONE', #5315 ) ;
#5650 = CARTESIAN_POINT ( 'NONE',  ( 0.9103951111183632428, 1.232092981966071532, 0.9100000000000000311 ) ) ;
#5651 = PLANE ( 'NONE',  #1096 ) ;
#5652 = CARTESIAN_POINT ( 'NONE',  ( 1.109301018506022807, 1.324600494396363182, 0.9100000000000000311 ) ) ;
#5653 = CARTESIAN_POINT ( 'NONE',  ( 1.146021639600764308, 1.225044829923102929, 0.9000000000000000222 ) ) ;
#5654 = CARTESIAN_POINT ( 'NONE',  ( 0.7723979383946608657, 1.211847887953021008, 0.9100000000000000311 ) ) ;
#5655 = CARTESIAN_POINT ( 'NONE',  ( 1.251771680690619837, 1.291623237587880224, 0.9100000000000000311 ) ) ;
#5656 = CARTESIAN_POINT ( 'NONE',  ( 0.8864315317360796920, 1.349431886003709113, 0.9100000000000000311 ) ) ;
#5657 = ORIENTED_EDGE ( 'NONE', *, *, #7946, .F. ) ;
#5658 = DIRECTION ( 'NONE',  ( -1.000000000000000000, 0.000000000000000000, 0.000000000000000000 ) ) ;
#5659 = EDGE_CURVE ( 'NONE', #9029, #1356, #8819, .T. ) ;
#5660 = EDGE_LOOP ( 'NONE', ( #7217, #2766, #3249, #7325 ) ) ;
#5661 = CARTESIAN_POINT ( 'NONE',  ( 0.7476080254281427528, 1.249859090987030186, 0.9100000000000000311 ) ) ;
#5662 = ORIENTED_EDGE ( 'NONE', *, *, #5762, .F. ) ;
#5663 = ORIENTED_EDGE ( 'NONE', *, *, #6785, .T. ) ;
#5664 = EDGE_CURVE ( 'NONE', #9307, #437, #9224, .T. ) ;
#5665 = DIRECTION ( 'NONE',  ( -0.000000000000000000, -0.000000000000000000, 1.000000000000000000 ) ) ;
#5666 = CARTESIAN_POINT ( 'NONE',  ( 1.123338634579733597, 1.210635848344820964, 0.9100000000000000311 ) ) ;
#5667 = CARTESIAN_POINT ( 'NONE',  ( 1.265022001894681170, 1.192186410075955383, 0.9100000000000000311 ) ) ;
#5668 = DIRECTION ( 'NONE',  ( 1.000000000000000000, 2.982286546578954900E-12, -0.000000000000000000 ) ) ;
#5669 = ADVANCED_FACE ( 'NONE', ( #5168, #1040 ), #1660, .F. ) ;
#5670 = ORIENTED_EDGE ( 'NONE', *, *, #8463, .T. ) ;
#5671 = ORIENTED_EDGE ( 'NONE', *, *, #5718, .F. ) ;
#5672 = CARTESIAN_POINT ( 'NONE',  ( 1.117411641126347055, 1.183392474927158933, 0.9100000000000000311 ) ) ;
#5673 = SURFACE_STYLE_USAGE ( .BOTH. , #5009 ) ;
#5674 = PRESENTATION_STYLE_ASSIGNMENT (( #4323 ) ) ;
#5675 = SURFACE_STYLE_USAGE ( .BOTH. , #2773 ) ;
#5676 = DIRECTION ( 'NONE',  ( 0.3315284183505310400, 0.9434452330824483202, -0.000000000000000000 ) ) ;
#5677 = CARTESIAN_POINT ( 'NONE',  ( 1.040271598510911888, 1.190166181731253214, 0.9000000000000000222 ) ) ;
#5678 = ORIENTED_EDGE ( 'NONE', *, *, #8581, .F. ) ;
#5679 = ADVANCED_FACE ( 'NONE', ( #6633 ), #5423, .F. ) ;
#5680 = CARTESIAN_POINT ( 'NONE',  ( 1.073664784684665197, 1.297178865536694703, 0.9100000000000000311 ) ) ;
#5681 = CARTESIAN_POINT ( 'NONE',  ( 1.196378802024704591, 1.288414639627836422, 0.9100000000000000311 ) ) ;
#5682 = DIRECTION ( 'NONE',  ( 0.3559357243643255231, 0.9345104387438606386, 0.000000000000000000 ) ) ;
#5683 = VECTOR ( 'NONE', #1531, 1000.000000000000000 ) ;
#5684 = CARTESIAN_POINT ( 'NONE',  ( 0.9013054732116276835, 1.183752640648386922, 0.9100000000000000311 ) ) ;
#5685 = B_SPLINE_CURVE_WITH_KNOTS ( 'NONE', 3,
 ( #6361, #1852, #8440, #7122 ),
 .UNSPECIFIED., .F., .F.,
 ( 4, 4 ),
 ( 2.000000000000000000, 3.000000000000000000 ),
 .UNSPECIFIED. ) ;
#5686 = ORIENTED_EDGE ( 'NONE', *, *, #8398, .T. ) ;
#5687 = CARTESIAN_POINT ( 'NONE',  ( 1.073248855319393069, 1.282680756237013497, 0.9100000000000000311 ) ) ;
#5688 = DIRECTION ( 'NONE',  ( -0.9676172723862104252, -0.2524218971877646989, 0.000000000000000000 ) ) ;
#5689 = LINE ( 'NONE', #5109, #2825 ) ;
#5690 = FACE_OUTER_BOUND ( 'NONE', #3302, .T. ) ;
#5691 = ADVANCED_FACE ( 'NONE', ( #1128 ), #2528, .F. ) ;
#5692 = CARTESIAN_POINT ( 'NONE',  ( 1.073664784684665197, 1.304130827782795654, 0.9100000000000000311 ) ) ;
#5693 =( NAMED_UNIT ( * ) SI_UNIT ( $, .STERADIAN. ) SOLID_ANGLE_UNIT ( ) );
#5694 = DIRECTION ( 'NONE',  ( 0.3493954794973129219, -0.9369753459439809085, -0.000000000000000000 ) ) ;
#5695 = CARTESIAN_POINT ( 'NONE',  ( 1.139797553743641112, 1.201693366993959788, 0.9000000000000000222 ) ) ;
#5696 = CARTESIAN_POINT ( 'NONE',  ( 1.238640196447892361, 1.322342592128198602, 0.9100000000000000311 ) ) ;
#5697 = DIRECTION ( 'NONE',  ( -0.9903286039881391556, -0.1387416884822416097, -0.000000000000000000 ) ) ;
#5698 = VECTOR ( 'NONE', #3198, 1000.000000000000000 ) ;
#5699 = VERTEX_POINT ( 'NONE', #4162 ) ;
#5700 = CARTESIAN_POINT ( 'NONE',  ( -0.7500000000000000000, 1.450000000000000400, -0.02000000000000000042 ) ) ;
#5701 = VERTEX_POINT ( 'NONE', #5401 ) ;
#5702 = CARTESIAN_POINT ( 'NONE',  ( 1.115807342146520220, 1.220469606906500415, 0.9000000000000000222 ) ) ;
#5703 = EDGE_CURVE ( 'NONE', #1866, #7212, #7062, .T. ) ;
#5704 = CARTESIAN_POINT ( 'NONE',  ( -0.7500000000000000000, 0.4500000000000002887, 0.000000000000000000 ) ) ;
#5705 = CARTESIAN_POINT ( 'NONE',  ( 1.125462845266195666, 1.182560616197007253, 0.9100000000000000311 ) ) ;
#5706 =( LENGTH_UNIT ( ) NAMED_UNIT ( * ) SI_UNIT ( .MILLI., .METRE. ) );
#5707 = DIRECTION ( 'NONE',  ( -0.5048830486499245040, 0.8631877589412154661, 0.000000000000000000 ) ) ;
#5708 = EDGE_CURVE ( 'NONE', #980, #3699, #1843, .T. ) ;
#5709 = CARTESIAN_POINT ( 'NONE',  ( 1.163520382177555490, 1.168419017781734182, 0.9000000000000000222 ) ) ;
#5710 = EDGE_CURVE ( 'NONE', #8168, #7515, #7019, .T. ) ;
#5711 = ORIENTED_EDGE ( 'NONE', *, *, #1215, .F. ) ;
#5712 = ORIENTED_EDGE ( 'NONE', *, *, #3022, .T. ) ;
#5713 = CARTESIAN_POINT ( 'NONE',  ( 1.074556061895679759, 1.185828632637324187, 0.9100000000000000311 ) ) ;
#5714 = DIRECTION ( 'NONE',  ( 1.000000000000000000, 0.000000000000000000, 0.000000000000000000 ) ) ;
#5715 = SURFACE_STYLE_FILL_AREA ( #2812 ) ;
#5716 = AXIS2_PLACEMENT_3D ( 'NONE', #5829, #1557, #2356 ) ;
#5717 = CARTESIAN_POINT ( 'NONE',  ( 1.150864245780769624, 1.327155489067869620, 0.9000000000000000222 ) ) ;
#5718 = EDGE_CURVE ( 'NONE', #400, #7038, #515, .T. ) ;
#5719 = LINE ( 'NONE', #9239, #1931 ) ;
#5720 = EDGE_CURVE ( 'NONE', #5582, #543, #7676, .T. ) ;
#5721 = UNCERTAINTY_MEASURE_WITH_UNIT (LENGTH_MEASURE( 1.000000000000000082E-05 ), #1029, 'distance_accuracy_value', 'NONE');
#5722 = EDGE_LOOP ( 'NONE', ( #1002, #6211, #1292, #492 ) ) ;
#5723 = VECTOR ( 'NONE', #5105, 1000.000000000000000 ) ;
#5724 = VECTOR ( 'NONE', #7931, 1000.000000000000000 ) ;
#5725 = VERTEX_POINT ( 'NONE', #1935 ) ;
#5726 = CARTESIAN_POINT ( 'NONE',  ( 1.079368958835152492, 1.287553071657355330, 0.9000000000000000222 ) ) ;
#5727 = CARTESIAN_POINT ( 'NONE',  ( 1.167026072540940485, 1.177272371411596463, 0.9000000000000000222 ) ) ;
#5728 = LINE ( 'NONE', #613, #3367 ) ;
#5729 = CARTESIAN_POINT ( 'NONE',  ( 1.105022887892961991, 1.275877340192582254, 0.9100000000000000311 ) ) ;
#5730 = MECHANICAL_DESIGN_GEOMETRIC_PRESENTATION_REPRESENTATION (  '', ( #8756 ), #6490 ) ;
#5731 =( GEOMETRIC_REPRESENTATION_CONTEXT ( 3 ) GLOBAL_UNCERTAINTY_ASSIGNED_CONTEXT ( ( #5446 ) ) GLOBAL_UNIT_ASSIGNED_CONTEXT ( ( #8130, #2342, #8181 ) ) REPRESENTATION_CONTEXT ( 'NONE', 'WORKASPACE' ) );
#5732 = CARTESIAN_POINT ( 'NONE',  ( 1.125269735203826116, 1.201782494714958016, 0.9100000000000000311 ) ) ;
#5733 = ORIENTED_EDGE ( 'NONE', *, *, #7719, .T. ) ;
#5734 = FACE_OUTER_BOUND ( 'NONE', #7225, .T. ) ;
#5735 = EDGE_CURVE ( 'NONE', #2533, #4054, #5502, .T. ) ;
#5736 = VECTOR ( 'NONE', #8695, 1000.000000000000000 ) ;
#5737 = ORIENTED_EDGE ( 'NONE', *, *, #4803, .T. ) ;
#5738 = CARTESIAN_POINT ( 'NONE',  ( 1.094000759716531324, 1.185026483147513687, 0.9000000000000000222 ) ) ;
#5739 = ORIENTED_EDGE ( 'NONE', *, *, #3393, .F. ) ;
#5740 = CARTESIAN_POINT ( 'NONE',  ( 1.193704970391465947, 1.183541021129224102, 0.9000000000000000222 ) ) ;
#5741 = PRESENTATION_LAYER_ASSIGNMENT (  '', '', ( #1646 ) ) ;
#5742 = VECTOR ( 'NONE', #7700, 1000.000000000000000 ) ;
#5743 = DIRECTION ( 'NONE',  ( -0.000000000000000000, -0.000000000000000000, -1.000000000000000000 ) ) ;
#5744 = CARTESIAN_POINT ( 'NONE',  ( 1.079027302570914282, 1.199257209283788761, 0.9100000000000000311 ) ) ;
#5745 = CARTESIAN_POINT ( 'NONE',  ( 1.223637030062156406, 1.241652295288878660, 0.9100000000000000311 ) ) ;
#5746 = CARTESIAN_POINT ( 'NONE',  ( 0.8525519808632221475, 1.174663018502851486, 0.9000000000000000222 ) ) ;
#5747 = CARTESIAN_POINT ( 'NONE',  ( 1.073248855319393069, 1.282680756237013497, 0.9100000000000000311 ) ) ;
#5748 = AXIS2_PLACEMENT_3D ( 'NONE', #902, #8729, #808 ) ;
#5749 = EDGE_CURVE ( 'NONE', #9130, #5236, #4124, .T. ) ;
#5750 = DIRECTION ( 'NONE',  ( 1.000000000000000000, -0.000000000000000000, -0.000000000000000000 ) ) ;
#5751 = ORIENTED_EDGE ( 'NONE', *, *, #9072, .F. ) ;
#5752 = ORIENTED_EDGE ( 'NONE', *, *, #2338, .F. ) ;
#5753 = PRODUCT_DEFINITION ( 'Œ¥÷™', '', #6991, #2011 ) ;
#5754 = CARTESIAN_POINT ( 'NONE',  ( 0.9595617623785821504, 1.223829661882764652, 0.9000000000000000222 ) ) ;
#5755 = CARTESIAN_POINT ( 'NONE',  ( 1.109301018506022807, 1.278135242460746834, 0.9100000000000000311 ) ) ;
#5756 = VECTOR ( 'NONE', #7316, 1000.000000000000000 ) ;
#5757 = CARTESIAN_POINT ( 'NONE',  ( 1.300346288691936580, 1.199435464725793210, 0.9100000000000000311 ) ) ;
#5758 = ORIENTED_EDGE ( 'NONE', *, *, #7240, .T. ) ;
#5759 = ORIENTED_EDGE ( 'NONE', *, *, #1345, .F. ) ;
#5760 = ORIENTED_EDGE ( 'NONE', *, *, #5708, .F. ) ;
#5761 = VERTEX_POINT ( 'NONE', #5592 ) ;
#5762 = EDGE_CURVE ( 'NONE', #8578, #2473, #5822, .T. ) ;
#5763 = PRESENTATION_STYLE_ASSIGNMENT (( #2856 ) ) ;
#5764 = FACE_OUTER_BOUND ( 'NONE', #176, .T. ) ;
#5765 =( LENGTH_UNIT ( ) NAMED_UNIT ( * ) SI_UNIT ( .MILLI., .METRE. ) );
#5766 = CARTESIAN_POINT ( 'NONE',  ( 0.8347858876030708197, 1.233745649134933009, 0.9000000000000000222 ) ) ;
#5767 = CARTESIAN_POINT ( 'NONE',  ( 0.9017186321234433866, 1.208955712526911475, 0.9100000000000000311 ) ) ;
#5768 = VECTOR ( 'NONE', #8136, 1000.000000000000000 ) ;
#5769 = CARTESIAN_POINT ( 'NONE',  ( 1.095530785595322243, 1.334820473082782177, 0.9100000000000000311 ) ) ;
#5770 = EDGE_CURVE ( 'NONE', #3449, #144, #8298, .T. ) ;
#5771 = ORIENTED_EDGE ( 'NONE', *, *, #5028, .F. ) ;
#5772 = EDGE_CURVE ( 'NONE', #3112, #7662, #1794, .T. ) ;
#5773 = SURFACE_SIDE_STYLE ('',( #7193 ) ) ;
#5774 = CARTESIAN_POINT ( 'NONE',  ( 1.179444535014458895, 1.327155489067869620, 0.9000000000000000222 ) ) ;
#5775 = CARTESIAN_POINT ( 'NONE',  ( 0.7918166988234777159, 1.315965501922772507, 0.9000000000000000222 ) ) ;
#5776 = CARTESIAN_POINT ( 'NONE',  ( 0.9079161261260743077, 1.183339481736770615, 0.9000000000000000222 ) ) ;
#5777 = VECTOR ( 'NONE', #611, 1000.000000000000000 ) ;
#5778 = FACE_OUTER_BOUND ( 'NONE', #5182, .T. ) ;
#5779 = ORIENTED_EDGE ( 'NONE', *, *, #2347, .F. ) ;
#5780 = FACE_OUTER_BOUND ( 'NONE', #5050, .T. ) ;
#5781 = EDGE_CURVE ( 'NONE', #8373, #8705, #1177, .T. ) ;
#5782 = ORIENTED_EDGE ( 'NONE', *, *, #7642, .F. ) ;
#5783 = LINE ( 'NONE', #3500, #3115 ) ;
#5784 = ORIENTED_EDGE ( 'NONE', *, *, #2808, .F. ) ;
#5785 = LINE ( 'NONE', #4429, #9099 ) ;
#5786 = CARTESIAN_POINT ( 'NONE',  ( 1.104339575364488013, 1.220766699310237513, 0.9000000000000000222 ) ) ;
#5787 = CARTESIAN_POINT ( 'NONE',  ( 1.068584504581591821, 1.320560037706173473, 0.9100000000000000311 ) ) ;
#5788 = VECTOR ( 'NONE', #1212, 1000.000000000000000 ) ;
#5789 = CARTESIAN_POINT ( 'NONE',  ( 1.094297852120070136, 1.281432968141398954, 0.9100000000000000311 ) ) ;
#5790 = CARTESIAN_POINT ( 'NONE',  ( 1.109301018506022807, 1.332443733853280632, 0.9100000000000000311 ) ) ;
#5791 = LINE ( 'NONE', #5696, #6646 ) ;
#5792 = CARTESIAN_POINT ( 'NONE',  ( 1.078225153081099341, 1.277392511451602930, 0.9100000000000000311 ) ) ;
#5793 = ORIENTED_EDGE ( 'NONE', *, *, #2268, .F. ) ;
#5794 = EDGE_CURVE ( 'NONE', #7906, #2971, #8551, .T. ) ;
#5795 = AXIS2_PLACEMENT_3D ( 'NONE', #788, #6656, #2502 ) ;
#5796 = CARTESIAN_POINT ( 'NONE',  ( 1.089336408978731408, 1.225995525614980153, 0.9100000000000000311 ) ) ;
#5797 = EDGE_LOOP ( 'NONE', ( #7550, #1238, #9275, #6203 ) ) ;
#5798 = ORIENTED_EDGE ( 'NONE', *, *, #1329, .F. ) ;
#5799 = LINE ( 'NONE', #6553, #6151 ) ;
#5800 = CARTESIAN_POINT ( 'NONE',  ( 1.065791835987018654, 1.313043599892929958, 0.9000000000000000222 ) ) ;
#5801 = EDGE_CURVE ( 'NONE', #5380, #4774, #4015, .T. ) ;
#5802 = FACE_OUTER_BOUND ( 'NONE', #8361, .T. ) ;
#5803 = LINE ( 'NONE', #8702, #5140 ) ;
#5804 = ORIENTED_EDGE ( 'NONE', *, *, #8643, .F. ) ;
#5805 = ORIENTED_EDGE ( 'NONE', *, *, #3822, .T. ) ;
#5806 = ORIENTED_EDGE ( 'NONE', *, *, #6471, .T. ) ;
#5807 = ORIENTED_EDGE ( 'NONE', *, *, #2977, .T. ) ;
#5808 = FACE_OUTER_BOUND ( 'NONE', #6319, .T. ) ;
#5809 = CARTESIAN_POINT ( 'NONE',  ( 1.083944181851951072, 1.202584644204772957, 0.9100000000000000311 ) ) ;
#5810 = FACE_BOUND ( 'NONE', #9380, .T. ) ;
#5811 =( NAMED_UNIT ( * ) SI_UNIT ( $, .STERADIAN. ) SOLID_ANGLE_UNIT ( ) );
#5812 = LINE ( 'NONE', #2861, #8049 ) ;
#5813 = B_SPLINE_SURFACE_WITH_KNOTS ( 'NONE', 3, 1, ( 
 ( #8707, #5898 ),
 ( #8609, #6473 ),
 ( #2907, #4278 ),
 ( #8793, #121 ) ),
 .UNSPECIFIED., .F., .F., .F.,
 ( 4, 4 ),
 ( 2, 2 ),
 ( 34.00000000000000000, 35.00000000000000000 ),
 ( 0.000000000000000000, 1.000000000000000000 ),
 .UNSPECIFIED. ) ;
#5814 = ORIENTED_EDGE ( 'NONE', *, *, #3704, .F. ) ;
#5815 = DIRECTION ( 'NONE',  ( -0.000000000000000000, -0.000000000000000000, -1.000000000000000000 ) ) ;
#5816 = CARTESIAN_POINT ( 'NONE',  ( 1.227573504410765182, 1.291623237587878226, 0.9000000000000000222 ) ) ;
#5817 = CARTESIAN_POINT ( 'NONE',  ( 1.040271598510909890, 1.234967716206176513, 0.9100000000000000311 ) ) ;
#5818 = CARTESIAN_POINT ( 'NONE',  ( 1.080304799906864899, 1.200504997379009842, 0.9000000000000000222 ) ) ;
#5819 = ORIENTED_EDGE ( 'NONE', *, *, #4294, .F. ) ;
#5820 = DIRECTION ( 'NONE',  ( 1.000000000000000000, 0.000000000000000000, 0.000000000000000000 ) ) ;
#5821 = LINE ( 'NONE', #842, #5132 ) ;
#5822 = B_SPLINE_CURVE_WITH_KNOTS ( 'NONE', 3,
 ( #4685, #6205, #375, #1889 ),
 .UNSPECIFIED., .F., .F.,
 ( 4, 4 ),
 ( 2.000000000000000000, 3.000000000000000000 ),
 .UNSPECIFIED. ) ;
#5823 = EDGE_CURVE ( 'NONE', #1484, #345, #3300, .T. ) ;
#5824 = VERTEX_POINT ( 'NONE', #7159 ) ;
#5825 = CARTESIAN_POINT ( 'NONE',  ( 1.095605058696355938, 1.328046766278684343, 0.9100000000000000311 ) ) ;
#5826 = COLOUR_RGB ( '',0.8274509803921568096, 0.6666666666666666297, 0.1294117647058823373 ) ;
#5827 = CARTESIAN_POINT ( 'NONE',  ( 1.120932186110094486, 1.275728793990911436, 0.9100000000000000311 ) ) ;
#5828 = B_SPLINE_CURVE_WITH_KNOTS ( 'NONE', 3,
 ( #9199, #6454, #1283, #5652 ),
 .UNSPECIFIED., .F., .F.,
 ( 4, 4 ),
 ( 7.000000000000000000, 8.000000000000000000 ),
 .UNSPECIFIED. ) ;
#5829 = CARTESIAN_POINT ( 'NONE',  ( 0.000000000000000000, 0.000000000000000000, 0.9000000000000000222 ) ) ;
#5830 = CARTESIAN_POINT ( 'NONE',  ( 1.100046590131256385, 1.281432968141398954, 0.9100000000000000311 ) ) ;
#5831 = CARTESIAN_POINT ( 'NONE',  ( 1.093213464846687577, 1.274748389058698805, 0.9100000000000000311 ) ) ;
#5832 = DIRECTION ( 'NONE',  ( -0.000000000000000000, 1.000000000000000000, -0.000000000000000000 ) ) ;
#5833 = VERTEX_POINT ( 'NONE', #6540 ) ;
#5834 =( NAMED_UNIT ( * ) PLANE_ANGLE_UNIT ( ) SI_UNIT ( $, .RADIAN. ) );
#5835 = VERTEX_POINT ( 'NONE', #1317 ) ;
#5836 = LINE ( 'NONE', #725, #1645 ) ;
#5837 = ORIENTED_EDGE ( 'NONE', *, *, #4253, .T. ) ;
#5838 = CARTESIAN_POINT ( 'NONE',  ( 1.088653096450254543, 1.220083386781760870, 0.9000000000000000222 ) ) ;
#5839 = CARTESIAN_POINT ( 'NONE',  ( 1.109301018506022807, 1.324600494396363182, 0.9000000000000000222 ) ) ;
#5840 = CARTESIAN_POINT ( 'NONE',  ( 0.7662004601530304493, 1.291175612597763145, 0.9000000000000000222 ) ) ;
#5841 = CARTESIAN_POINT ( 'NONE',  ( 0.7719847597815928664, 1.184165815321398973, 0.9100000000000000311 ) ) ;
#5842 = CARTESIAN_POINT ( 'NONE',  ( 0.9595617623785821504, 1.240769437319490187, 0.9100000000000000311 ) ) ;
#5843 = CARTESIAN_POINT ( 'NONE',  ( -0.7500000000000000000, -1.450000000000000400, 0.000000000000000000 ) ) ;
#5844 = ORIENTED_EDGE ( 'NONE', *, *, #8617, .T. ) ;
#5845 = EDGE_CURVE ( 'NONE', #5611, #1848, #7249, .T. ) ;
#5846 = ORIENTED_EDGE ( 'NONE', *, *, #5302, .T. ) ;
#5847 = ADVANCED_FACE ( 'NONE', ( #5780 ), #7200, .F. ) ;
#5848 = DIRECTION ( 'NONE',  ( 0.000000000000000000, -1.000000000000000000, 0.000000000000000000 ) ) ;
#5849 = CARTESIAN_POINT ( 'NONE',  ( 1.094253288259571244, 1.220083386781760870, 0.9000000000000000222 ) ) ;
#5850 = LINE ( 'NONE', #7590, #7010 ) ;
#5851 = CARTESIAN_POINT ( 'NONE',  ( 1.188550417187556274, 1.333840068150567770, 0.9000000000000000222 ) ) ;
#5852 = CARTESIAN_POINT ( 'NONE',  ( 0.2500000000000000000, -1.450000000000000400, -0.02000000000000000042 ) ) ;
#5853 = ADVANCED_FACE ( 'NONE', ( #7962 ), #7612, .F. ) ;
#5854 = VECTOR ( 'NONE', #190, 1000.000000000000000 ) ;
#5855 = PRODUCT_RELATED_PRODUCT_CATEGORY ( 'part', '', ( #7099 ) ) ;
#5856 = CARTESIAN_POINT ( 'NONE',  ( 1.134761837501267800, 1.190374146413594847, 0.9100000000000000311 ) ) ;
#5857 = CARTESIAN_POINT ( 'NONE',  ( 1.088653096450254543, 1.220083386781760870, 0.9100000000000000311 ) ) ;
#5858 = ORIENTED_EDGE ( 'NONE', *, *, #5028, .T. ) ;
#5859 = PLANE ( 'NONE',  #8214 ) ;
#5860 = B_SPLINE_SURFACE_WITH_KNOTS ( 'NONE', 3, 1, ( 
 ( #4666, #6096 ),
 ( #314, #4572 ),
 ( #7564, #360 ),
 ( #3231, #9033 ),
 ( #1068, #7468 ),
 ( #1826, #975 ),
 ( #3850, #5441 ) ),
 .UNSPECIFIED., .F., .F., .F.,
 ( 4, 3, 4 ),
 ( 2, 2 ),
 ( 0.000000000000000000, 1.000000000000000000, 2.000000000000000000 ),
 ( 0.000000000000000000, 1.000000000000000000 ),
 .UNSPECIFIED. ) ;
#5861 = DIRECTION ( 'NONE',  ( -0.000000000000000000, -0.000000000000000000, -1.000000000000000000 ) ) ;
#5862 = DIRECTION ( 'NONE',  ( -0.000000000000000000, -0.000000000000000000, -1.000000000000000000 ) ) ;
#5863 = SURFACE_SIDE_STYLE ('',( #1649 ) ) ;
#5864 = VECTOR ( 'NONE', #4772, 1000.000000000000000 ) ;
#5865 = ADVANCED_FACE ( 'NONE', ( #5734 ), #2212, .F. ) ;
#5866 = PLANE ( 'NONE',  #116 ) ;
#5867 = EDGE_LOOP ( 'NONE', ( #7688, #6195, #8212, #1761 ) ) ;
#5868 = CARTESIAN_POINT ( 'NONE',  ( 1.040271598510909890, 1.333840068150567770, 0.9100000000000000311 ) ) ;
#5869 = EDGE_CURVE ( 'NONE', #4676, #8638, #5106, .T. ) ;
#5870 = STYLED_ITEM ( 'NONE', ( #2298 ), #2816 ) ;
#5871 =( NAMED_UNIT ( * ) SI_UNIT ( $, .STERADIAN. ) SOLID_ANGLE_UNIT ( ) );
#5872 = CARTESIAN_POINT ( 'NONE',  ( 1.273296025337236514, 1.200237614216001614, 0.9100000000000000311 ) ) ;
#5873 = LINE ( 'NONE', #2359, #4220 ) ;
#5874 = CARTESIAN_POINT ( 'NONE',  ( 0.9103950953573609617, 1.208542553615299164, 0.9100000000000000311 ) ) ;
#5875 = CARTESIAN_POINT ( 'NONE',  ( 0.000000000000000000, 0.000000000000000000, 0.9000000000000000222 ) ) ;
#5876 = VECTOR ( 'NONE', #8549, 1000.000000000000000 ) ;
#5877 = UNCERTAINTY_MEASURE_WITH_UNIT (LENGTH_MEASURE( 1.000000000000000082E-05 ), #7886, 'distance_accuracy_value', 'NONE');
#5878 = FACE_OUTER_BOUND ( 'NONE', #3496, .T. ) ;
#5879 = VECTOR ( 'NONE', #220, 1000.000000000000000 ) ;
#5880 = ORIENTED_EDGE ( 'NONE', *, *, #1118, .F. ) ;
#5881 = DIRECTION ( 'NONE',  ( -0.000000000000000000, -0.000000000000000000, -1.000000000000000000 ) ) ;
#5882 = EDGE_LOOP ( 'NONE', ( #8462, #6083, #5133, #2649 ) ) ;
#5883 = DIRECTION ( 'NONE',  ( -0.000000000000000000, -0.000000000000000000, -1.000000000000000000 ) ) ;
#5884 = B_SPLINE_SURFACE_WITH_KNOTS ( 'NONE', 3, 1, ( 
 ( #5596, #6825 ),
 ( #1892, #334 ),
 ( #4794, #8340 ),
 ( #6266, #1847 ),
 ( #4889, #8286 ),
 ( #1132, #4742 ),
 ( #8490, #1799 ) ),
 .UNSPECIFIED., .F., .F., .F.,
 ( 4, 3, 4 ),
 ( 2, 2 ),
 ( 2.000000000000000000, 3.000000000000000000, 4.000000000000000000 ),
 ( 0.000000000000000000, 1.000000000000000000 ),
 .UNSPECIFIED. ) ;
#5885 = DIRECTION ( 'NONE',  ( 1.000000000000000000, -0.000000000000000000, -0.000000000000000000 ) ) ;
#5886 = ADVANCED_FACE ( 'NONE', ( #6494 ), #667, .F. ) ;
#5887 = DIRECTION ( 'NONE',  ( -0.000000000000000000, -0.000000000000000000, -1.000000000000000000 ) ) ;
#5888 = EDGE_CURVE ( 'NONE', #8013, #1299, #4334, .T. ) ;
#5889 = CARTESIAN_POINT ( 'NONE',  ( 1.109301018506022807, 1.324600494396363182, 0.9100000000000000311 ) ) ;
#5890 = DIRECTION ( 'NONE',  ( -1.000000000000000000, 0.000000000000000000, -0.000000000000000000 ) ) ;
#5891 = ORIENTED_EDGE ( 'NONE', *, *, #6644, .T. ) ;
#5892 = VECTOR ( 'NONE', #4698, 1000.000000000000000 ) ;
#5893 = CARTESIAN_POINT ( 'NONE',  ( 1.094297852120070136, 1.281432968141398954, 0.9100000000000000311 ) ) ;
#5894 = ORIENTED_EDGE ( 'NONE', *, *, #2038, .F. ) ;
#5895 = ORIENTED_EDGE ( 'NONE', *, *, #6333, .T. ) ;
#5896 = VECTOR ( 'NONE', #3268, 1000.000000000000000 ) ;
#5897 = VERTEX_POINT ( 'NONE', #5027 ) ;
#5898 = CARTESIAN_POINT ( 'NONE',  ( 0.9698908927811655811, 1.201931916461858485, 0.9000000000000000222 ) ) ;
#5899 = EDGE_CURVE ( 'NONE', #4887, #7440, #8995, .T. ) ;
#5900 = PLANE ( 'NONE',  #6040 ) ;
#5901 = CARTESIAN_POINT ( 'NONE',  ( 1.141416707343631209, 1.199851394091263845, 0.9100000000000000311 ) ) ;
#5902 = SURFACE_SIDE_STYLE ('',( #123 ) ) ;
#5903 = CARTESIAN_POINT ( 'NONE',  ( 1.235936655574719101, 1.183541021129224102, 0.9100000000000000311 ) ) ;
#5904 = ORIENTED_EDGE ( 'NONE', *, *, #3686, .F. ) ;
#5905 = EDGE_CURVE ( 'NONE', #1848, #9320, #1974, .T. ) ;
#5906 = DIRECTION ( 'NONE',  ( 1.000000000000000000, 0.000000000000000000, 0.000000000000000000 ) ) ;
#5907 = CARTESIAN_POINT ( 'NONE',  ( 1.166535870075030568, 1.192334956278020330, 0.9000000000000000222 ) ) ;
#5908 = DIRECTION ( 'NONE',  ( 1.000000000000000000, -0.000000000000000000, -0.000000000000000000 ) ) ;
#5909 = ORIENTED_EDGE ( 'NONE', *, *, #2168, .T. ) ;
#5910 = FILL_AREA_STYLE_COLOUR ( '', #5916 ) ;
#5911 = EDGE_CURVE ( 'NONE', #3834, #3263, #5936, .T. ) ;
#5912 = CARTESIAN_POINT ( 'NONE',  ( 0.9467536469835114987, 1.209782046111543607, 0.9100000000000000311 ) ) ;
#5913 = CARTESIAN_POINT ( 'NONE',  ( 0.9451009798148459762, 1.272996321023685207, 0.9000000000000000222 ) ) ;
#5914 = B_SPLINE_CURVE_WITH_KNOTS ( 'NONE', 3,
 ( #8183, #7369, #885, #2950 ),
 .UNSPECIFIED., .F., .F.,
 ( 4, 4 ),
 ( 3.000000000000000000, 4.000000000000000000 ),
 .UNSPECIFIED. ) ;
#5915 = CARTESIAN_POINT ( 'NONE',  ( 1.259258409263130929, 1.190166181731256767, 0.9100000000000000311 ) ) ;
#5916 = COLOUR_RGB ( '',0.8274509803921568096, 0.6666666666666666297, 0.1294117647058823373 ) ;
#5917 = DIRECTION ( 'NONE',  ( 0.000000000000000000, 1.000000000000000000, -0.000000000000000000 ) ) ;
#5918 = ORIENTED_EDGE ( 'NONE', *, *, #3953, .F. ) ;
#5919 = LINE ( 'NONE', #7381, #1061 ) ;
#5920 = CARTESIAN_POINT ( 'NONE',  ( 1.152186306977023067, 1.275728793990911436, 0.9000000000000000222 ) ) ;
#5921 = CARTESIAN_POINT ( 'NONE',  ( 1.073664784684665197, 1.304130827782795654, 0.9100000000000000311 ) ) ;
#5922 = EDGE_CURVE ( 'NONE', #7818, #226, #5821, .T. ) ;
#5923 = DIRECTION ( 'NONE',  ( 1.000000000000000000, -0.000000000000000000, -0.000000000000000000 ) ) ;
#5924 = VERTEX_POINT ( 'NONE', #3852 ) ;
#5925 = CARTESIAN_POINT ( 'NONE',  ( 0.9087424439495014328, 1.208955712526911475, 0.9100000000000000311 ) ) ;
#5926 = CARTESIAN_POINT ( 'NONE',  ( 1.074184696390907634, 1.326264211856659214, 0.9100000000000000311 ) ) ;
#5927 = CARTESIAN_POINT ( 'NONE',  ( 1.080304799906864899, 1.200504997379009842, 0.9000000000000000222 ) ) ;
#5928 = CARTESIAN_POINT ( 'NONE',  ( 1.179147442611117924, 1.275728793990915433, 0.9100000000000000311 ) ) ;
#5929 = EDGE_LOOP ( 'NONE', ( #3864, #8327, #2778, #5895 ) ) ;
#5930 = LINE ( 'NONE', #3691, #5306 ) ;
#5931 = VECTOR ( 'NONE', #6901, 1000.000000000000000 ) ;
#5932 = LINE ( 'NONE', #5974, #6694 ) ;
#5933 = LINE ( 'NONE', #6693, #4065 ) ;
#5934 = CARTESIAN_POINT ( 'NONE',  ( 1.079368958835152492, 1.287553071657355330, 0.9100000000000000311 ) ) ;
#5935 = EDGE_CURVE ( 'NONE', #1614, #9210, #142, .T. ) ;
#5936 = B_SPLINE_CURVE_WITH_KNOTS ( 'NONE', 3,
 ( #1551, #4525, #8190, #802 ),
 .UNSPECIFIED., .F., .F.,
 ( 4, 4 ),
 ( 19.00000000000000000, 20.00000000000000000 ),
 .UNSPECIFIED. ) ;
#5937 = ADVANCED_FACE ( 'NONE', ( #4578 ), #92, .F. ) ;
#5938 = ORIENTED_EDGE ( 'NONE', *, *, #2673, .T. ) ;
#5939 = AXIS2_PLACEMENT_3D ( 'NONE', #5827, #5112, #8016 ) ;
#5940 = ORIENTED_EDGE ( 'NONE', *, *, #8142, .F. ) ;
#5941 = B_SPLINE_CURVE_WITH_KNOTS ( 'NONE', 3,
 ( #21, #4305, #7831, #7887 ),
 .UNSPECIFIED., .F., .F.,
 ( 4, 4 ),
 ( 3.000000000000000000, 4.000000000000000000 ),
 .UNSPECIFIED. ) ;
#5942 = B_SPLINE_SURFACE_WITH_KNOTS ( 'NONE', 3, 1, ( 
 ( #6418, #28 ),
 ( #7841, #6371 ),
 ( #4226, #5800 ),
 ( #4179, #688 ) ),
 .UNSPECIFIED., .F., .F., .F.,
 ( 4, 4 ),
 ( 2, 2 ),
 ( 3.000000000000000000, 4.000000000000000000 ),
 ( 0.000000000000000000, 1.000000000000000000 ),
 .UNSPECIFIED. ) ;
#5943 = DIRECTION ( 'NONE',  ( -1.000000000000000000, 0.000000000000000000, 0.000000000000000000 ) ) ;
#5944 = B_SPLINE_CURVE_WITH_KNOTS ( 'NONE', 3,
 ( #7288, #134, #2209, #1590 ),
 .UNSPECIFIED., .F., .F.,
 ( 4, 4 ),
 ( 11.00000000000000000, 12.00000000000000000 ),
 .UNSPECIFIED. ) ;
#5945 = CARTESIAN_POINT ( 'NONE',  ( 1.165005844195845741, 1.193850127536643324, 0.9100000000000000311 ) ) ;
#5946 = CARTESIAN_POINT ( 'NONE',  ( 1.130409433787367801, 1.207070739500372580, 0.9000000000000000222 ) ) ;
#5947 = B_SPLINE_CURVE_WITH_KNOTS ( 'NONE', 3,
 ( #7447, #959, #7492, #8918 ),
 .UNSPECIFIED., .F., .F.,
 ( 4, 4 ),
 ( 4.000000000000000000, 5.000000000000000000 ),
 .UNSPECIFIED. ) ;
#5948 = PLANE ( 'NONE',  #917 ) ;
#5949 = VERTEX_POINT ( 'NONE', #7336 ) ;
#5950 = SURFACE_SIDE_STYLE ('',( #7418 ) ) ;
#5951 = CARTESIAN_POINT ( 'NONE',  ( 1.089128444296191933, 1.328046766278684343, 0.9100000000000000311 ) ) ;
#5952 = CARTESIAN_POINT ( 'NONE',  ( 1.268646529219798813, 1.239097300616976094, 0.9100000000000000311 ) ) ;
#5953 = CARTESIAN_POINT ( 'NONE',  ( 1.079146139532448867, 1.218389960080735746, 0.9000000000000000222 ) ) ;
#5954 = LINE ( 'NONE', #1547, #1806 ) ;
#5955 = CARTESIAN_POINT ( 'NONE',  ( 1.094000759716531324, 1.185026483147513687, 0.9000000000000000222 ) ) ;
#5956 = CARTESIAN_POINT ( 'NONE',  ( 1.265022001894681170, 1.192186410075955383, 0.9000000000000000222 ) ) ;
#5957 = ADVANCED_FACE ( 'NONE', ( #2260 ), #6716, .F. ) ;
#5958 = LINE ( 'NONE', #6057, #7231 ) ;
#5959 = ORIENTED_EDGE ( 'NONE', *, *, #2309, .T. ) ;
#5960 = DIRECTION ( 'NONE',  ( -0.000000000000000000, 1.000000000000000000, -0.000000000000000000 ) ) ;
#5961 = LINE ( 'NONE', #1700, #3185 ) ;
#5962 = FACE_OUTER_BOUND ( 'NONE', #3218, .T. ) ;
#5963 = CARTESIAN_POINT ( 'NONE',  ( 1.201206553584558190, 1.234967716206178068, 0.9100000000000000311 ) ) ;
#5964 = FACE_OUTER_BOUND ( 'NONE', #62, .T. ) ;
#5965 = CARTESIAN_POINT ( 'NONE',  ( 1.235832673233151935, 1.333840068150569991, 0.9100000000000000311 ) ) ;
#5966 = ORIENTED_EDGE ( 'NONE', *, *, #957, .T. ) ;
#5967 = LINE ( 'NONE', #4536, #7552 ) ;
#5968 = ORIENTED_EDGE ( 'NONE', *, *, #8946, .F. ) ;
#5969 = CARTESIAN_POINT ( 'NONE',  ( 0.8108222924599810533, 1.180860465222669520, 0.9000000000000000222 ) ) ;
#5970 = CARTESIAN_POINT ( 'NONE',  ( 1.239769147581776254, 1.326412758058725494, 0.9100000000000000311 ) ) ;
#5971 = EDGE_CURVE ( 'NONE', #1108, #964, #6620, .T. ) ;
#5972 = CARTESIAN_POINT ( 'NONE',  ( 1.070990953051428107, 1.194652277026851506, 0.9000000000000000222 ) ) ;
#5973 = PLANE ( 'NONE',  #1510 ) ;
#5974 = CARTESIAN_POINT ( 'NONE',  ( 1.257698674144011708, 1.275728793990890786, 0.9100000000000000311 ) ) ;
#5975 = CARTESIAN_POINT ( 'NONE',  ( 1.159108559982791276, 1.176084001796648515, 0.9000000000000000222 ) ) ;
#5976 = CARTESIAN_POINT ( 'NONE',  ( 1.274484394951788557, 1.191681352989879983, 0.9100000000000000311 ) ) ;
#5977 = CARTESIAN_POINT ( 'NONE',  ( 1.139797553743641112, 1.201693366993959788, 0.9100000000000000311 ) ) ;
#5978 = LINE ( 'NONE', #4553, #5293 ) ;
#5979 = ORIENTED_EDGE ( 'NONE', *, *, #5339, .T. ) ;
#5980 = ORIENTED_EDGE ( 'NONE', *, *, #8961, .F. ) ;
#5981 = VERTEX_POINT ( 'NONE', #3812 ) ;
#5982 = ORIENTED_EDGE ( 'NONE', *, *, #2203, .T. ) ;
#5983 = CARTESIAN_POINT ( 'NONE',  ( 1.065791835987018654, 1.303685189176992054, 0.9000000000000000222 ) ) ;
#5984 = ORIENTED_EDGE ( 'NONE', *, *, #2482, .F. ) ;
#5985 = CARTESIAN_POINT ( 'NONE',  ( 1.080304799906864899, 1.200504997379009842, 0.9100000000000000311 ) ) ;
#5986 = ADVANCED_FACE ( 'NONE', ( #3769 ), #9213, .T. ) ;
#5987 = CARTESIAN_POINT ( 'NONE',  ( 1.096020988061430446, 1.194147219940378868, 0.9100000000000000311 ) ) ;
#5988 = CARTESIAN_POINT ( 'NONE',  ( 0.9079161261260743077, 1.183339481736770615, 0.9000000000000000222 ) ) ;
#5989 = EDGE_CURVE ( 'NONE', #1119, #7543, #8011, .T. ) ;
#5990 = ORIENTED_EDGE ( 'NONE', *, *, #4438, .F. ) ;
#5991 = ORIENTED_EDGE ( 'NONE', *, *, #4930, .T. ) ;
#5992 = FILL_AREA_STYLE ('',( #8884 ) ) ;
#5993 = AXIS2_PLACEMENT_3D ( 'NONE', #5587, #6348, #470 ) ;
#5994 = DIRECTION ( 'NONE',  ( 0.000000000000000000, -0.000000000000000000, -1.000000000000000000 ) ) ;
#5995 = MECHANICAL_DESIGN_GEOMETRIC_PRESENTATION_REPRESENTATION (  '', ( #711 ), #8732 ) ;
#5996 = DIRECTION ( 'NONE',  ( 0.000000000000000000, -0.000000000000000000, 1.000000000000000000 ) ) ;
#5997 = LINE ( 'NONE', #5200, #1923 ) ;
#5998 = ORIENTED_EDGE ( 'NONE', *, *, #42, .T. ) ;
#5999 = LINE ( 'NONE', #5299, #7137 ) ;
#6000 = ADVANCED_FACE ( 'NONE', ( #25 ), #3599, .F. ) ;
#6001 = LINE ( 'NONE', #8138, #8777 ) ;
#6002 = CARTESIAN_POINT ( 'NONE',  ( 1.096867701411943452, 1.189958217048518119, 0.9000000000000000222 ) ) ;
#6003 = CARTESIAN_POINT ( 'NONE',  ( 1.269151586305875323, 1.196226866766145536, 0.9000000000000000222 ) ) ;
#6004 = CARTESIAN_POINT ( 'NONE',  ( 1.096867701411943452, 1.189958217048518119, 0.9100000000000000311 ) ) ;
#6005 = ORIENTED_EDGE ( 'NONE', *, *, #8258, .F. ) ;
#6006 = CARTESIAN_POINT ( 'NONE',  ( 1.312541931863346001, 1.234224985196638702, 0.9000000000000000222 ) ) ;
#6007 = CARTESIAN_POINT ( 'NONE',  ( 1.094297852120070136, 1.281432968141398954, 0.9000000000000000222 ) ) ;
#6008 = VECTOR ( 'NONE', #5917, 1000.000000000000000 ) ;
#6009 = CARTESIAN_POINT ( 'NONE',  ( 1.105676491181103449, 1.334018323592968125, 0.9100000000000000311 ) ) ;
#6010 = DIRECTION ( 'NONE',  ( -1.000000000000000000, 0.000000000000000000, 0.000000000000000000 ) ) ;
#6011 = VECTOR ( 'NONE', #6295, 1000.000000000000000 ) ;
#6012 = ORIENTED_EDGE ( 'NONE', *, *, #6131, .F. ) ;
#6013 = CARTESIAN_POINT ( 'NONE',  ( 1.075699867649731134, 1.317262312025127446, 0.9000000000000000222 ) ) ;
#6014 = EDGE_LOOP ( 'NONE', ( #5312, #7710, #8524, #3086 ) ) ;
#6015 = CARTESIAN_POINT ( 'NONE',  ( 1.250000000000000000, 1.450000000000000400, -0.02000000000000000042 ) ) ;
#6016 = EDGE_CURVE ( 'NONE', #5526, #1760, #3512, .T. ) ;
#6017 = B_SPLINE_SURFACE_WITH_KNOTS ( 'NONE', 3, 1, ( 
 ( #8721, #2259 ),
 ( #4386, #6671 ),
 ( #5157, #2955 ),
 ( #1647, #4576 ) ),
 .UNSPECIFIED., .F., .F., .F.,
 ( 4, 4 ),
 ( 2, 2 ),
 ( 6.000000000000000000, 7.000000000000000000 ),
 ( 0.000000000000000000, 1.000000000000000000 ),
 .UNSPECIFIED. ) ;
#6018 =( LENGTH_UNIT ( ) NAMED_UNIT ( * ) SI_UNIT ( .MILLI., .METRE. ) );
#6019 = VECTOR ( 'NONE', #8474, 1000.000000000000000 ) ;
#6020 = CARTESIAN_POINT ( 'NONE',  ( 1.313448063694329093, 1.230154819266510824, 0.9000000000000000222 ) ) ;
#6021 = ORIENTED_EDGE ( 'NONE', *, *, #4264, .F. ) ;
#6022 = FILL_AREA_STYLE ('',( #860 ) ) ;
#6023 = CARTESIAN_POINT ( 'NONE',  ( 0.8108222924599810533, 1.180860465222669520, 0.9100000000000000311 ) ) ;
#6024 = FACE_OUTER_BOUND ( 'NONE', #9081, .T. ) ;
#6025 = CARTESIAN_POINT ( 'NONE',  ( 1.134761837501267800, 1.194117510700045459, 0.9100000000000000311 ) ) ;
#6026 = CARTESIAN_POINT ( 'NONE',  ( 1.094000759716531324, 1.185026483147513687, 0.9100000000000000311 ) ) ;
#6027 = PLANE ( 'NONE',  #6357 ) ;
#6028 = EDGE_LOOP ( 'NONE', ( #9002, #3781, #7289, #5737 ) ) ;
#6029 = EDGE_CURVE ( 'NONE', #7045, #5611, #1065, .T. ) ;
#6030 = AXIS2_PLACEMENT_3D ( 'NONE', #1109, #3942, #2471 ) ;
#6031 = ORIENTED_EDGE ( 'NONE', *, *, #8842, .T. ) ;
#6032 = VECTOR ( 'NONE', #448, 1000.000000000000000 ) ;
#6033 = ORIENTED_EDGE ( 'NONE', *, *, #4882, .T. ) ;
#6034 = VERTEX_POINT ( 'NONE', #4943 ) ;
#6035 = ORIENTED_EDGE ( 'NONE', *, *, #1438, .F. ) ;
#6036 = LINE ( 'NONE', #4649, #1733 ) ;
#6037 = ORIENTED_EDGE ( 'NONE', *, *, #4845, .T. ) ;
#6038 = VECTOR ( 'NONE', #4690, 1000.000000000000000 ) ;
#6039 = LINE ( 'NONE', #6702, #5879 ) ;
#6040 = AXIS2_PLACEMENT_3D ( 'NONE', #2290, #5943, #9023 ) ;
#6041 = CARTESIAN_POINT ( 'NONE',  ( 1.138163545523482423, 1.203535339896653733, 0.9000000000000000222 ) ) ;
#6042 = VERTEX_POINT ( 'NONE', #5796 ) ;
#6043 = EDGE_CURVE ( 'NONE', #8694, #9313, #5836, .T. ) ;
#6044 = ORIENTED_EDGE ( 'NONE', *, *, #1507, .F. ) ;
#6045 = B_SPLINE_CURVE_WITH_KNOTS ( 'NONE', 3,
 ( #7915, #9375, #2864, #5769 ),
 .UNSPECIFIED., .F., .F.,
 ( 4, 4 ),
 ( 5.000000000000000000, 6.000000000000000000 ),
 .UNSPECIFIED. ) ;
#6046 = VECTOR ( 'NONE', #5203, 1000.000000000000000 ) ;
#6047 = CARTESIAN_POINT ( 'NONE',  ( 0.2500000000000000000, 0.4500000000000002887, -0.02000000000000000042 ) ) ;
#6048 = ORIENTED_EDGE ( 'NONE', *, *, #1494, .F. ) ;
#6049 = DIRECTION ( 'NONE',  ( 0.000000000000000000, 1.000000000000000000, 0.000000000000000000 ) ) ;
#6050 = CARTESIAN_POINT ( 'NONE',  ( 1.166981508680438040, 1.193790709055976285, 0.9100000000000000311 ) ) ;
#6051 = DIRECTION ( 'NONE',  ( 0.000000000000000000, -1.000000000000000000, -0.000000000000000000 ) ) ;
#6052 = CARTESIAN_POINT ( 'NONE',  ( 0.9397298509186522431, 1.307702197600467686, 0.9000000000000000222 ) ) ;
#6053 = ORIENTED_EDGE ( 'NONE', *, *, #3718, .T. ) ;
#6054 = EDGE_CURVE ( 'NONE', #1003, #5201, #684, .T. ) ;
#6055 = EDGE_CURVE ( 'NONE', #3112, #8080, #7974, .T. ) ;
#6056 = VERTEX_POINT ( 'NONE', #5125 ) ;
#6057 = CARTESIAN_POINT ( 'NONE',  ( 1.032770015318032586, 1.275728793990911436, 0.9100000000000000311 ) ) ;
#6058 = EDGE_LOOP ( 'NONE', ( #2410, #1193, #249, #797 ) ) ;
#6059 = CARTESIAN_POINT ( 'NONE',  ( 1.312541931863346001, 1.234224985196638702, 0.9100000000000000311 ) ) ;
#6060 = COLOUR_RGB ( '',0.8274509803921568096, 0.6666666666666666297, 0.1294117647058823373 ) ;
#6061 = CARTESIAN_POINT ( 'NONE',  ( 0.9442746619914175188, 1.295307241117606534, 0.9000000000000000222 ) ) ;
#6062 = LINE ( 'NONE', #2316, #6904 ) ;
#6063 = PLANE ( 'NONE',  #8897 ) ;
#6064 = DIRECTION ( 'NONE',  ( 0.000000000000000000, 1.000000000000000000, 0.000000000000000000 ) ) ;
#6065 = VERTEX_POINT ( 'NONE', #4398 ) ;
#6066 = FILL_AREA_STYLE_COLOUR ( '', #6345 ) ;
#6067 = PRESENTATION_LAYER_ASSIGNMENT (  '', '', ( #3489 ) ) ;
#6068 = CARTESIAN_POINT ( 'NONE',  ( 0.8269357343120766757, 1.206063552861807775, 0.9000000000000000222 ) ) ;
#6069 = VECTOR ( 'NONE', #7736, 1000.000000000000000 ) ;
#6070 = CARTESIAN_POINT ( 'NONE',  ( 1.147521956239419438, 1.171063140174639639, 0.9000000000000000222 ) ) ;
#6071 = ORIENTED_EDGE ( 'NONE', *, *, #3162, .F. ) ;
#6072 = CARTESIAN_POINT ( 'NONE',  ( 1.117679024289748302, 1.205466440520745808, 0.9000000000000000222 ) ) ;
#6073 = CARTESIAN_POINT ( 'NONE',  ( 1.079160994152614572, 1.224718028279030202, 0.9000000000000000222 ) ) ;
#6074 = EDGE_CURVE ( 'NONE', #4760, #4601, #6513, .T. ) ;
#6075 = CARTESIAN_POINT ( 'NONE',  ( 1.268646529219798813, 1.186244562002401137, 0.9100000000000000311 ) ) ;
#6076 = FILL_AREA_STYLE_COLOUR ( '', #4991 ) ;
#6077 = CARTESIAN_POINT ( 'NONE',  ( 1.083171741602274363, 1.283482905726828216, 0.9100000000000000311 ) ) ;
#6078 = ORIENTED_EDGE ( 'NONE', *, *, #791, .F. ) ;
#6079 = B_SPLINE_CURVE_WITH_KNOTS ( 'NONE', 3,
 ( #2897, #4948, #2188, #7899 ),
 .UNSPECIFIED., .F., .F.,
 ( 4, 4 ),
 ( 17.00000000000000000, 18.00000000000000000 ),
 .UNSPECIFIED. ) ;
#6080 = VECTOR ( 'NONE', #8345, 1000.000000000000000 ) ;
#6081 = ORIENTED_EDGE ( 'NONE', *, *, #9240, .F. ) ;
#6082 = EDGE_LOOP ( 'NONE', ( #333, #3209, #2576, #6515 ) ) ;
#6083 = ORIENTED_EDGE ( 'NONE', *, *, #6558, .F. ) ;
#6084 = EDGE_CURVE ( 'NONE', #8986, #4070, #5042, .T. ) ;
#6085 = ORIENTED_EDGE ( 'NONE', *, *, #1837, .F. ) ;
#6086 = DIRECTION ( 'NONE',  ( 0.1333547648941603436, -0.9910683662997338272, 0.000000000000000000 ) ) ;
#6087 = CARTESIAN_POINT ( 'NONE',  ( 1.095530785595322243, 1.334820473082782177, 0.9100000000000000311 ) ) ;
#6088 = STYLED_ITEM ( 'NONE', ( #6383 ), #8092 ) ;
#6089 = ORIENTED_EDGE ( 'NONE', *, *, #3396, .T. ) ;
#6090 = DIRECTION ( 'NONE',  ( 0.000000000000000000, 1.000000000000000000, -0.000000000000000000 ) ) ;
#6091 = ADVANCED_BREP_SHAPE_REPRESENTATION ( 'LGA-6_L3.0-W3.0-P1.00-BR', ( #2821, #3179 ), #784 ) ;
#6092 = AXIS2_PLACEMENT_3D ( 'NONE', #4168, #4985, #57 ) ;
#6093 = CARTESIAN_POINT ( 'NONE',  ( 1.079770033580256250, 1.321599861119052921, 0.9100000000000000311 ) ) ;
#6094 = EDGE_CURVE ( 'NONE', #2543, #8121, #7975, .T. ) ;
#6095 = CARTESIAN_POINT ( 'NONE',  ( 1.080126544464663274, 1.182560616197007253, 0.9100000000000000311 ) ) ;
#6096 = CARTESIAN_POINT ( 'NONE',  ( 0.8108222924599810533, 1.180860465222669520, 0.9000000000000000222 ) ) ;
#6097 = B_SPLINE_SURFACE_WITH_KNOTS ( 'NONE', 3, 1, ( 
 ( #98, #7384 ),
 ( #5211, #1654 ),
 ( #8104, #3053 ),
 ( #898, #944 ) ),
 .UNSPECIFIED., .F., .F., .F.,
 ( 4, 4 ),
 ( 2, 2 ),
 ( 0.000000000000000000, 1.000000000000000000 ),
 ( 0.000000000000000000, 1.000000000000000000 ),
 .UNSPECIFIED. ) ;
#6098 = ORIENTED_EDGE ( 'NONE', *, *, #2996, .T. ) ;
#6099 = DIRECTION ( 'NONE',  ( -0.000000000000000000, 1.000000000000000000, -0.000000000000000000 ) ) ;
#6100 = DIRECTION ( 'NONE',  ( 0.000000000000000000, -1.000000000000000000, 0.000000000000000000 ) ) ;
#6101 = FILL_AREA_STYLE ('',( #2448 ) ) ;
#6102 = CARTESIAN_POINT ( 'NONE',  ( 0.000000000000000000, 0.000000000000000000, 0.9000000000000000222 ) ) ;
#6103 = DIRECTION ( 'NONE',  ( -1.000000000000000000, -0.000000000000000000, -0.000000000000000000 ) ) ;
#6104 = EDGE_CURVE ( 'NONE', #8568, #6706, #7935, .T. ) ;
#6105 = DIRECTION ( 'NONE',  ( -0.000000000000000000, 1.000000000000000000, -0.000000000000000000 ) ) ;
#6106 = ORIENTED_EDGE ( 'NONE', *, *, #9109, .F. ) ;
#6107 = CARTESIAN_POINT ( 'NONE',  ( 1.280322260684175095, 1.228817903449890059, 0.9000000000000000222 ) ) ;
#6108 = EDGE_CURVE ( 'NONE', #8578, #1997, #813, .T. ) ;
#6109 = VERTEX_POINT ( 'NONE', #3689 ) ;
#6110 = CARTESIAN_POINT ( 'NONE',  ( 1.133632886367381687, 1.220083386781760870, 0.9000000000000000222 ) ) ;
#6111 = VERTEX_POINT ( 'NONE', #9305 ) ;
#6112 = DIRECTION ( 'NONE',  ( 0.000000000000000000, 0.000000000000000000, -1.000000000000000000 ) ) ;
#6113 = ORIENTED_EDGE ( 'NONE', *, *, #5003, .F. ) ;
#6114 = DIRECTION ( 'NONE',  ( 1.000000000000000000, -0.000000000000000000, -0.000000000000000000 ) ) ;
#6115 = CARTESIAN_POINT ( 'NONE',  ( 1.243438238767396786, 1.234967716206178068, 0.9100000000000000311 ) ) ;
#6116 = CARTESIAN_POINT ( 'NONE',  ( 1.122031428003644971, 1.224896283721431445, 0.9100000000000000311 ) ) ;
#6117 = FACE_OUTER_BOUND ( 'NONE', #9223, .T. ) ;
#6118 = EDGE_CURVE ( 'NONE', #2288, #2574, #4222, .T. ) ;
#6119 = CARTESIAN_POINT ( 'NONE',  ( 1.210475836579079312, 1.305527162080083237, 0.9000000000000000222 ) ) ;
#6120 = CARTESIAN_POINT ( 'NONE',  ( 1.072179322666178880, 1.187997407184091303, 0.9000000000000000222 ) ) ;
#6121 = ORIENTED_EDGE ( 'NONE', *, *, #7946, .T. ) ;
#6122 = ORIENTED_EDGE ( 'NONE', *, *, #4454, .F. ) ;
#6123 = VERTEX_POINT ( 'NONE', #7127 ) ;
#6124 = SURFACE_STYLE_FILL_AREA ( #5283 ) ;
#6125 = LINE ( 'NONE', #2713, #5581 ) ;
#6126 = SURFACE_SIDE_STYLE ('',( #7501 ) ) ;
#6127 = ORIENTED_EDGE ( 'NONE', *, *, #8978, .F. ) ;
#6128 = DIRECTION ( 'NONE',  ( 1.000000000000000000, -0.000000000000000000, -0.000000000000000000 ) ) ;
#6129 = ORIENTED_EDGE ( 'NONE', *, *, #689, .T. ) ;
#6130 = EDGE_LOOP ( 'NONE', ( #1745, #286, #4654, #8301 ) ) ;
#6131 = EDGE_CURVE ( 'NONE', #1210, #6769, #4353, .T. ) ;
#6132 = EDGE_LOOP ( 'NONE', ( #3601, #7925, #2891, #1820 ) ) ;
#6133 = ORIENTED_EDGE ( 'NONE', *, *, #9009, .F. ) ;
#6134 = LINE ( 'NONE', #9031, #1222 ) ;
#6135 = FACE_OUTER_BOUND ( 'NONE', #4185, .T. ) ;
#6136 = CARTESIAN_POINT ( 'NONE',  ( 0.8347858876030708197, 1.233745649134933009, 0.9000000000000000222 ) ) ;
#6137 = CARTESIAN_POINT ( 'NONE',  ( 0.9851780089295304466, 1.226721829428373267, 0.9100000000000000311 ) ) ;
#6138 = ORIENTED_EDGE ( 'NONE', *, *, #8932, .F. ) ;
#6139 = PRESENTATION_STYLE_ASSIGNMENT (( #5490 ) ) ;
#6140 = ORIENTED_EDGE ( 'NONE', *, *, #1226, .F. ) ;
#6141 = B_SPLINE_CURVE_WITH_KNOTS ( 'NONE', 3,
 ( #8207, #6641, #7445, #3023 ),
 .UNSPECIFIED., .F., .F.,
 ( 4, 4 ),
 ( 18.00000000000000000, 19.00000000000000000 ),
 .UNSPECIFIED. ) ;
#6142 = CARTESIAN_POINT ( 'NONE',  ( 0.9397298509186522431, 1.307702197600467686, 0.9000000000000000222 ) ) ;
#6143 = EDGE_LOOP ( 'NONE', ( #5435, #2492, #2671, #3207 ) ) ;
#6144 = CARTESIAN_POINT ( 'NONE',  ( 1.032770015318033252, 1.241652295288878660, 0.9000000000000000222 ) ) ;
#6145 = FACE_OUTER_BOUND ( 'NONE', #1620, .T. ) ;
#6146 = CARTESIAN_POINT ( 'NONE',  ( 1.125863920011100916, 1.225995525614980153, 0.9000000000000000222 ) ) ;
#6147 = CARTESIAN_POINT ( 'NONE',  ( 1.150864245780769624, 1.333840068150567770, 0.9100000000000000311 ) ) ;
#6148 = ORIENTED_EDGE ( 'NONE', *, *, #6291, .F. ) ;
#6149 = DIRECTION ( 'NONE',  ( -0.000000000000000000, -0.000000000000000000, -1.000000000000000000 ) ) ;
#6150 = ORIENTED_EDGE ( 'NONE', *, *, #3380, .T. ) ;
#6151 = VECTOR ( 'NONE', #68, 1000.000000000000000 ) ;
#6152 = CARTESIAN_POINT ( 'NONE',  ( 1.159108559982791276, 1.176084001796648515, 0.9000000000000000222 ) ) ;
#6153 = B_SPLINE_CURVE_WITH_KNOTS ( 'NONE', 3,
 ( #1407, #508, #7053, #2017 ),
 .UNSPECIFIED., .F., .F.,
 ( 4, 4 ),
 ( 3.000000000000000000, 4.000000000000000000 ),
 .UNSPECIFIED. ) ;
#6154 = EDGE_CURVE ( 'NONE', #6111, #5371, #2933, .T. ) ;
#6155 = ORIENTED_EDGE ( 'NONE', *, *, #6853, .T. ) ;
#6156 = CARTESIAN_POINT ( 'NONE',  ( 1.080126544464663274, 1.182560616197007253, 0.9000000000000000222 ) ) ;
#6157 = ORIENTED_EDGE ( 'NONE', *, *, #1949, .F. ) ;
#6158 = CARTESIAN_POINT ( 'NONE',  ( 1.040271598510911888, 1.209714861893276483, 0.9100000000000000311 ) ) ;
#6159 = DIRECTION ( 'NONE',  ( 0.000000000000000000, -0.000000000000000000, -1.000000000000000000 ) ) ;
#6160 = DIRECTION ( 'NONE',  ( -0.000000000000000000, -0.000000000000000000, 1.000000000000000000 ) ) ;
#6161 = ORIENTED_EDGE ( 'NONE', *, *, #9334, .F. ) ;
#6162 = LINE ( 'NONE', #384, #7239 ) ;
#6164 = B_SPLINE_CURVE_WITH_KNOTS ( 'NONE', 3,
 ( #1326, #2751, #5746, #7123 ),
 .UNSPECIFIED., .F., .F.,
 ( 4, 4 ),
 ( 10.00000000000000000, 11.00000000000000000 ),
 .UNSPECIFIED. ) ;
#6163 = LINE ( 'NONE', #6928, #4360 ) ;
#6165 = LINE ( 'NONE', #1192, #300 ) ;
#6166 = ORIENTED_EDGE ( 'NONE', *, *, #7166, .F. ) ;
#6167 = COLOUR_RGB ( '',0.2980392156862745057, 0.2980392156862745057, 0.2980392156862745057 ) ;
#6168 = VECTOR ( 'NONE', #1033, 1000.000000000000000 ) ;
#6169 = ORIENTED_EDGE ( 'NONE', *, *, #8887, .T. ) ;
#6170 = EDGE_LOOP ( 'NONE', ( #2624, #5183, #2730, #5844 ) ) ;
#6171 = EDGE_CURVE ( 'NONE', #4766, #6839, #3076, .T. ) ;
#6172 = B_SPLINE_SURFACE_WITH_KNOTS ( 'NONE', 3, 1, ( 
 ( #372, #6969 ),
 ( #3243, #5455 ),
 ( #8333, #7626 ),
 ( #1126, #6915 ) ),
 .UNSPECIFIED., .F., .F., .F.,
 ( 4, 4 ),
 ( 2, 2 ),
 ( 9.000000000000000000, 10.00000000000000000 ),
 ( 0.000000000000000000, 1.000000000000000000 ),
 .UNSPECIFIED. ) ;
#6173 = FILL_AREA_STYLE_COLOUR ( '', #6601 ) ;
#6174 = CARTESIAN_POINT ( 'NONE',  ( 0.9595617623785821504, 1.223829661882764652, 0.9100000000000000311 ) ) ;
#6175 = PLANE ( 'NONE',  #2391 ) ;
#6176 = VECTOR ( 'NONE', #6128, 1000.000000000000000 ) ;
#6177 = VECTOR ( 'NONE', #5324, 1000.000000000000000 ) ;
#6178 = CARTESIAN_POINT ( 'NONE',  ( 1.121749190220074244, 1.214498049592610540, 0.9100000000000000311 ) ) ;
#6179 = ORIENTED_EDGE ( 'NONE', *, *, #565, .F. ) ;
#6180 = DIRECTION ( 'NONE',  ( 0.9400931103999038418, -0.3409177962187282529, 0.000000000000000000 ) ) ;
#6181 = ORIENTED_EDGE ( 'NONE', *, *, #2627, .T. ) ;
#6182 = ORIENTED_EDGE ( 'NONE', *, *, #735, .T. ) ;
#6183 = COLOUR_RGB ( '',0.8274509803921568096, 0.6666666666666666297, 0.1294117647058823373 ) ;
#6184 = ORIENTED_EDGE ( 'NONE', *, *, #3704, .T. ) ;
#6185 = VECTOR ( 'NONE', #5561, 1000.000000000000000 ) ;
#6186 = CARTESIAN_POINT ( 'NONE',  ( 1.191966979829543583, 1.325343225405508640, 0.9000000000000000222 ) ) ;
#6187 = LINE ( 'NONE', #3901, #5864 ) ;
#6188 = LINE ( 'NONE', #9181, #5469 ) ;
#6189 = EDGE_CURVE ( 'NONE', #3921, #4515, #5082, .T. ) ;
#6190 = ORIENTED_EDGE ( 'NONE', *, *, #7226, .F. ) ;
#6191 =( GEOMETRIC_REPRESENTATION_CONTEXT ( 3 ) GLOBAL_UNCERTAINTY_ASSIGNED_CONTEXT ( ( #7307 ) ) GLOBAL_UNIT_ASSIGNED_CONTEXT ( ( #212, #4598, #1670 ) ) REPRESENTATION_CONTEXT ( 'NONE', 'WORKASPACE' ) );
#6192 = DIRECTION ( 'NONE',  ( 0.3385350343141491636, 0.9409537876760567521, 0.000000000000000000 ) ) ;
#6193 = ORIENTED_EDGE ( 'NONE', *, *, #9127, .F. ) ;
#6194 = ORIENTED_EDGE ( 'NONE', *, *, #8877, .F. ) ;
#6195 = ORIENTED_EDGE ( 'NONE', *, *, #480, .T. ) ;
#6196 = VECTOR ( 'NONE', #371, 1000.000000000000000 ) ;
#6197 = ADVANCED_FACE ( 'NONE', ( #2087 ), #7172, .F. ) ;
#6198 = PRESENTATION_STYLE_ASSIGNMENT (( #7013 ) ) ;
#6199 = CARTESIAN_POINT ( 'NONE',  ( 1.210475836579079312, 1.296525262248551469, 0.9000000000000000222 ) ) ;
#6200 = LINE ( 'NONE', #7670, #8571 ) ;
#6201 = CARTESIAN_POINT ( 'NONE',  ( 1.252514411699763741, 1.241652295288878660, 0.9000000000000000222 ) ) ;
#6202 = LINE ( 'NONE', #7673, #4840 ) ;
#6203 = ORIENTED_EDGE ( 'NONE', *, *, #4415, .T. ) ;
#6204 = FACE_OUTER_BOUND ( 'NONE', #5467, .T. ) ;
#6205 = CARTESIAN_POINT ( 'NONE',  ( 1.195873744938231731, 1.331285073479063330, 0.9100000000000000311 ) ) ;
#6206 = ORIENTED_EDGE ( 'NONE', *, *, #2550, .T. ) ;
#6207 = SHAPE_DEFINITION_REPRESENTATION ( #5579, #6091 ) ;
#6208 = VERTEX_POINT ( 'NONE', #4546 ) ;
#6209 = VECTOR ( 'NONE', #993, 1000.000000000000000 ) ;
#6210 = CARTESIAN_POINT ( 'NONE',  ( 0.7579371558309245804, 1.218458532986570697, 0.9100000000000000311 ) ) ;
#6211 = ORIENTED_EDGE ( 'NONE', *, *, #4474, .F. ) ;
#6212 = EDGE_CURVE ( 'NONE', #5479, #6736, #6709, .T. ) ;
#6213 = CARTESIAN_POINT ( 'NONE',  ( 1.061053212148381109, 1.209714861893276483, 0.9100000000000000311 ) ) ;
#6214 = LINE ( 'NONE', #6115, #748 ) ;
#6215 = DIRECTION ( 'NONE',  ( 1.000000000000000000, -0.000000000000000000, -0.000000000000000000 ) ) ;
#6216 = CARTESIAN_POINT ( 'NONE',  ( 0.8959343285546274016, 1.324641973037194775, 0.9100000000000000311 ) ) ;
#6217 = ORIENTED_EDGE ( 'NONE', *, *, #4451, .T. ) ;
#6218 = CARTESIAN_POINT ( 'NONE',  ( 1.040271598510909890, 1.282353954592944989, 0.9000000000000000222 ) ) ;
#6219 = VECTOR ( 'NONE', #4561, 1000.000000000000000 ) ;
#6220 = FILL_AREA_STYLE ('',( #1141 ) ) ;
#6221 = VECTOR ( 'NONE', #5482, 1000.000000000000000 ) ;
#6222 = AXIS2_PLACEMENT_3D ( 'NONE', #1652, #762, #1112 ) ;
#6223 = ORIENTED_EDGE ( 'NONE', *, *, #424, .T. ) ;
#6224 = COLOUR_RGB ( '',0.8274509803921568096, 0.6666666666666666297, 0.1294117647058823373 ) ;
#6225 = EDGE_LOOP ( 'NONE', ( #2053, #1335, #383, #4927 ) ) ;
#6226 = VERTEX_POINT ( 'NONE', #8073 ) ;
#6227 = CARTESIAN_POINT ( 'NONE',  ( 0.9013054732116276835, 1.183752640648386922, 0.9000000000000000222 ) ) ;
#6228 = DIRECTION ( 'NONE',  ( -0.000000000000000000, -0.000000000000000000, -1.000000000000000000 ) ) ;
#6229 = CARTESIAN_POINT ( 'NONE',  ( 1.251771680690619837, 1.291623237587880224, 0.9100000000000000311 ) ) ;
#6230 = STYLED_ITEM ( 'NONE', ( #6198 ), #7617 ) ;
#6231 = LINE ( 'NONE', #9129, #452 ) ;
#6232 = ORIENTED_EDGE ( 'NONE', *, *, #2818, .F. ) ;
#6233 = EDGE_CURVE ( 'NONE', #5178, #2796, #1566, .T. ) ;
#6234 = SURFACE_SIDE_STYLE ('',( #451 ) ) ;
#6235 = EDGE_CURVE ( 'NONE', #7440, #7651, #378, .T. ) ;
#6236 = ORIENTED_EDGE ( 'NONE', *, *, #5899, .T. ) ;
#6237 = EDGE_LOOP ( 'NONE', ( #8488, #5671, #8631, #4453 ) ) ;
#6238 = ORIENTED_EDGE ( 'NONE', *, *, #2051, .T. ) ;
#6239 = ORIENTED_EDGE ( 'NONE', *, *, #7076, .F. ) ;
#6240 = ORIENTED_EDGE ( 'NONE', *, *, #2387, .T. ) ;
#6241 = CARTESIAN_POINT ( 'NONE',  ( 0.7934693581118377192, 1.239116793792133686, 0.9000000000000000222 ) ) ;
#6242 = AXIS2_PLACEMENT_3D ( 'NONE', #4665, #7562, #6951 ) ;
#6243 = DIRECTION ( 'NONE',  ( -0.000000000000000000, -0.000000000000000000, -1.000000000000000000 ) ) ;
#6244 = CARTESIAN_POINT ( 'NONE',  ( 0.7980141770651065780, 1.315139172278788404, 0.9100000000000000311 ) ) ;
#6245 = CARTESIAN_POINT ( 'NONE',  ( 1.032770015318031698, 1.333840068150567770, 0.9100000000000000311 ) ) ;
#6246 = ORIENTED_EDGE ( 'NONE', *, *, #3363, .F. ) ;
#6247 = EDGE_CURVE ( 'NONE', #3227, #9028, #5171, .T. ) ;
#6248 = DIRECTION ( 'NONE',  ( -0.000000000000000000, -0.000000000000000000, 1.000000000000000000 ) ) ;
#6249 = ORIENTED_EDGE ( 'NONE', *, *, #963, .T. ) ;
#6250 =( NAMED_UNIT ( * ) PLANE_ANGLE_UNIT ( ) SI_UNIT ( $, .RADIAN. ) );
#6251 = EDGE_LOOP ( 'NONE', ( #9328, #4787, #8924, #5454 ) ) ;
#6252 = CARTESIAN_POINT ( 'NONE',  ( 1.210475836579079312, 1.305527162080083237, 0.9100000000000000311 ) ) ;
#6253 = CARTESIAN_POINT ( 'NONE',  ( 1.166981508680438040, 1.193790709055976285, 0.9000000000000000222 ) ) ;
#6254 = CARTESIAN_POINT ( 'NONE',  ( 1.079160994152614572, 1.224718028279030202, 0.9100000000000000311 ) ) ;
#6255 = CARTESIAN_POINT ( 'NONE',  ( 1.224959091258592814, 1.183541021129224102, 0.9000000000000000222 ) ) ;
#6256 = DIRECTION ( 'NONE',  ( -0.000000000000000000, -1.000000000000000000, -0.000000000000000000 ) ) ;
#6257 = B_SPLINE_CURVE_WITH_KNOTS ( 'NONE', 3,
 ( #5692, #4933, #8725, #4393 ),
 .UNSPECIFIED., .F., .F.,
 ( 4, 4 ),
 ( 9.000000000000000000, 10.00000000000000000 ),
 .UNSPECIFIED. ) ;
#6258 = ORIENTED_EDGE ( 'NONE', *, *, #1471, .F. ) ;
#6259 = CARTESIAN_POINT ( 'NONE',  ( 1.200523241056063783, 1.292425387077691390, 0.9100000000000000311 ) ) ;
#6260 = CARTESIAN_POINT ( 'NONE',  ( 1.201206553584558190, 1.234967716206178068, 0.9100000000000000311 ) ) ;
#6261 = EDGE_CURVE ( 'NONE', #2971, #4212, #1166, .T. ) ;
#6262 = VERTEX_POINT ( 'NONE', #8246 ) ;
#6263 = B_SPLINE_SURFACE_WITH_KNOTS ( 'NONE', 3, 1, ( 
 ( #7913, #8520 ),
 ( #5767, #1491 ),
 ( #6336, #655 ),
 ( #7951, #3570 ) ),
 .UNSPECIFIED., .F., .F., .F.,
 ( 4, 4 ),
 ( 2, 2 ),
 ( 27.00000000000000000, 28.00000000000000000 ),
 ( 0.000000000000000000, 1.000000000000000000 ),
 .UNSPECIFIED. ) ;
#6264 = EDGE_CURVE ( 'NONE', #2913, #5431, #7864, .T. ) ;
#6265 = VERTEX_POINT ( 'NONE', #3019 ) ;
#6266 = CARTESIAN_POINT ( 'NONE',  ( 0.7947088506078845427, 1.196973914955268059, 0.9100000000000000311 ) ) ;
#6267 = DIRECTION ( 'NONE',  ( -0.8907830360988082674, -0.4544288531757081917, 0.000000000000000000 ) ) ;
#6268 =( LENGTH_UNIT ( ) NAMED_UNIT ( * ) SI_UNIT ( .MILLI., .METRE. ) );
#6269 = CARTESIAN_POINT ( 'NONE',  ( 1.163163871293149132, 1.275728793990915433, 0.9100000000000000311 ) ) ;
#6270 = DIRECTION ( 'NONE',  ( -1.000000000000000000, 0.000000000000000000, -0.000000000000000000 ) ) ;
#6271 = CARTESIAN_POINT ( 'NONE',  ( 1.239769147581776254, 1.326412758058725494, 0.9000000000000000222 ) ) ;
#6272 = DIRECTION ( 'NONE',  ( 0.3559357243698864082, 0.9345104387417426661, 0.000000000000000000 ) ) ;
#6273 = ORIENTED_EDGE ( 'NONE', *, *, #2611, .T. ) ;
#6274 = ADVANCED_FACE ( 'NONE', ( #858 ), #5220, .F. ) ;
#6275 = CARTESIAN_POINT ( 'NONE',  ( 1.117916698212618742, 1.189839380087180265, 0.9000000000000000222 ) ) ;
#6276 = VERTEX_POINT ( 'NONE', #3824 ) ;
#6277 = ORIENTED_EDGE ( 'NONE', *, *, #3822, .F. ) ;
#6278 = EDGE_CURVE ( 'NONE', #5611, #4911, #8406, .T. ) ;
#6279 = DIRECTION ( 'NONE',  ( -0.000000000000000000, -0.000000000000000000, -1.000000000000000000 ) ) ;
#6280 = CARTESIAN_POINT ( 'NONE',  ( 0.8186724299899691415, 1.308115364392980151, 0.9000000000000000222 ) ) ;
#6281 = DIRECTION ( 'NONE',  ( 0.000000000000000000, 0.000000000000000000, 1.000000000000000000 ) ) ;
#6282 = CARTESIAN_POINT ( 'NONE',  ( 1.128433769302971346, 1.308557504597331445, 0.9100000000000000311 ) ) ;
#6283 = ORIENTED_EDGE ( 'NONE', *, *, #4577, .T. ) ;
#6284 = ORIENTED_EDGE ( 'NONE', *, *, #454, .F. ) ;
#6285 = ADVANCED_FACE ( 'NONE', ( #7534 ), #8698, .F. ) ;
#6286 = CARTESIAN_POINT ( 'NONE',  ( 0.8269357343120766757, 1.206063552861807775, 0.9100000000000000311 ) ) ;
#6287 = CARTESIAN_POINT ( 'NONE',  ( 0.8161934449976795403, 1.333318442181288033, 0.9000000000000000222 ) ) ;
#6288 = CARTESIAN_POINT ( 'NONE',  ( 1.125462845266195666, 1.182560616197007253, 0.9000000000000000222 ) ) ;
#6289 = CARTESIAN_POINT ( 'NONE',  ( 0.9798068642723328781, 1.212674205776253622, 0.9100000000000000311 ) ) ;
#6290 = FACE_OUTER_BOUND ( 'NONE', #295, .T. ) ;
#6291 = EDGE_CURVE ( 'NONE', #1155, #343, #4592, .T. ) ;
#6292 = ORIENTED_EDGE ( 'NONE', *, *, #5634, .F. ) ;
#6293 = EDGE_CURVE ( 'NONE', #7499, #8325, #6638, .T. ) ;
#6294 = PLANE ( 'NONE',  #6678 ) ;
#6295 = DIRECTION ( 'NONE',  ( -0.000000000000000000, -0.000000000000000000, -1.000000000000000000 ) ) ;
#6296 = CARTESIAN_POINT ( 'NONE',  ( 1.079160994152614572, 1.224718028279030202, 0.9000000000000000222 ) ) ;
#6297 = B_SPLINE_CURVE_WITH_KNOTS ( 'NONE', 3,
 ( #8005, #8809, #1501, #3811 ),
 .UNSPECIFIED., .F., .F.,
 ( 4, 4 ),
 ( 4.000000000000000000, 5.000000000000000000 ),
 .UNSPECIFIED. ) ;
#6298 = CARTESIAN_POINT ( 'NONE',  ( 1.130409433787367801, 1.225995525614980153, 0.9100000000000000311 ) ) ;
#6299 = ORIENTED_EDGE ( 'NONE', *, *, #9317, .F. ) ;
#6300 = CARTESIAN_POINT ( 'NONE',  ( 1.084761185961930607, 1.208199690634653711, 0.9100000000000000311 ) ) ;
#6301 = B_SPLINE_CURVE_WITH_KNOTS ( 'NONE', 3,
 ( #3616, #5809, #6525, #37 ),
 .UNSPECIFIED., .F., .F.,
 ( 4, 4 ),
 ( 0.000000000000000000, 1.000000000000000000 ),
 .UNSPECIFIED. ) ;
#6302 = CARTESIAN_POINT ( 'NONE',  ( 1.075566176068029511, 1.291652946828211634, 0.9100000000000000311 ) ) ;
#6303 = VERTEX_POINT ( 'NONE', #2323 ) ;
#6304 = ORIENTED_EDGE ( 'NONE', *, *, #3004, .T. ) ;
#6305 = CARTESIAN_POINT ( 'NONE',  ( 1.140243192349245760, 1.217082753504454162, 0.9000000000000000222 ) ) ;
#6306 = ORIENTED_EDGE ( 'NONE', *, *, #5845, .T. ) ;
#6307 = CARTESIAN_POINT ( 'NONE',  ( 1.170665454486224943, 1.282353954592944989, 0.9100000000000000311 ) ) ;
#6308 = DIRECTION ( 'NONE',  ( 0.000000000000000000, 0.000000000000000000, -1.000000000000000000 ) ) ;
#6309 = CARTESIAN_POINT ( 'NONE',  ( 1.065791835987018654, 1.313043599892929958, 0.9100000000000000311 ) ) ;
#6310 = CARTESIAN_POINT ( 'NONE',  ( 1.096867701411943452, 1.189958217048518119, 0.9100000000000000311 ) ) ;
#6311 = CARTESIAN_POINT ( 'NONE',  ( 1.240393041629584081, 1.323144741618009768, 0.9000000000000000222 ) ) ;
#6312 = CARTESIAN_POINT ( 'NONE',  ( 0.7723979383946608657, 1.211847887953021008, 0.9000000000000000222 ) ) ;
#6313 = DIRECTION ( 'NONE',  ( 0.3559357243699015072, -0.9345104387417368930, 0.000000000000000000 ) ) ;
#6314 = ORIENTED_EDGE ( 'NONE', *, *, #4003, .T. ) ;
#6315 = EDGE_CURVE ( 'NONE', #1673, #6414, #8112, .T. ) ;
#6316 = CARTESIAN_POINT ( 'NONE',  ( 0.8046248220990501743, 1.288696619725168580, 0.9100000000000000311 ) ) ;
#6317 = ORIENTED_EDGE ( 'NONE', *, *, #4845, .F. ) ;
#6318 = VERTEX_POINT ( 'NONE', #6020 ) ;
#6319 = EDGE_LOOP ( 'NONE', ( #6436, #6194, #2345, #1127 ) ) ;
#6320 = LINE ( 'NONE', #8505, #7064 ) ;
#6321 = CARTESIAN_POINT ( 'NONE',  ( 0.7389315424931681697, 1.203997742542332272, 0.9000000000000000222 ) ) ;
#6322 = EDGE_CURVE ( 'NONE', #6395, #3842, #5476, .T. ) ;
#6323 = LINE ( 'NONE', #8306, #2696 ) ;
#6324 = CARTESIAN_POINT ( 'NONE',  ( 1.313165825911154938, 1.230956968756321768, 0.9000000000000000222 ) ) ;
#6325 = VECTOR ( 'NONE', #1550, 1000.000000000000000 ) ;
#6326 = VECTOR ( 'NONE', #6439, 1000.000000000000000 ) ;
#6327 = LINE ( 'NONE', #6282, #3287 ) ;
#6328 = ORIENTED_EDGE ( 'NONE', *, *, #7461, .T. ) ;
#6329 = ORIENTED_EDGE ( 'NONE', *, *, #701, .T. ) ;
#6330 = VECTOR ( 'NONE', #9155, 1000.000000000000000 ) ;
#6331 = CARTESIAN_POINT ( 'NONE',  ( 1.121749190220074244, 1.214498049592610540, 0.9000000000000000222 ) ) ;
#6332 = AXIS2_PLACEMENT_3D ( 'NONE', #6595, #8078, #5224 ) ;
#6333 = EDGE_CURVE ( 'NONE', #6065, #2252, #2415, .T. ) ;
#6334 = FILL_AREA_STYLE_COLOUR ( '', #793 ) ;
#6335 = CARTESIAN_POINT ( 'NONE',  ( 1.210475836579079312, 1.305527162080083237, 0.9000000000000000222 ) ) ;
#6336 = CARTESIAN_POINT ( 'NONE',  ( 0.8959343285546285118, 1.203171393197097094, 0.9100000000000000311 ) ) ;
#6337 = B_SPLINE_SURFACE_WITH_KNOTS ( 'NONE', 3, 1, ( 
 ( #4258, #6453 ),
 ( #2882, #1322 ),
 ( #4214, #4298 ),
 ( #5033, #7162 ) ),
 .UNSPECIFIED., .F., .F., .F.,
 ( 4, 4 ),
 ( 2, 2 ),
 ( 2.000000000000000000, 3.000000000000000000 ),
 ( 0.000000000000000000, 1.000000000000000000 ),
 .UNSPECIFIED. ) ;
#6338 = ORIENTED_EDGE ( 'NONE', *, *, #3450, .T. ) ;
#6339 = CARTESIAN_POINT ( 'NONE',  ( 1.275360817542436687, 1.213131424535660141, 0.9100000000000000311 ) ) ;
#6340 = PRESENTATION_LAYER_ASSIGNMENT (  '', '', ( #1950 ) ) ;
#6341 = VECTOR ( 'NONE', #7361, 1000.000000000000000 ) ;
#6342 = ORIENTED_EDGE ( 'NONE', *, *, #1907, .T. ) ;
#6343 = ORIENTED_EDGE ( 'NONE', *, *, #4730, .F. ) ;
#6344 = DIRECTION ( 'NONE',  ( -0.000000000000000000, -0.000000000000000000, -1.000000000000000000 ) ) ;
#6345 = COLOUR_RGB ( '',0.4980392156862745168, 0.4980392156862745168, 0.4980392156862745168 ) ;
#6346 = CARTESIAN_POINT ( 'NONE',  ( 1.275360817542436687, 1.205882369885818761, 0.9000000000000000222 ) ) ;
#6347 = PRESENTATION_LAYER_ASSIGNMENT (  '', '', ( #8305 ) ) ;
#6348 = DIRECTION ( 'NONE',  ( 0.000000000000000000, 0.000000000000000000, 1.000000000000000000 ) ) ;
#6349 = CARTESIAN_POINT ( 'NONE',  ( 0.9207242415209481168, 1.301917886151154224, 0.9100000000000000311 ) ) ;
#6350 = EDGE_LOOP ( 'NONE', ( #6258, #4292, #616, #6945, #6422, #7202, #1912, #5147 ) ) ;
#6351 = CARTESIAN_POINT ( 'NONE',  ( 1.243438238767396786, 1.234967716206178068, 0.9100000000000000311 ) ) ;
#6352 = B_SPLINE_CURVE_WITH_KNOTS ( 'NONE', 3,
 ( #8623, #4923, #7815, #4118 ),
 .UNSPECIFIED., .F., .F.,
 ( 4, 4 ),
 ( 3.000000000000000000, 4.000000000000000000 ),
 .UNSPECIFIED. ) ;
#6353 = ADVANCED_FACE ( 'NONE', ( #7585 ), #815, .F. ) ;
#6354 = DIRECTION ( 'NONE',  ( -0.3409177962187281974, -0.9400931103999037308, -0.000000000000000000 ) ) ;
#6355 = ADVANCED_FACE ( 'NONE', ( #5547 ), #7734, .F. ) ;
#6356 = VERTEX_POINT ( 'NONE', #3250 ) ;
#6357 = AXIS2_PLACEMENT_3D ( 'NONE', #8923, #1754, #7493 ) ;
#6358 = CARTESIAN_POINT ( 'NONE',  ( 1.229950243640265617, 1.298188979709240742, 0.9000000000000000222 ) ) ;
#6359 = LINE ( 'NONE', #1940, #168 ) ;
#6360 = CARTESIAN_POINT ( 'NONE',  ( 1.080304799906864899, 1.200504997379009842, 0.9000000000000000222 ) ) ;
#6361 = CARTESIAN_POINT ( 'NONE',  ( 1.201711610670615382, 1.326145374895321360, 0.9000000000000000222 ) ) ;
#6362 = EDGE_LOOP ( 'NONE', ( #3893, #4674, #5793, #7944 ) ) ;
#6363 = PLANE ( 'NONE',  #4490 ) ;
#6364 = DIRECTION ( 'NONE',  ( -1.000000000000000000, 0.000000000000000000, -0.000000000000000000 ) ) ;
#6365 = CARTESIAN_POINT ( 'NONE',  ( 0.9298138636666800627, 1.208542553615299164, 0.9100000000000000311 ) ) ;
#6366 = ORIENTED_EDGE ( 'NONE', *, *, #9308, .F. ) ;
#6367 = EDGE_CURVE ( 'NONE', #3061, #8607, #1088, .T. ) ;
#6368 = CARTESIAN_POINT ( 'NONE',  ( 1.121897736421943126, 1.188502464270565273, 0.9000000000000000222 ) ) ;
#6369 = ORIENTED_EDGE ( 'NONE', *, *, #3493, .T. ) ;
#6370 = ORIENTED_EDGE ( 'NONE', *, *, #3718, .F. ) ;
#6371 = CARTESIAN_POINT ( 'NONE',  ( 1.068584504581591821, 1.320560037706173473, 0.9000000000000000222 ) ) ;
#6372 = DIRECTION ( 'NONE',  ( -0.000000000000000000, -0.000000000000000000, -1.000000000000000000 ) ) ;
#6373 = DIRECTION ( 'NONE',  ( 1.000000000000000000, -0.000000000000000000, -0.000000000000000000 ) ) ;
#6374 = VERTEX_POINT ( 'NONE', #3208 ) ;
#6375 = PRESENTATION_STYLE_ASSIGNMENT (( #3476 ) ) ;
#6376 = ORIENTED_EDGE ( 'NONE', *, *, #5534, .F. ) ;
#6377 = VECTOR ( 'NONE', #741, 1000.000000000000000 ) ;
#6378 = EDGE_CURVE ( 'NONE', #456, #3276, #3365, .T. ) ;
#6379 = ORIENTED_EDGE ( 'NONE', *, *, #8808, .T. ) ;
#6380 = UNCERTAINTY_MEASURE_WITH_UNIT (LENGTH_MEASURE( 1.000000000000000082E-05 ), #6018, 'distance_accuracy_value', 'NONE');
#6381 = DIRECTION ( 'NONE',  ( -0.000000000000000000, -0.000000000000000000, -1.000000000000000000 ) ) ;
#6382 = B_SPLINE_CURVE_WITH_KNOTS ( 'NONE', 3,
 ( #2152, #6604, #870, #5007 ),
 .UNSPECIFIED., .F., .F.,
 ( 4, 4 ),
 ( 1.000000000000000000, 2.000000000000000000 ),
 .UNSPECIFIED. ) ;
#6383 = PRESENTATION_STYLE_ASSIGNMENT (( #5673 ) ) ;
#6384 = SURFACE_STYLE_FILL_AREA ( #3482 ) ;
#6385 = CARTESIAN_POINT ( 'NONE',  ( 1.140243192349245760, 1.217082753504454162, 0.9100000000000000311 ) ) ;
#6386 = CARTESIAN_POINT ( 'NONE',  ( 1.275360817542436687, 1.205882369885818761, 0.9100000000000000311 ) ) ;
#6387 = UNCERTAINTY_MEASURE_WITH_UNIT (LENGTH_MEASURE( 1.000000000000000082E-05 ), #4862, 'distance_accuracy_value', 'NONE');
#6388 = EDGE_CURVE ( 'NONE', #9250, #4861, #5506, .T. ) ;
#6389 = ORIENTED_EDGE ( 'NONE', *, *, #5823, .T. ) ;
#6390 = EDGE_CURVE ( 'NONE', #1375, #2029, #1617, .T. ) ;
#6391 = FACE_OUTER_BOUND ( 'NONE', #7693, .T. ) ;
#6392 = PLANE ( 'NONE',  #4570 ) ;
#6393 = CARTESIAN_POINT ( 'NONE',  ( 1.109301018506022807, 1.278135242460746834, 0.9100000000000000311 ) ) ;
#6394 = FACE_OUTER_BOUND ( 'NONE', #2613, .T. ) ;
#6395 = VERTEX_POINT ( 'NONE', #9058 ) ;
#6396 = FILL_AREA_STYLE_COLOUR ( '', #4209 ) ;
#6397 = VECTOR ( 'NONE', #9197, 1000.000000000000000 ) ;
#6398 = ORIENTED_EDGE ( 'NONE', *, *, #7955, .T. ) ;
#6399 = CARTESIAN_POINT ( 'NONE',  ( 1.129696412018558638, 1.220083386781760870, 0.9100000000000000311 ) ) ;
#6400 = ORIENTED_EDGE ( 'NONE', *, *, #5616, .T. ) ;
#6401 = DIRECTION ( 'NONE',  ( 0.000000000000000000, 1.000000000000000000, 0.000000000000000000 ) ) ;
#6402 = CARTESIAN_POINT ( 'NONE',  ( 1.095605058696355938, 1.328046766278684343, 0.9000000000000000222 ) ) ;
#6403 = EDGE_CURVE ( 'NONE', #8864, #3981, #1939, .T. ) ;
#6404 = SURFACE_SIDE_STYLE ('',( #2748 ) ) ;
#6405 = CARTESIAN_POINT ( 'NONE',  ( 1.201206553584558190, 1.216369731735640114, 0.9000000000000000222 ) ) ;
#6406 = EDGE_CURVE ( 'NONE', #7543, #1119, #2536, .T. ) ;
#6407 = ORIENTED_EDGE ( 'NONE', *, *, #7219, .F. ) ;
#6408 = CARTESIAN_POINT ( 'NONE',  ( 1.186366788020226659, 1.327155489067869620, 0.9100000000000000311 ) ) ;
#6409 = LINE ( 'NONE', #766, #1951 ) ;
#6410 = CARTESIAN_POINT ( 'NONE',  ( 0.7719847597815928664, 1.184165815321398973, 0.9000000000000000222 ) ) ;
#6411 =( NAMED_UNIT ( * ) PLANE_ANGLE_UNIT ( ) SI_UNIT ( $, .RADIAN. ) );
#6412 = CARTESIAN_POINT ( 'NONE',  ( 1.166090231469228078, 1.190433564894261886, 0.9100000000000000311 ) ) ;
#6413 = ORIENTED_EDGE ( 'NONE', *, *, #2901, .F. ) ;
#6414 = VERTEX_POINT ( 'NONE', #6305 ) ;
#6415 = B_SPLINE_SURFACE_WITH_KNOTS ( 'NONE', 3, 1, ( 
 ( #3221, #8122 ),
 ( #3984, #3888 ),
 ( #302, #3797 ),
 ( #254, #5424 ) ),
 .UNSPECIFIED., .F., .F., .F.,
 ( 4, 4 ),
 ( 2, 2 ),
 ( 3.000000000000000000, 4.000000000000000000 ),
 ( 0.000000000000000000, 1.000000000000000000 ),
 .UNSPECIFIED. ) ;
#6416 = CARTESIAN_POINT ( 'NONE',  ( 1.196215401202468831, 1.321688988840056922, 0.9100000000000000311 ) ) ;
#6417 = EDGE_CURVE ( 'NONE', #7347, #1003, #3307, .T. ) ;
#6418 = CARTESIAN_POINT ( 'NONE',  ( 1.074184696390907634, 1.326264211856659214, 0.9100000000000000311 ) ) ;
#6419 = EDGE_CURVE ( 'NONE', #7025, #6632, #6975, .T. ) ;
#6420 = CARTESIAN_POINT ( 'NONE',  ( 1.166090231469228078, 1.190433564894261886, 0.9100000000000000311 ) ) ;
#6421 = CARTESIAN_POINT ( 'NONE',  ( 1.140243192349245760, 1.224153552711890303, 0.9100000000000000311 ) ) ;
#6422 = ORIENTED_EDGE ( 'NONE', *, *, #7566, .F. ) ;
#6423 = B_SPLINE_CURVE_WITH_KNOTS ( 'NONE', 3,
 ( #9103, #1930, #9335, #1414 ),
 .UNSPECIFIED., .F., .F.,
 ( 4, 4 ),
 ( 3.000000000000000000, 4.000000000000000000 ),
 .UNSPECIFIED. ) ;
#6424 = VERTEX_POINT ( 'NONE', #8388 ) ;
#6425 = LINE ( 'NONE', #4100, #4497 ) ;
#6426 = VERTEX_POINT ( 'NONE', #7630 ) ;
#6427 = EDGE_LOOP ( 'NONE', ( #1544, #4856, #6179, #5415, #1498, #8608 ) ) ;
#6428 = SURFACE_SIDE_STYLE ('',( #1169 ) ) ;
#6429 = CARTESIAN_POINT ( 'NONE',  ( 1.252514411699763741, 1.241652295288878660, 0.9000000000000000222 ) ) ;
#6430 = FACE_BOUND ( 'NONE', #838, .T. ) ;
#6431 = CARTESIAN_POINT ( 'NONE',  ( 0.8112354671327967059, 1.239116793792133686, 0.9000000000000000222 ) ) ;
#6432 = CARTESIAN_POINT ( 'NONE',  ( 1.073248855319393069, 1.282680756237013497, 0.9000000000000000222 ) ) ;
#6433 = LINE ( 'NONE', #4324, #2581 ) ;
#6434 = CARTESIAN_POINT ( 'NONE',  ( 1.134761837501267800, 1.194117510700045459, 0.9000000000000000222 ) ) ;
#6435 = ADVANCED_FACE ( 'NONE', ( #5458 ), #5884, .T. ) ;
#6436 = ORIENTED_EDGE ( 'NONE', *, *, #233, .T. ) ;
#6437 = B_SPLINE_CURVE_WITH_KNOTS ( 'NONE', 3,
 ( #2641, #4627, #9102, #7522 ),
 .UNSPECIFIED., .F., .F.,
 ( 4, 4 ),
 ( 5.000000000000000000, 6.000000000000000000 ),
 .UNSPECIFIED. ) ;
#6438 = FILL_AREA_STYLE ('',( #1495 ) ) ;
#6439 = DIRECTION ( 'NONE',  ( -1.000000000000000000, 0.000000000000000000, 0.000000000000000000 ) ) ;
#6440 = CARTESIAN_POINT ( 'NONE',  ( 1.116312399232795238, 1.207278704183104567, 0.9100000000000000311 ) ) ;
#6441 = EDGE_CURVE ( 'NONE', #7038, #3203, #9159, .T. ) ;
#6442 = PRESENTATION_LAYER_ASSIGNMENT (  '', '', ( #4452 ) ) ;
#6443 = CARTESIAN_POINT ( 'NONE',  ( 1.170665454486224943, 1.327155489067869620, 0.9100000000000000311 ) ) ;
#6444 = VERTEX_POINT ( 'NONE', #6358 ) ;
#6445 = PLANE ( 'NONE',  #5265 ) ;
#6446 = ORIENTED_EDGE ( 'NONE', *, *, #3697, .T. ) ;
#6447 = DIRECTION ( 'NONE',  ( -0.000000000000000000, -0.000000000000000000, -1.000000000000000000 ) ) ;
#6448 = ADVANCED_FACE ( 'NONE', ( #7963 ), #7252, .F. ) ;
#6449 = B_SPLINE_CURVE_WITH_KNOTS ( 'NONE', 3,
 ( #5244, #3851, #8099, #186 ),
 .UNSPECIFIED., .F., .F.,
 ( 4, 4 ),
 ( 27.00000000000000000, 28.00000000000000000 ),
 .UNSPECIFIED. ) ;
#6450 = ORIENTED_EDGE ( 'NONE', *, *, #6567, .T. ) ;
#6451 = VERTEX_POINT ( 'NONE', #9341 ) ;
#6452 = DIRECTION ( 'NONE',  ( 0.000000000000000000, -0.000000000000000000, 1.000000000000000000 ) ) ;
#6453 = CARTESIAN_POINT ( 'NONE',  ( 1.078373699282968223, 1.195246461833929130, 0.9000000000000000222 ) ) ;
#6454 = CARTESIAN_POINT ( 'NONE',  ( 1.100581356457863258, 1.328046766278684343, 0.9100000000000000311 ) ) ;
#6455 = DIRECTION ( 'NONE',  ( -1.000000000000000000, 0.000000000000000000, 0.000000000000000000 ) ) ;
#6456 = ADVANCED_FACE ( 'NONE', ( #1319 ), #1263, .F. ) ;
#6457 = CARTESIAN_POINT ( 'NONE',  ( 0.8108223003404817497, 1.284978134355933888, 0.9100000000000000311 ) ) ;
#6458 = CARTESIAN_POINT ( 'NONE',  ( 1.123962528627540758, 1.218538506282406564, 0.9000000000000000222 ) ) ;
#6459 = VECTOR ( 'NONE', #3860, 1000.000000000000000 ) ;
#6460 = EDGE_LOOP ( 'NONE', ( #9050, #3362, #6810, #4149 ) ) ;
#6461 = EDGE_CURVE ( 'NONE', #288, #4285, #5689, .T. ) ;
#6462 = LINE ( 'NONE', #4138, #5158 ) ;
#6463 = DIRECTION ( 'NONE',  ( -1.000000000000000000, 0.000000000000000000, 0.000000000000000000 ) ) ;
#6464 = EDGE_LOOP ( 'NONE', ( #6755, #1392, #311, #3201 ) ) ;
#6465 = DIRECTION ( 'NONE',  ( 1.000000000000000000, -0.000000000000000000, -0.000000000000000000 ) ) ;
#6466 = CARTESIAN_POINT ( 'NONE',  ( 0.7889245470388724923, 1.291175612597763145, 0.9000000000000000222 ) ) ;
#6467 = CARTESIAN_POINT ( 'NONE',  ( 0.8661864298425271391, 1.324641973037194775, 0.9000000000000000222 ) ) ;
#6468 = DIRECTION ( 'NONE',  ( -0.000000000000000000, -0.000000000000000000, -1.000000000000000000 ) ) ;
#6469 = ORIENTED_EDGE ( 'NONE', *, *, #6965, .T. ) ;
#6470 = VERTEX_POINT ( 'NONE', #7066 ) ;
#6471 = EDGE_CURVE ( 'NONE', #4855, #6632, #5783, .T. ) ;
#6472 = ORIENTED_EDGE ( 'NONE', *, *, #6846, .F. ) ;
#6473 = CARTESIAN_POINT ( 'NONE',  ( 0.9798068642723328781, 1.212674205776253622, 0.9000000000000000222 ) ) ;
#6474 = CARTESIAN_POINT ( 'NONE',  ( 1.062702074988706613, 1.241652295288878660, 0.9100000000000000311 ) ) ;
#6475 = DIRECTION ( 'NONE',  ( -0.000000000000000000, -0.000000000000000000, -1.000000000000000000 ) ) ;
#6476 = CARTESIAN_POINT ( 'NONE',  ( 0.8236304236160544301, 1.239116793792133686, 0.9100000000000000311 ) ) ;
#6477 = AXIS2_PLACEMENT_3D ( 'NONE', #194, #2406, #3094 ) ;
#6478 = DIRECTION ( 'NONE',  ( 1.000000000000000000, 1.492587713023452677E-14, -0.000000000000000000 ) ) ;
#6479 = ORIENTED_EDGE ( 'NONE', *, *, #8963, .F. ) ;
#6480 = CARTESIAN_POINT ( 'NONE',  ( 1.308605457514324666, 1.241652295288878660, 0.9100000000000000311 ) ) ;
#6481 = ADVANCED_FACE ( 'NONE', ( #2788 ), #7775, .F. ) ;
#6482 = UNCERTAINTY_MEASURE_WITH_UNIT (LENGTH_MEASURE( 1.000000000000000082E-05 ), #2124, 'distance_accuracy_value', 'NONE');
#6483 = ORIENTED_EDGE ( 'NONE', *, *, #4992, .T. ) ;
#6484 = VECTOR ( 'NONE', #6149, 1000.000000000000000 ) ;
#6485 = VECTOR ( 'NONE', #8639, 1000.000000000000000 ) ;
#6486 = CARTESIAN_POINT ( 'NONE',  ( 1.073664784684665197, 1.304130827782795654, 0.9000000000000000222 ) ) ;
#6487 = CARTESIAN_POINT ( 'NONE',  ( 1.213699289159290595, 1.275728793990915433, 0.9100000000000000311 ) ) ;
#6488 = DIRECTION ( 'NONE',  ( 0.000000000000000000, 1.000000000000000000, -0.000000000000000000 ) ) ;
#6489 = LINE ( 'NONE', #6298, #1049 ) ;
#6490 =( GEOMETRIC_REPRESENTATION_CONTEXT ( 3 ) GLOBAL_UNCERTAINTY_ASSIGNED_CONTEXT ( ( #5061 ) ) GLOBAL_UNIT_ASSIGNED_CONTEXT ( ( #353, #1818, #3225 ) ) REPRESENTATION_CONTEXT ( 'NONE', 'WORKASPACE' ) );
#6491 = VECTOR ( 'NONE', #7950, 1000.000000000000000 ) ;
#6492 = LINE ( 'NONE', #7197, #7376 ) ;
#6493 = ORIENTED_EDGE ( 'NONE', *, *, #4707, .F. ) ;
#6494 = FACE_OUTER_BOUND ( 'NONE', #5569, .T. ) ;
#6495 = B_SPLINE_SURFACE_WITH_KNOTS ( 'NONE', 3, 1, ( 
 ( #2802, #9357 ),
 ( #4269, #5085 ),
 ( #7131, #7977 ),
 ( #729, #5839 ) ),
 .UNSPECIFIED., .F., .F., .F.,
 ( 4, 4 ),
 ( 2, 2 ),
 ( 7.000000000000000000, 8.000000000000000000 ),
 ( 0.000000000000000000, 1.000000000000000000 ),
 .UNSPECIFIED. ) ;
#6496 = EDGE_CURVE ( 'NONE', #8641, #6860, #723, .T. ) ;
#6497 = VERTEX_POINT ( 'NONE', #4337 ) ;
#6498 = CARTESIAN_POINT ( 'NONE',  ( 1.133944833391087981, 1.225995525614980153, 0.9100000000000000311 ) ) ;
#6499 = ORIENTED_EDGE ( 'NONE', *, *, #7055, .T. ) ;
#6500 = LINE ( 'NONE', #5032, #6069 ) ;
#6501 = CARTESIAN_POINT ( 'NONE',  ( 1.070990953051428107, 1.190938621980732526, 0.9000000000000000222 ) ) ;
#6502 = DIRECTION ( 'NONE',  ( 0.000000000000000000, -0.000000000000000000, -1.000000000000000000 ) ) ;
#6503 = PLANE ( 'NONE',  #4859 ) ;
#6504 = FACE_OUTER_BOUND ( 'NONE', #6972, .T. ) ;
#6505 = CARTESIAN_POINT ( 'NONE',  ( -0.7500000000000000000, -1.450000000000000400, 0.000000000000000000 ) ) ;
#6506 = CARTESIAN_POINT ( 'NONE',  ( 0.9219637340171907836, 1.327947293583841670, 0.9000000000000000222 ) ) ;
#6507 = ORIENTED_EDGE ( 'NONE', *, *, #3941, .F. ) ;
#6508 = AXIS2_PLACEMENT_3D ( 'NONE', #6147, #6967, #1174 ) ;
#6509 = B_SPLINE_CURVE_WITH_KNOTS ( 'NONE', 3,
 ( #3292, #1883, #6199, #367 ),
 .UNSPECIFIED., .F., .F.,
 ( 4, 4 ),
 ( 4.000000000000000000, 5.000000000000000000 ),
 .UNSPECIFIED. ) ;
#6510 = FILL_AREA_STYLE_COLOUR ( '', #7581 ) ;
#6511 = EDGE_CURVE ( 'NONE', #8119, #2657, #5069, .T. ) ;
#6512 = VERTEX_POINT ( 'NONE', #2925 ) ;
#6513 = LINE ( 'NONE', #2844, #9226 ) ;
#6514 = ORIENTED_EDGE ( 'NONE', *, *, #3301, .F. ) ;
#6515 = ORIENTED_EDGE ( 'NONE', *, *, #2134, .T. ) ;
#6516 = CARTESIAN_POINT ( 'NONE',  ( 1.322227144223355744, 1.206001206847159946, 0.9100000000000000311 ) ) ;
#6517 = FACE_OUTER_BOUND ( 'NONE', #8444, .T. ) ;
#6518 = VECTOR ( 'NONE', #1855, 1000.000000000000000 ) ;
#6519 = EDGE_CURVE ( 'NONE', #3425, #4914, #2643, .T. ) ;
#6520 = DIRECTION ( 'NONE',  ( 0.000000000000000000, 0.000000000000000000, -1.000000000000000000 ) ) ;
#6521 = CARTESIAN_POINT ( 'NONE',  ( -0.7500000000000000000, -1.450000000000000400, -0.02000000000000000042 ) ) ;
#6522 = ORIENTED_EDGE ( 'NONE', *, *, #3439, .F. ) ;
#6523 = AXIS2_PLACEMENT_3D ( 'NONE', #6474, #787, #7279 ) ;
#6524 = CARTESIAN_POINT ( 'NONE',  ( 0.7500000000000000000, 1.450000000000000400, -0.02000000000000000042 ) ) ;
#6525 = CARTESIAN_POINT ( 'NONE',  ( 1.081597151862784711, 1.201752785474624829, 0.9100000000000000311 ) ) ;
#6526 = LINE ( 'NONE', #9372, #7005 ) ;
#6527 = EDGE_CURVE ( 'NONE', #6614, #5098, #7160, .T. ) ;
#6528 = CARTESIAN_POINT ( 'NONE',  ( 1.075046264361588344, 1.222133324367190133, 0.9100000000000000311 ) ) ;
#6529 = PLANE ( 'NONE',  #3167 ) ;
#6530 = ADVANCED_FACE ( 'NONE', ( #3813 ), #5866, .F. ) ;
#6531 = ORIENTED_EDGE ( 'NONE', *, *, #53, .T. ) ;
#6532 = COLOUR_RGB ( '',0.8274509803921568096, 0.6666666666666666297, 0.1294117647058823373 ) ;
#6533 = VECTOR ( 'NONE', #2220, 1000.000000000000000 ) ;
#6534 = EDGE_LOOP ( 'NONE', ( #4104, #8993, #5141, #7983 ) ) ;
#6535 = EDGE_LOOP ( 'NONE', ( #8175, #9292, #2330, #7613 ) ) ;
#6536 = CARTESIAN_POINT ( 'NONE',  ( 1.162302303322470420, 1.183630148850227437, 0.9100000000000000311 ) ) ;
#6537 = DIRECTION ( 'NONE',  ( -0.000000000000000000, -0.000000000000000000, -1.000000000000000000 ) ) ;
#6538 = DIRECTION ( 'NONE',  ( -0.000000000000000000, -0.000000000000000000, -1.000000000000000000 ) ) ;
#6539 = FACE_OUTER_BOUND ( 'NONE', #2311, .T. ) ;
#6540 = CARTESIAN_POINT ( 'NONE',  ( 0.8657732709307145447, 1.349431886003709113, 0.9000000000000000222 ) ) ;
#6541 = CARTESIAN_POINT ( 'NONE',  ( 1.093941341235667108, 1.191919026912945156, 0.9000000000000000222 ) ) ;
#6542 = CARTESIAN_POINT ( 'NONE',  ( 0.7389315424931681697, 1.203997742542332272, 0.9000000000000000222 ) ) ;
#6543 = CARTESIAN_POINT ( 'NONE',  ( 0.8959343285546274016, 1.324641973037194775, 0.9000000000000000222 ) ) ;
#6544 = CARTESIAN_POINT ( 'NONE',  ( 1.257698674144011708, 1.275728793990890786, 0.9100000000000000311 ) ) ;
#6545 = VECTOR ( 'NONE', #3617, 1000.000000000000000 ) ;
#6546 = CARTESIAN_POINT ( 'NONE',  ( 1.080304799906864899, 1.200504997379009842, 0.9100000000000000311 ) ) ;
#6547 = CARTESIAN_POINT ( 'NONE',  ( 0.7409973803943973314, 1.296133570761587306, 0.9000000000000000222 ) ) ;
#6548 = LINE ( 'NONE', #578, #3157 ) ;
#6549 = EDGE_CURVE ( 'NONE', #8080, #9130, #94, .T. ) ;
#6550 = CARTESIAN_POINT ( 'NONE',  ( 1.500000000000000000, 1.499999999999999778, 0.9000000000000000222 ) ) ;
#6551 = CARTESIAN_POINT ( 'NONE',  ( 1.275360817542436687, 1.220380479185499967, 0.9100000000000000311 ) ) ;
#6552 = CARTESIAN_POINT ( 'NONE',  ( 1.109301018506022807, 1.332443733853280632, 0.9000000000000000222 ) ) ;
#6553 = CARTESIAN_POINT ( 'NONE',  ( 1.224959091258592814, 1.190166181731256767, 0.9000000000000000222 ) ) ;
#6554 = CARTESIAN_POINT ( 'NONE',  ( 1.130409433787367801, 1.182560616197007253, 0.9100000000000000311 ) ) ;
#6555 = ORIENTED_EDGE ( 'NONE', *, *, #1713, .T. ) ;
#6556 = EDGE_CURVE ( 'NONE', #8332, #5761, #1553, .T. ) ;
#6557 = CARTESIAN_POINT ( 'NONE',  ( 1.269151586305875323, 1.196226866766145536, 0.9100000000000000311 ) ) ;
#6558 = EDGE_CURVE ( 'NONE', #2801, #5172, #2956, .T. ) ;
#6559 = EDGE_CURVE ( 'NONE', #8121, #3510, #2961, .T. ) ;
#6560 = ORIENTED_EDGE ( 'NONE', *, *, #4789, .F. ) ;
#6561 = VERTEX_POINT ( 'NONE', #2310 ) ;
#6562 = FACE_OUTER_BOUND ( 'NONE', #3514, .T. ) ;
#6563 = PLANE ( 'NONE',  #6523 ) ;
#6564 = CARTESIAN_POINT ( 'NONE',  ( 0.7389315424931681697, 1.203997742542332272, 0.9000000000000000222 ) ) ;
#6565 = FACE_OUTER_BOUND ( 'NONE', #1632, .T. ) ;
#6566 = PLANE ( 'NONE',  #9095 ) ;
#6567 = EDGE_CURVE ( 'NONE', #5172, #6374, #628, .T. ) ;
#6568 = DIRECTION ( 'NONE',  ( -1.000000000000000000, 0.000000000000000000, 0.000000000000000000 ) ) ;
#6569 = EDGE_CURVE ( 'NONE', #288, #8274, #5304, .T. ) ;
#6570 = CARTESIAN_POINT ( 'NONE',  ( 1.274484394951788557, 1.233957602033630252, 0.9000000000000000222 ) ) ;
#6571 = DIRECTION ( 'NONE',  ( 0.000000000000000000, -0.000000000000000000, -1.000000000000000000 ) ) ;
#6572 = VERTEX_POINT ( 'NONE', #1505 ) ;
#6573 = CARTESIAN_POINT ( 'NONE',  ( 1.062702074988706613, 1.241652295288878660, 0.9000000000000000222 ) ) ;
#6574 = CARTESIAN_POINT ( 'NONE',  ( 0.9240295600976676793, 1.272996321023685207, 0.9100000000000000311 ) ) ;
#6575 = LINE ( 'NONE', #4424, #1628 ) ;
#6576 = CARTESIAN_POINT ( 'NONE',  ( 1.084761185961930607, 1.208199690634653711, 0.9100000000000000311 ) ) ;
#6577 = ADVANCED_FACE ( 'NONE', ( #5208 ), #8192, .F. ) ;
#6578 = EDGE_CURVE ( 'NONE', #3743, #559, #5958, .T. ) ;
#6579 = CARTESIAN_POINT ( 'NONE',  ( 0.7885113802467559330, 1.315965501922772507, 0.9000000000000000222 ) ) ;
#6580 = CARTESIAN_POINT ( 'NONE',  ( -1.250000000000000000, 1.450000000000000400, -0.02000000000000000042 ) ) ;
#6581 = CARTESIAN_POINT ( 'NONE',  ( 1.099333568362444780, 1.225995525614980153, 0.9000000000000000222 ) ) ;
#6582 = FACE_OUTER_BOUND ( 'NONE', #7129, .T. ) ;
#6583 = LINE ( 'NONE', #4301, #2881 ) ;
#6584 = CARTESIAN_POINT ( 'NONE',  ( 1.202588033261660083, 1.298070142747509648, 0.9000000000000000222 ) ) ;
#6585 = CARTESIAN_POINT ( 'NONE',  ( 0.9112214289417924773, 1.208542553615299164, 0.9000000000000000222 ) ) ;
#6586 = CARTESIAN_POINT ( 'NONE',  ( 1.152216016217553651, 1.163992340966802930, 0.9000000000000000222 ) ) ;
#6587 = EDGE_CURVE ( 'NONE', #488, #8257, #2190, .T. ) ;
#6588 = CARTESIAN_POINT ( 'NONE',  ( 1.202588033261660083, 1.298070142747509648, 0.9000000000000000222 ) ) ;
#6589 = DIRECTION ( 'NONE',  ( 1.000000000000000000, 0.000000000000000000, 0.000000000000000000 ) ) ;
#6590 = ORIENTED_EDGE ( 'NONE', *, *, #2808, .T. ) ;
#6591 = CARTESIAN_POINT ( 'NONE',  ( 1.193704970391465947, 1.183541021129224102, 0.9100000000000000311 ) ) ;
#6592 = FACE_OUTER_BOUND ( 'NONE', #6535, .T. ) ;
#6593 = CARTESIAN_POINT ( 'NONE',  ( 1.154161971461618696, 1.225044829923102929, 0.9100000000000000311 ) ) ;
#6594 = EDGE_CURVE ( 'NONE', #5228, #9133, #4580, .T. ) ;
#6595 = CARTESIAN_POINT ( 'NONE',  ( 1.097060811474313002, 1.189958217048518119, 0.9100000000000000311 ) ) ;
#6596 = DIRECTION ( 'NONE',  ( -1.000000000000000000, 0.000000000000000000, 0.000000000000000000 ) ) ;
#6597 = ORIENTED_EDGE ( 'NONE', *, *, #6212, .F. ) ;
#6598 = FACE_OUTER_BOUND ( 'NONE', #328, .T. ) ;
#6599 = ORIENTED_EDGE ( 'NONE', *, *, #2049, .T. ) ;
#6600 = ORIENTED_EDGE ( 'NONE', *, *, #7595, .T. ) ;
#6601 = COLOUR_RGB ( '',0.4980392156862745168, 0.4980392156862745168, 0.4980392156862745168 ) ;
#6602 = VERTEX_POINT ( 'NONE', #3675 ) ;
#6603 = EDGE_CURVE ( 'NONE', #9146, #439, #143, .T. ) ;
#6604 = CARTESIAN_POINT ( 'NONE',  ( 0.9062634589572108323, 1.341581746996276969, 0.9000000000000000222 ) ) ;
#6605 = CARTESIAN_POINT ( 'NONE',  ( 1.130409433787367801, 1.207070739500372580, 0.9000000000000000222 ) ) ;
#6606 = CARTESIAN_POINT ( 'NONE',  ( 1.142233711453809475, 1.197563782582764302, 0.9100000000000000311 ) ) ;
#6607 = LINE ( 'NONE', #126, #6219 ) ;
#6608 = VECTOR ( 'NONE', #8030, 1000.000000000000000 ) ;
#6609 = ORIENTED_EDGE ( 'NONE', *, *, #216, .T. ) ;
#6610 = CARTESIAN_POINT ( 'NONE',  ( 1.324544464971793234, 1.199435464725792988, 0.9000000000000000222 ) ) ;
#6611 = EDGE_CURVE ( 'NONE', #4285, #7513, #981, .T. ) ;
#6612 = CARTESIAN_POINT ( 'NONE',  ( 1.166238777670900006, 1.191206005144136215, 0.9000000000000000222 ) ) ;
#6613 = LINE ( 'NONE', #5102, #2827 ) ;
#6614 = VERTEX_POINT ( 'NONE', #6757 ) ;
#6615 = CARTESIAN_POINT ( 'NONE',  ( 1.238640196447892361, 1.322342592128198602, 0.9100000000000000311 ) ) ;
#6616 = B_SPLINE_SURFACE_WITH_KNOTS ( 'NONE', 3, 1, ( 
 ( #3474, #7753 ),
 ( #9273, #7471 ),
 ( #3987, #449 ),
 ( #4144, #6890 ) ),
 .UNSPECIFIED., .F., .F., .F.,
 ( 4, 4 ),
 ( 2, 2 ),
 ( 0.000000000000000000, 1.000000000000000000 ),
 ( 0.000000000000000000, 1.000000000000000000 ),
 .UNSPECIFIED. ) ;
#6617 = LINE ( 'NONE', #3629, #1958 ) ;
#6618 = CARTESIAN_POINT ( 'NONE',  ( 0.9451009798148459762, 1.272996321023685207, 0.9100000000000000311 ) ) ;
#6619 = MECHANICAL_DESIGN_GEOMETRIC_PRESENTATION_REPRESENTATION (  '', ( #4966 ), #571 ) ;
#6620 = LINE ( 'NONE', #3091, #4831 ) ;
#6621 = COLOUR_RGB ( '',0.8274509803921568096, 0.6666666666666666297, 0.1294117647058823373 ) ;
#6622 = CARTESIAN_POINT ( 'NONE',  ( 0.9095687617729293351, 1.208955712526911475, 0.9100000000000000311 ) ) ;
#6623 = VERTEX_POINT ( 'NONE', #1597 ) ;
#6624 = CARTESIAN_POINT ( 'NONE',  ( 0.7277760824460068889, 1.216392683264588825, 0.9000000000000000222 ) ) ;
#6625 = LINE ( 'NONE', #193, #3029 ) ;
#6626 = PLANE ( 'NONE',  #5716 ) ;
#6627 = VECTOR ( 'NONE', #8738, 1000.000000000000000 ) ;
#6628 = PLANE ( 'NONE',  #1595 ) ;
#6629 = CARTESIAN_POINT ( 'NONE',  ( 1.275360817542436687, 1.205882369885818761, 0.9100000000000000311 ) ) ;
#6630 =( NAMED_UNIT ( * ) PLANE_ANGLE_UNIT ( ) SI_UNIT ( $, .RADIAN. ) );
#6631 = ADVANCED_FACE ( 'NONE', ( #7380 ), #9142, .T. ) ;
#6632 = VERTEX_POINT ( 'NONE', #6717 ) ;
#6633 = FACE_OUTER_BOUND ( 'NONE', #2043, .T. ) ;
#6634 = VECTOR ( 'NONE', #3410, 1000.000000000000000 ) ;
#6635 = COLOUR_RGB ( '',0.2980392156862745057, 0.2980392156862745057, 0.2980392156862745057 ) ;
#6636 = CARTESIAN_POINT ( 'NONE',  ( 1.064024136185159231, 1.190166181731253214, 0.9100000000000000311 ) ) ;
#6637 = MECHANICAL_DESIGN_GEOMETRIC_PRESENTATION_REPRESENTATION (  '', ( #5123 ), #125 ) ;
#6638 = LINE ( 'NONE', #2275, #8157 ) ;
#6639 = ORIENTED_EDGE ( 'NONE', *, *, #1438, .T. ) ;
#6640 = FACE_OUTER_BOUND ( 'NONE', #2521, .T. ) ;
#6641 = CARTESIAN_POINT ( 'NONE',  ( 0.7476080254281427528, 1.272583177873071181, 0.9100000000000000311 ) ) ;
#6642 = DIRECTION ( 'NONE',  ( -0.000000000000000000, -0.000000000000000000, -1.000000000000000000 ) ) ;
#6643 = FACE_OUTER_BOUND ( 'NONE', #3288, .T. ) ;
#6644 = EDGE_CURVE ( 'NONE', #8958, #113, #232, .T. ) ;
#6645 = CARTESIAN_POINT ( 'NONE',  ( 1.096867701411943452, 1.189958217048518119, 0.9100000000000000311 ) ) ;
#6646 = VECTOR ( 'NONE', #2886, 1000.000000000000114 ) ;
#6647 = FACE_OUTER_BOUND ( 'NONE', #6251, .T. ) ;
#6648 = ORIENTED_EDGE ( 'NONE', *, *, #1845, .F. ) ;
#6649 = ORIENTED_EDGE ( 'NONE', *, *, #2842, .T. ) ;
#6650 = ORIENTED_EDGE ( 'NONE', *, *, #8643, .T. ) ;
#6651 = VECTOR ( 'NONE', #3670, 1000.000000000000000 ) ;
#6652 = VERTEX_POINT ( 'NONE', #1881 ) ;
#6653 = ORIENTED_EDGE ( 'NONE', *, *, #963, .F. ) ;
#6654 = CARTESIAN_POINT ( 'NONE',  ( 0.9087424439495014328, 1.208955712526911475, 0.9100000000000000311 ) ) ;
#6655 = LINE ( 'NONE', #256, #4835 ) ;
#6656 = DIRECTION ( 'NONE',  ( 0.000000000000000000, 0.000000000000000000, -1.000000000000000000 ) ) ;
#6657 = CARTESIAN_POINT ( 'NONE',  ( 1.139797553743641112, 1.201693366993959788, 0.9100000000000000311 ) ) ;
#6658 = FACE_OUTER_BOUND ( 'NONE', #4752, .T. ) ;
#6659 = CARTESIAN_POINT ( 'NONE',  ( 0.9851780089295304466, 1.241182611992108331, 0.9100000000000000311 ) ) ;
#6660 = ADVANCED_FACE ( 'NONE', ( #7516 ), #4622, .F. ) ;
#6661 = EDGE_CURVE ( 'NONE', #7863, #609, #3872, .T. ) ;
#6662 = VECTOR ( 'NONE', #7881, 1000.000000000000114 ) ;
#6663 = LINE ( 'NONE', #3848, #2685 ) ;
#6664 = CARTESIAN_POINT ( 'NONE',  ( 0.8339595461381381636, 1.156070583778161076, 0.9100000000000000311 ) ) ;
#6665 = CARTESIAN_POINT ( 'NONE',  ( 1.075046264361588344, 1.215062525159354978, 0.9100000000000000311 ) ) ;
#6666 = ORIENTED_EDGE ( 'NONE', *, *, #2597, .F. ) ;
#6667 = DIRECTION ( 'NONE',  ( 0.000000000000000000, -0.000000000000000000, -1.000000000000000000 ) ) ;
#6668 = CARTESIAN_POINT ( 'NONE',  ( 1.065791835987018654, 1.303685189176992054, 0.9100000000000000311 ) ) ;
#6669 = VECTOR ( 'NONE', #6676, 1000.000000000000000 ) ;
#6670 = VECTOR ( 'NONE', #1137, 1000.000000000000000 ) ;
#6671 = CARTESIAN_POINT ( 'NONE',  ( 0.7286024130753491201, 1.283738618218577487, 0.9000000000000000222 ) ) ;
#6672 = DIRECTION ( 'NONE',  ( -0.3559357243643255786, -0.9345104387438606386, -0.000000000000000000 ) ) ;
#6673 = VECTOR ( 'NONE', #2059, 1000.000000000000000 ) ;
#6674 = ADVANCED_FACE ( 'NONE', ( #3290 ), #321, .F. ) ;
#6675 = CARTESIAN_POINT ( 'NONE',  ( 1.132890155358039497, 1.198068839668837482, 0.9000000000000000222 ) ) ;
#6676 = DIRECTION ( 'NONE',  ( -0.000000000000000000, -0.000000000000000000, -1.000000000000000000 ) ) ;
#6677 = CARTESIAN_POINT ( 'NONE',  ( 1.312868733507022601, 1.232293884572940756, 0.9000000000000000222 ) ) ;
#6678 = AXIS2_PLACEMENT_3D ( 'NONE', #1785, #5583, #8480 ) ;
#6679 = PLANE ( 'NONE',  #8868 ) ;
#6680 = CARTESIAN_POINT ( 'NONE',  ( 1.316626952414039708, 1.241652295288878660, 0.9100000000000000311 ) ) ;
#6681 = ORIENTED_EDGE ( 'NONE', *, *, #601, .F. ) ;
#6682 = SURFACE_STYLE_FILL_AREA ( #3013 ) ;
#6683 = DIRECTION ( 'NONE',  ( -0.000000000000000000, -0.000000000000000000, -1.000000000000000000 ) ) ;
#6684 = SURFACE_STYLE_USAGE ( .BOTH. , #3647 ) ;
#6685 = ADVANCED_FACE ( 'NONE', ( #2535 ), #1221, .F. ) ;
#6686 = CARTESIAN_POINT ( 'NONE',  ( 1.150864245780769624, 1.327155489067869620, 0.9100000000000000311 ) ) ;
#6687 = ORIENTED_EDGE ( 'NONE', *, *, #8546, .T. ) ;
#6688 = AXIS2_PLACEMENT_3D ( 'NONE', #3808, #6049, #5996 ) ;
#6689 = EDGE_CURVE ( 'NONE', #1518, #9028, #8983, .T. ) ;
#6690 = DIRECTION ( 'NONE',  ( 0.000000000000000000, 0.000000000000000000, 1.000000000000000000 ) ) ;
#6691 = CARTESIAN_POINT ( 'NONE',  ( 0.7500000000000000000, -1.450000000000000400, -0.02000000000000000042 ) ) ;
#6692 = DIRECTION ( 'NONE',  ( -0.000000000000000000, -0.000000000000000000, 1.000000000000000000 ) ) ;
#6693 = CARTESIAN_POINT ( 'NONE',  ( 1.330471458425576348, 1.183541021129224102, 0.9100000000000000311 ) ) ;
#6694 = VECTOR ( 'NONE', #2368, 1000.000000000000227 ) ;
#6695 = CARTESIAN_POINT ( 'NONE',  ( 1.088148039363981079, 1.281432968141398954, 0.9100000000000000311 ) ) ;
#6696 = ADVANCED_FACE ( 'NONE', ( #9321 ), #8326, .T. ) ;
#6697 = VERTEX_POINT ( 'NONE', #3566 ) ;
#6698 = EDGE_CURVE ( 'NONE', #9028, #5833, #6382, .T. ) ;
#6699 = B_SPLINE_SURFACE_WITH_KNOTS ( 'NONE', 3, 1, ( 
 ( #4599, #5275 ),
 ( #3831, #5326 ),
 ( #3742, #7407 ),
 ( #6732, #1716 ) ),
 .UNSPECIFIED., .F., .F., .F.,
 ( 4, 4 ),
 ( 2, 2 ),
 ( 4.000000000000000000, 5.000000000000000000 ),
 ( 0.000000000000000000, 1.000000000000000000 ),
 .UNSPECIFIED. ) ;
#6700 = ORIENTED_EDGE ( 'NONE', *, *, #7955, .F. ) ;
#6701 =( LENGTH_UNIT ( ) NAMED_UNIT ( * ) SI_UNIT ( .MILLI., .METRE. ) );
#6702 = CARTESIAN_POINT ( 'NONE',  ( 1.097060811474313002, 1.189958217048518119, 0.9100000000000000311 ) ) ;
#6703 = CARTESIAN_POINT ( 'NONE',  ( 1.130409433787367801, 1.225995525614980153, 0.9000000000000000222 ) ) ;
#6704 = CARTESIAN_POINT ( 'NONE',  ( 1.074184696390907634, 1.326264211856659214, 0.9000000000000000222 ) ) ;
#6705 = CARTESIAN_POINT ( 'NONE',  ( 1.179741627418590788, 1.333840068150567770, 0.9100000000000000311 ) ) ;
#6706 = VERTEX_POINT ( 'NONE', #36 ) ;
#6707 = ORIENTED_EDGE ( 'NONE', *, *, #6569, .F. ) ;
#6708 = LINE ( 'NONE', #7995, #1323 ) ;
#6709 = B_SPLINE_CURVE_WITH_KNOTS ( 'NONE', 3,
 ( #8203, #3870, #1664, #8161 ),
 .UNSPECIFIED., .F., .F.,
 ( 4, 4 ),
 ( 12.00000000000000000, 13.00000000000000000 ),
 .UNSPECIFIED. ) ;
#6710 = LINE ( 'NONE', #2998, #2294 ) ;
#6711 = CARTESIAN_POINT ( 'NONE',  ( 1.261115236786390703, 1.183541021129224102, 0.9000000000000000222 ) ) ;
#6712 = SURFACE_STYLE_FILL_AREA ( #3087 ) ;
#6713 = ADVANCED_FACE ( 'NONE', ( #4409 ), #5813, .F. ) ;
#6714 = CARTESIAN_POINT ( 'NONE',  ( 1.126755197222115923, 1.208496783037992017, 0.9000000000000000222 ) ) ;
#6715 = LINE ( 'NONE', #188, #417 ) ;
#6716 = PLANE ( 'NONE',  #7251 ) ;
#6717 = CARTESIAN_POINT ( 'NONE',  ( -1.250000000000000000, 0.4500000000000002887, 0.000000000000000000 ) ) ;
#6718 = SURFACE_SIDE_STYLE ('',( #2314 ) ) ;
#6719 = CARTESIAN_POINT ( 'NONE',  ( 0.8422228583409444580, 1.225069178020515848, 0.9100000000000000311 ) ) ;
#6720 = CARTESIAN_POINT ( 'NONE',  ( 0.9095687617729293351, 1.208955712526911475, 0.9000000000000000222 ) ) ;
#6721 = CARTESIAN_POINT ( 'NONE',  ( 0.7980141770651065780, 1.315139172278788404, 0.9100000000000000311 ) ) ;
#6722 = FACE_OUTER_BOUND ( 'NONE', #724, .T. ) ;
#6723 = CARTESIAN_POINT ( 'NONE',  ( 1.312541931863346001, 1.234224985196638702, 0.9100000000000000311 ) ) ;
#6724 = ORIENTED_EDGE ( 'NONE', *, *, #2965, .F. ) ;
#6725 = DIRECTION ( 'NONE',  ( 0.000000000000000000, 0.000000000000000000, 1.000000000000000000 ) ) ;
#6726 = CARTESIAN_POINT ( 'NONE',  ( 1.201711610670615382, 1.283869125851567761, 0.9100000000000000311 ) ) ;
#6727 = ORIENTED_EDGE ( 'NONE', *, *, #8409, .T. ) ;
#6728 = CARTESIAN_POINT ( 'NONE',  ( 1.238996707332299385, 1.323293287820081598, 0.9100000000000000311 ) ) ;
#6729 = CARTESIAN_POINT ( 'NONE',  ( 1.159108559982791276, 1.176084001796648515, 0.9000000000000000222 ) ) ;
#6730 = SURFACE_SIDE_STYLE ('',( #3875 ) ) ;
#6731 = CARTESIAN_POINT ( 'NONE',  ( 1.186485624981958642, 1.282353954592944989, 0.9000000000000000222 ) ) ;
#6732 = CARTESIAN_POINT ( 'NONE',  ( 1.147521956239419438, 1.171063140174639639, 0.9100000000000000311 ) ) ;
#6733 = ORIENTED_EDGE ( 'NONE', *, *, #4533, .T. ) ;
#6734 = ORIENTED_EDGE ( 'NONE', *, *, #7063, .T. ) ;
#6735 = ORIENTED_EDGE ( 'NONE', *, *, #2083, .T. ) ;
#6736 = VERTEX_POINT ( 'NONE', #2984 ) ;
#6737 = DIRECTION ( 'NONE',  ( 0.3658589216693960422, -0.9306703226357370129, -0.000000000000000000 ) ) ;
#6738 = CARTESIAN_POINT ( 'NONE',  ( 1.311412980729066646, 1.230154819266510824, 0.9000000000000000222 ) ) ;
#6739 = DIRECTION ( 'NONE',  ( 0.000000000000000000, 1.000000000000000000, 0.000000000000000000 ) ) ;
#6740 = ORIENTED_EDGE ( 'NONE', *, *, #4000, .T. ) ;
#6741 = VERTEX_POINT ( 'NONE', #7987 ) ;
#6742 = EDGE_CURVE ( 'NONE', #8372, #1822, #7909, .T. ) ;
#6743 = EDGE_LOOP ( 'NONE', ( #1158, #1435, #5595, #1400 ) ) ;
#6744 = SURFACE_STYLE_USAGE ( .BOTH. , #9027 ) ;
#6745 = EDGE_CURVE ( 'NONE', #8257, #5725, #7229, .T. ) ;
#6746 = ORIENTED_EDGE ( 'NONE', *, *, #7052, .T. ) ;
#6747 = ORIENTED_EDGE ( 'NONE', *, *, #9193, .T. ) ;
#6748 = CARTESIAN_POINT ( 'NONE',  ( 1.178315583880970241, 1.225044829923102929, 0.9100000000000000311 ) ) ;
#6749 = ORIENTED_EDGE ( 'NONE', *, *, #3220, .T. ) ;
#6750 = CARTESIAN_POINT ( 'NONE',  ( 0.8306542275616128901, 1.343647573076752533, 0.9000000000000000222 ) ) ;
#6751 = CARTESIAN_POINT ( 'NONE',  ( 1.061053212148381109, 1.216369731735640114, 0.9000000000000000222 ) ) ;
#6752 = CARTESIAN_POINT ( 'NONE',  ( 1.240675279413155918, 1.322342592128198602, 0.9100000000000000311 ) ) ;
#6753 = EDGE_CURVE ( 'NONE', #8806, #8412, #3702, .T. ) ;
#6754 =( LENGTH_UNIT ( ) NAMED_UNIT ( * ) SI_UNIT ( .MILLI., .METRE. ) );
#6755 = ORIENTED_EDGE ( 'NONE', *, *, #3889, .T. ) ;
#6756 = ADVANCED_FACE ( 'NONE', ( #6562 ), #8661, .F. ) ;
#6757 = CARTESIAN_POINT ( 'NONE',  ( 1.274484394951788557, 1.233957602033630252, 0.9100000000000000311 ) ) ;
#6758 = EDGE_LOOP ( 'NONE', ( #1844, #846, #7497, #1574 ) ) ;
#6759 = PLANE ( 'NONE',  #2586 ) ;
#6760 = CARTESIAN_POINT ( 'NONE',  ( -1.102496276143866583, -1.198655526412927497, 0.9000000000000000222 ) ) ;
#6761 = CARTESIAN_POINT ( 'NONE',  ( 1.275360817542436687, 1.213131424535660141, 0.9000000000000000222 ) ) ;
#6762 = DIRECTION ( 'NONE',  ( 1.000000000000000000, 0.000000000000000000, -0.000000000000000000 ) ) ;
#6763 = CARTESIAN_POINT ( 'NONE',  ( 1.125462845266195666, 1.182560616197007253, 0.9100000000000000311 ) ) ;
#6764 = VECTOR ( 'NONE', #1543, 1000.000000000000000 ) ;
#6765 = DIRECTION ( 'NONE',  ( -0.000000000000000000, -0.000000000000000000, 1.000000000000000000 ) ) ;
#6766 = CARTESIAN_POINT ( 'NONE',  ( 1.129696412018558638, 1.220083386781760870, 0.9000000000000000222 ) ) ;
#6767 = B_SPLINE_SURFACE_WITH_KNOTS ( 'NONE', 3, 1, ( 
 ( #2349, #5246 ),
 ( #4524, #7429 ),
 ( #4620, #1921 ),
 ( #1732, #2444 ) ),
 .UNSPECIFIED., .F., .F., .F.,
 ( 4, 4 ),
 ( 2, 2 ),
 ( 14.00000000000000000, 15.00000000000000000 ),
 ( 0.000000000000000000, 1.000000000000000000 ),
 .UNSPECIFIED. ) ;
#6768 = MECHANICAL_DESIGN_GEOMETRIC_PRESENTATION_REPRESENTATION (  '', ( #8750 ), #4819 ) ;
#6769 = VERTEX_POINT ( 'NONE', #826 ) ;
#6770 = CARTESIAN_POINT ( 'NONE',  ( 1.207549476403000588, 1.289305916839047050, 0.9100000000000000311 ) ) ;
#6771 = EDGE_LOOP ( 'NONE', ( #8323, #3063, #5670, #1635 ) ) ;
#6772 = FACE_OUTER_BOUND ( 'NONE', #9274, .T. ) ;
#6773 = VECTOR ( 'NONE', #8988, 1000.000000000000000 ) ;
#6774 = CARTESIAN_POINT ( 'NONE',  ( 1.116312399232795238, 1.207278704183104567, 0.9000000000000000222 ) ) ;
#6775 = PLANE ( 'NONE',  #7711 ) ;
#6776 = CARTESIAN_POINT ( 'NONE',  ( 1.196378802024704591, 1.288414639627836422, 0.9100000000000000311 ) ) ;
#6777 = DIRECTION ( 'NONE',  ( -1.000000000000000000, -0.000000000000000000, -0.000000000000000000 ) ) ;
#6778 = ORIENTED_EDGE ( 'NONE', *, *, #3435, .T. ) ;
#6779 = VECTOR ( 'NONE', #9106, 1000.000000000000000 ) ;
#6780 = VERTEX_POINT ( 'NONE', #7185 ) ;
#6781 = ADVANCED_FACE ( 'NONE', ( #5808 ), #4368, .F. ) ;
#6782 = VECTOR ( 'NONE', #5600, 1000.000000000000000 ) ;
#6783 = ORIENTED_EDGE ( 'NONE', *, *, #5823, .F. ) ;
#6784 = ORIENTED_EDGE ( 'NONE', *, *, #3867, .T. ) ;
#6785 = EDGE_CURVE ( 'NONE', #5824, #5526, #608, .T. ) ;
#6786 = VERTEX_POINT ( 'NONE', #2241 ) ;
#6787 = PRESENTATION_STYLE_ASSIGNMENT (( #4503 ) ) ;
#6788 = MECHANICAL_DESIGN_GEOMETRIC_PRESENTATION_REPRESENTATION (  '', ( #1950 ), #2093 ) ;
#6789 = CARTESIAN_POINT ( 'NONE',  ( 1.079027302570914282, 1.199257209283788761, 0.9100000000000000311 ) ) ;
#6790 = VECTOR ( 'NONE', #9300, 1000.000000000000000 ) ;
#6791 = DIRECTION ( 'NONE',  ( 0.000000000000000000, -0.000000000000000000, 1.000000000000000000 ) ) ;
#6792 = ORIENTED_EDGE ( 'NONE', *, *, #7530, .T. ) ;
#6793 = ORIENTED_EDGE ( 'NONE', *, *, #3635, .T. ) ;
#6794 = ORIENTED_EDGE ( 'NONE', *, *, #6074, .T. ) ;
#6795 = FACE_OUTER_BOUND ( 'NONE', #5516, .T. ) ;
#6796 = ORIENTED_EDGE ( 'NONE', *, *, #3479, .F. ) ;
#6797 = VECTOR ( 'NONE', #6538, 1000.000000000000000 ) ;
#6798 = FACE_OUTER_BOUND ( 'NONE', #4658, .T. ) ;
#6799 = ADVANCED_FACE ( 'NONE', ( #2430 ), #6415, .T. ) ;
#6800 = ADVANCED_FACE ( 'NONE', ( #8929 ), #7498, .T. ) ;
#6801 = CARTESIAN_POINT ( 'NONE',  ( 1.097060811474313002, 1.200386160417672654, 0.9100000000000000311 ) ) ;
#6802 = CARTESIAN_POINT ( 'NONE',  ( 1.196378802024704591, 1.288414639627836422, 0.9000000000000000222 ) ) ;
#6803 = MECHANICAL_DESIGN_GEOMETRIC_PRESENTATION_REPRESENTATION (  '', ( #1962 ), #2413 ) ;
#6804 = PRESENTATION_STYLE_ASSIGNMENT (( #4522 ) ) ;
#6805 = FILL_AREA_STYLE ('',( #8420 ) ) ;
#6806 = ORIENTED_EDGE ( 'NONE', *, *, #6171, .F. ) ;
#6807 = VERTEX_POINT ( 'NONE', #1720 ) ;
#6808 = EDGE_CURVE ( 'NONE', #7560, #6512, #6036, .T. ) ;
#6809 = DIRECTION ( 'NONE',  ( 0.000000000000000000, -0.000000000000000000, -1.000000000000000000 ) ) ;
#6810 = ORIENTED_EDGE ( 'NONE', *, *, #3257, .F. ) ;
#6811 = FILL_AREA_STYLE ('',( #1556 ) ) ;
#6812 = LINE ( 'NONE', #3859, #3279 ) ;
#6813 = DIRECTION ( 'NONE',  ( -0.000000000000000000, 1.000000000000000000, -0.000000000000000000 ) ) ;
#6814 = DIRECTION ( 'NONE',  ( -0.2524218971877646434, 0.9676172723862103142, -0.000000000000000000 ) ) ;
#6815 = CARTESIAN_POINT ( 'NONE',  ( 1.179147442611117924, 1.275728793990915433, 0.9100000000000000311 ) ) ;
#6816 = EDGE_LOOP ( 'NONE', ( #8876, #6507, #8798, #1098 ) ) ;
#6817 = CARTESIAN_POINT ( 'NONE',  ( 1.129696412018558638, 1.220083386781760870, 0.9100000000000000311 ) ) ;
#6818 = EDGE_LOOP ( 'NONE', ( #3656, #3886, #1565, #5663, #4276, #6749, #6182, #6600, #3676, #7789, #4663, #918, #1231, #4040 ) ) ;
#6819 =( GEOMETRIC_REPRESENTATION_CONTEXT ( 3 ) GLOBAL_UNCERTAINTY_ASSIGNED_CONTEXT ( ( #599 ) ) GLOBAL_UNIT_ASSIGNED_CONTEXT ( ( #8450, #6411, #4307 ) ) REPRESENTATION_CONTEXT ( 'NONE', 'WORKASPACE' ) );
#6820 = CARTESIAN_POINT ( 'NONE',  ( 1.094957025890777480, 1.217543246730273587, 0.9100000000000000311 ) ) ;
#6821 = VECTOR ( 'NONE', #922, 1000.000000000000000 ) ;
#6822 = VECTOR ( 'NONE', #895, 1000.000000000000000 ) ;
#6823 = SURFACE_SIDE_STYLE ('',( #2546 ) ) ;
#6824 = ORIENTED_EDGE ( 'NONE', *, *, #91, .F. ) ;
#6825 = CARTESIAN_POINT ( 'NONE',  ( 0.8108222924599810533, 1.213087364687867931, 0.9000000000000000222 ) ) ;
#6826 = ORIENTED_EDGE ( 'NONE', *, *, #460, .F. ) ;
#6827 = CARTESIAN_POINT ( 'NONE',  ( -0.7500000000000000000, -0.4500000000000002887, -10.00000000000000000 ) ) ;
#6828 = CARTESIAN_POINT ( 'NONE',  ( 1.178315583880970241, 1.225044829923102929, 0.9100000000000000311 ) ) ;
#6829 = CARTESIAN_POINT ( 'NONE',  ( 1.140243192349245760, 1.224153552711890303, 0.9000000000000000222 ) ) ;
#6830 = COLOUR_RGB ( '',1.000000000000000000, 1.000000000000000000, 1.000000000000000000 ) ;
#6831 = ORIENTED_EDGE ( 'NONE', *, *, #7177, .T. ) ;
#6832 = CARTESIAN_POINT ( 'NONE',  ( 1.089128444296191933, 1.328046766278684343, 0.9100000000000000311 ) ) ;
#6833 = DIRECTION ( 'NONE',  ( -0.000000000000000000, -0.000000000000000000, 1.000000000000000000 ) ) ;
#6834 = CARTESIAN_POINT ( 'NONE',  ( 1.122283956546684003, 1.211556834795970872, 0.9100000000000000311 ) ) ;
#6835 = VERTEX_POINT ( 'NONE', #5983 ) ;
#6836 = EDGE_CURVE ( 'NONE', #683, #5981, #8174, .T. ) ;
#6837 = VERTEX_POINT ( 'NONE', #8218 ) ;
#6838 = ORIENTED_EDGE ( 'NONE', *, *, #6808, .T. ) ;
#6839 = VERTEX_POINT ( 'NONE', #8879 ) ;
#6840 = DIRECTION ( 'NONE',  ( -0.000000000000000000, -0.000000000000000000, -1.000000000000000000 ) ) ;
#6841 = LINE ( 'NONE', #349, #2539 ) ;
#6842 = ADVANCED_FACE ( 'NONE', ( #3937 ), #1679, .F. ) ;
#6843 = VECTOR ( 'NONE', #3946, 1000.000000000000000 ) ;
#6844 = ORIENTED_EDGE ( 'NONE', *, *, #8595, .F. ) ;
#6846 = EDGE_CURVE ( 'NONE', #2019, #1518, #8646, .T. ) ;
#6845 = PRESENTATION_STYLE_ASSIGNMENT (( #6744 ) ) ;
#6847 = ORIENTED_EDGE ( 'NONE', *, *, #3845, .T. ) ;
#6848 = ORIENTED_EDGE ( 'NONE', *, *, #6742, .F. ) ;
#6849 = B_SPLINE_CURVE_WITH_KNOTS ( 'NONE', 3,
 ( #5167, #4587, #5311, #1604 ),
 .UNSPECIFIED., .F., .F.,
 ( 4, 4 ),
 ( 20.00000000000000000, 21.00000000000000000 ),
 .UNSPECIFIED. ) ;
#6850 = ORIENTED_EDGE ( 'NONE', *, *, #44, .F. ) ;
#6851 = B_SPLINE_CURVE_WITH_KNOTS ( 'NONE', 3,
 ( #8457, #3385, #6938, #9215 ),
 .UNSPECIFIED., .F., .F.,
 ( 4, 4 ),
 ( 3.000000000000000000, 4.000000000000000000 ),
 .UNSPECIFIED. ) ;
#6852 = CARTESIAN_POINT ( 'NONE',  ( 1.074184696390907634, 1.326264211856659214, 0.9100000000000000311 ) ) ;
#6853 = EDGE_CURVE ( 'NONE', #7631, #7727, #8303, .T. ) ;
#6854 = LINE ( 'NONE', #1917, #8350 ) ;
#6855 = CARTESIAN_POINT ( 'NONE',  ( 1.129696412018558638, 1.220083386781760870, 0.9000000000000000222 ) ) ;
#6856 = CARTESIAN_POINT ( 'NONE',  ( 1.201206553584555525, 1.190166181731256767, 0.9100000000000000311 ) ) ;
#6857 = B_SPLINE_SURFACE_WITH_KNOTS ( 'NONE', 3, 1, ( 
 ( #7267, #5838 ),
 ( #7632, #5363 ),
 ( #8248, #1748 ),
 ( #2602, #3252 ) ),
 .UNSPECIFIED., .F., .F., .F.,
 ( 4, 4 ),
 ( 2, 2 ),
 ( 11.00000000000000000, 12.00000000000000000 ),
 ( 0.000000000000000000, 1.000000000000000000 ),
 .UNSPECIFIED. ) ;
#6858 = CARTESIAN_POINT ( 'NONE',  ( 0.9467536469835114987, 1.184578974233015058, 0.9100000000000000311 ) ) ;
#6859 = ADVANCED_FACE ( 'NONE', ( #7601 ), #966, .F. ) ;
#6860 = VERTEX_POINT ( 'NONE', #1055 ) ;
#6861 = ORIENTED_EDGE ( 'NONE', *, *, #7318, .F. ) ;
#6862 =( LENGTH_UNIT ( ) NAMED_UNIT ( * ) SI_UNIT ( .MILLI., .METRE. ) );
#6863 =( NAMED_UNIT ( * ) PLANE_ANGLE_UNIT ( ) SI_UNIT ( $, .RADIAN. ) );
#6864 = LINE ( 'NONE', #8379, #8115 ) ;
#6865 = CARTESIAN_POINT ( 'NONE',  ( 1.274484394951788557, 1.233957602033630252, 0.9100000000000000311 ) ) ;
#6866 = DIRECTION ( 'NONE',  ( -0.000000000000000000, -0.000000000000000000, -1.000000000000000000 ) ) ;
#6867 = VERTEX_POINT ( 'NONE', #2335 ) ;
#6868 = DIRECTION ( 'NONE',  ( -8.064921454839610065E-14, 1.000000000000000000, 0.000000000000000000 ) ) ;
#6869 = EDGE_LOOP ( 'NONE', ( #2454, #2549, #6284, #7744 ) ) ;
#6870 = CARTESIAN_POINT ( 'NONE',  ( 0.7781822498441738345, 1.227548170893502322, 0.9000000000000000222 ) ) ;
#6871 = EDGE_CURVE ( 'NONE', #2473, #1087, #5229, .T. ) ;
#6872 = ORIENTED_EDGE ( 'NONE', *, *, #546, .T. ) ;
#6873 = DIRECTION ( 'NONE',  ( 0.000000000000000000, 0.000000000000000000, 1.000000000000000000 ) ) ;
#6874 = FILL_AREA_STYLE_COLOUR ( '', #6060 ) ;
#6875 = CARTESIAN_POINT ( 'NONE',  ( 1.166238777670900006, 1.191206005144136215, 0.9100000000000000311 ) ) ;
#6876 = CARTESIAN_POINT ( 'NONE',  ( 1.133944833391087981, 1.225995525614980153, 0.9000000000000000222 ) ) ;
#6877 = DIRECTION ( 'NONE',  ( -0.000000000000000000, -0.000000000000000000, -1.000000000000000000 ) ) ;
#6878 = CARTESIAN_POINT ( 'NONE',  ( 1.137554506095840301, 1.185858341877657818, 0.9100000000000000311 ) ) ;
#6879 = CARTESIAN_POINT ( 'NONE',  ( 1.142233711453809475, 1.194830532468855955, 0.9100000000000000311 ) ) ;
#6880 = PLANE ( 'NONE',  #3919 ) ;
#6881 = EDGE_CURVE ( 'NONE', #8976, #7596, #8456, .T. ) ;
#6882 = B_SPLINE_CURVE_WITH_KNOTS ( 'NONE', 3,
 ( #6865, #8330, #326, #369 ),
 .UNSPECIFIED., .F., .F.,
 ( 4, 4 ),
 ( 2.000000000000000000, 3.000000000000000000 ),
 .UNSPECIFIED. ) ;
#6883 = ORIENTED_EDGE ( 'NONE', *, *, #8873, .T. ) ;
#6884 = VERTEX_POINT ( 'NONE', #1862 ) ;
#6885 = ORIENTED_EDGE ( 'NONE', *, *, #4873, .T. ) ;
#6886 = EDGE_CURVE ( 'NONE', #5480, #2518, #6937, .T. ) ;
#6887 = DIRECTION ( 'NONE',  ( -0.000000000000000000, -0.000000000000000000, -1.000000000000000000 ) ) ;
#6888 = CARTESIAN_POINT ( 'NONE',  ( 1.200463822574998840, 1.318034752275000665, 0.9000000000000000222 ) ) ;
#6889 = FACE_OUTER_BOUND ( 'NONE', #6771, .T. ) ;
#6890 = CARTESIAN_POINT ( 'NONE',  ( 1.080304799906864899, 1.200504997379009842, 0.9000000000000000222 ) ) ;
#6891 = ORIENTED_EDGE ( 'NONE', *, *, #5749, .F. ) ;
#6892 = CARTESIAN_POINT ( 'NONE',  ( 1.100581356457863258, 1.328046766278684343, 0.9000000000000000222 ) ) ;
#6893 = ORIENTED_EDGE ( 'NONE', *, *, #4130, .T. ) ;
#6894 = VERTEX_POINT ( 'NONE', #4094 ) ;
#6895 = ORIENTED_EDGE ( 'NONE', *, *, #6189, .T. ) ;
#6896 = ADVANCED_FACE ( 'NONE', ( #2563 ), #7083, .T. ) ;
#6897 = ORIENTED_EDGE ( 'NONE', *, *, #4957, .F. ) ;
#6898 = EDGE_LOOP ( 'NONE', ( #7533, #1054, #301, #207 ) ) ;
#6899 = ORIENTED_EDGE ( 'NONE', *, *, #7866, .T. ) ;
#6900 = PLANE ( 'NONE',  #5016 ) ;
#6901 = DIRECTION ( 'NONE',  ( -1.000000000000000000, 0.000000000000000000, 0.000000000000000000 ) ) ;
#6902 = CARTESIAN_POINT ( 'NONE',  ( 1.283248620860648836, 1.204337489386468674, 0.9100000000000000311 ) ) ;
#6903 = CARTESIAN_POINT ( 'NONE',  ( 1.063415096757715395, 1.282353954592944989, 0.9100000000000000311 ) ) ;
#6904 = VECTOR ( 'NONE', #234, 1000.000000000000000 ) ;
#6905 = ORIENTED_EDGE ( 'NONE', *, *, #7923, .F. ) ;
#6906 = FACE_OUTER_BOUND ( 'NONE', #1936, .T. ) ;
#6907 = ORIENTED_EDGE ( 'NONE', *, *, #8245, .T. ) ;
#6908 = ADVANCED_FACE ( 'NONE', ( #4036 ), #3603, .F. ) ;
#6909 = CARTESIAN_POINT ( 'NONE',  ( 1.166535870075030568, 1.192334956278020330, 0.9000000000000000222 ) ) ;
#6910 = CARTESIAN_POINT ( 'NONE',  ( 1.308605457514324666, 1.241652295288878660, 0.9000000000000000222 ) ) ;
#6911 = LINE ( 'NONE', #557, #7661 ) ;
#6912 = CARTESIAN_POINT ( 'NONE',  ( 1.115807342146520220, 1.220469606906500415, 0.9100000000000000311 ) ) ;
#6913 = DIRECTION ( 'NONE',  ( -1.000000000000000000, -0.000000000000000000, -0.000000000000000000 ) ) ;
#6914 = ORIENTED_EDGE ( 'NONE', *, *, #778, .F. ) ;
#6915 = CARTESIAN_POINT ( 'NONE',  ( 1.070990953051428107, 1.194652277026851506, 0.9000000000000000222 ) ) ;
#6916 = CARTESIAN_POINT ( 'NONE',  ( 0.2500000000000000000, -1.450000000000000400, -0.02000000000000000042 ) ) ;
#6917 = ORIENTED_EDGE ( 'NONE', *, *, #8004, .T. ) ;
#6918 = CARTESIAN_POINT ( 'NONE',  ( 1.074556061895679759, 1.185828632637324187, 0.9100000000000000311 ) ) ;
#6919 = ORIENTED_EDGE ( 'NONE', *, *, #535, .F. ) ;
#6920 = PLANE ( 'NONE',  #1816 ) ;
#6921 = CARTESIAN_POINT ( 'NONE',  ( 0.8339595461381381636, 1.156070583778161076, 0.9100000000000000311 ) ) ;
#6922 = EDGE_CURVE ( 'NONE', #4609, #9123, #4113, .T. ) ;
#6923 = CARTESIAN_POINT ( 'NONE',  ( 1.075046264361588344, 1.222133324367190133, 0.9000000000000000222 ) ) ;
#6924 = VECTOR ( 'NONE', #2161, 1000.000000000000000 ) ;
#6925 = DIRECTION ( 'NONE',  ( 1.000000000000000000, -0.000000000000000000, -0.000000000000000000 ) ) ;
#6926 = EDGE_CURVE ( 'NONE', #6056, #6736, #6320, .T. ) ;
#6927 = CARTESIAN_POINT ( 'NONE',  ( 0.7389315424931681697, 1.203997742542332272, 0.9100000000000000311 ) ) ;
#6928 = CARTESIAN_POINT ( 'NONE',  ( 0.8422228583409444580, 1.225069178020515848, 0.9100000000000000311 ) ) ;
#6929 = LINE ( 'NONE', #342, #1504 ) ;
#6930 = ORIENTED_EDGE ( 'NONE', *, *, #7181, .T. ) ;
#6931 = B_SPLINE_CURVE_WITH_KNOTS ( 'NONE', 3,
 ( #6774, #6072, #8968, #2460 ),
 .UNSPECIFIED., .F., .F.,
 ( 4, 4 ),
 ( 4.000000000000000000, 5.000000000000000000 ),
 .UNSPECIFIED. ) ;
#6932 = AXIS2_PLACEMENT_3D ( 'NONE', #4283, #4193, #2731 ) ;
#6933 = VECTOR ( 'NONE', #2489, 1000.000000000000000 ) ;
#6934 = ORIENTED_EDGE ( 'NONE', *, *, #5396, .F. ) ;
#6935 = ORIENTED_EDGE ( 'NONE', *, *, #4331, .T. ) ;
#6936 = B_SPLINE_SURFACE_WITH_KNOTS ( 'NONE', 3, 1, ( 
 ( #8959, #2453 ),
 ( #5874, #8774 ),
 ( #4435, #3728 ),
 ( #5925, #8818 ) ),
 .UNSPECIFIED., .F., .F., .F.,
 ( 4, 4 ),
 ( 2, 2 ),
 ( 26.00000000000000000, 27.00000000000000000 ),
 ( 0.000000000000000000, 1.000000000000000000 ),
 .UNSPECIFIED. ) ;
#6937 = LINE ( 'NONE', #1293, #5240 ) ;
#6938 = CARTESIAN_POINT ( 'NONE',  ( 1.207549476403001698, 1.321005676311579835, 0.9000000000000000222 ) ) ;
#6939 = CARTESIAN_POINT ( 'NONE',  ( 1.202588033261658085, 1.312568252047187523, 0.9000000000000000222 ) ) ;
#6940 = AXIS2_PLACEMENT_3D ( 'NONE', #3332, #5381, #4612 ) ;
#6941 = COLOUR_RGB ( '',0.8274509803921568096, 0.6666666666666666297, 0.1294117647058823373 ) ;
#6942 = CARTESIAN_POINT ( 'NONE',  ( 1.121749190220074244, 1.216161767052905018, 0.9100000000000000311 ) ) ;
#6943 = ORIENTED_EDGE ( 'NONE', *, *, #3068, .F. ) ;
#6944 = CARTESIAN_POINT ( 'NONE',  ( 1.132890155358039497, 1.198068839668837482, 0.9000000000000000222 ) ) ;
#6945 = ORIENTED_EDGE ( 'NONE', *, *, #8374, .F. ) ;
#6946 = VECTOR ( 'NONE', #1237, 1000.000000000000000 ) ;
#6947 = VERTEX_POINT ( 'NONE', #4755 ) ;
#6948 = VERTEX_POINT ( 'NONE', #7643 ) ;
#6949 = VECTOR ( 'NONE', #6279, 1000.000000000000000 ) ;
#6950 = CARTESIAN_POINT ( 'NONE',  ( 1.040271598510909890, 1.234967716206176513, 0.9100000000000000311 ) ) ;
#6951 = DIRECTION ( 'NONE',  ( -0.000000000000000000, 0.000000000000000000, -1.000000000000000000 ) ) ;
#6952 = CARTESIAN_POINT ( 'NONE',  ( 1.158588648276351218, 1.163992340966802930, 0.9000000000000000222 ) ) ;
#6953 = LINE ( 'NONE', #6245, #777 ) ;
#6954 = B_SPLINE_CURVE_WITH_KNOTS ( 'NONE', 3,
 ( #8222, #6892, #4564, #309 ),
 .UNSPECIFIED., .F., .F.,
 ( 4, 4 ),
 ( 7.000000000000000000, 8.000000000000000000 ),
 .UNSPECIFIED. ) ;
#6955 = EDGE_CURVE ( 'NONE', #6451, #153, #2615, .T. ) ;
#6956 = VECTOR ( 'NONE', #3110, 1000.000000000000000 ) ;
#6957 = CARTESIAN_POINT ( 'NONE',  ( 0.9318797055081605718, 1.318857657647627413, 0.9000000000000000222 ) ) ;
#6958 = EDGE_CURVE ( 'NONE', #1200, #4760, #4783, .T. ) ;
#6959 = DIRECTION ( 'NONE',  ( 0.000000000000000000, -1.000000000000000000, 0.000000000000000000 ) ) ;
#6960 = ORIENTED_EDGE ( 'NONE', *, *, #6315, .T. ) ;
#6961 = VECTOR ( 'NONE', #4883, 1000.000000000000000 ) ;
#6962 = FACE_OUTER_BOUND ( 'NONE', #4815, .T. ) ;
#6963 = DIRECTION ( 'NONE',  ( -0.000000000000000000, -0.000000000000000000, -1.000000000000000000 ) ) ;
#6964 = CARTESIAN_POINT ( 'NONE',  ( 1.127349382029589453, 1.220083386781760870, 0.9000000000000000222 ) ) ;
#6965 = EDGE_CURVE ( 'NONE', #7486, #6318, #7791, .T. ) ;
#6966 = CARTESIAN_POINT ( 'NONE',  ( 1.118911957764999965, 1.222697799933933682, 0.9000000000000000222 ) ) ;
#6967 = DIRECTION ( 'NONE',  ( -1.000000000000000000, 0.000000000000000000, 0.000000000000000000 ) ) ;
#6968 = ORIENTED_EDGE ( 'NONE', *, *, #5062, .F. ) ;
#6969 = CARTESIAN_POINT ( 'NONE',  ( 1.084761185961930607, 1.208199690634653711, 0.9000000000000000222 ) ) ;
#6970 = CARTESIAN_POINT ( 'NONE',  ( 1.073664784684665197, 1.297178865536694703, 0.9100000000000000311 ) ) ;
#6971 = ADVANCED_FACE ( 'NONE', ( #7699 ), #9214, .F. ) ;
#6972 = EDGE_LOOP ( 'NONE', ( #2610, #5880, #26, #757 ) ) ;
#6973 = ORIENTED_EDGE ( 'NONE', *, *, #4392, .T. ) ;
#6974 = VECTOR ( 'NONE', #3736, 1000.000000000000000 ) ;
#6975 = LINE ( 'NONE', #2694, #3749 ) ;
#6976 = PRESENTATION_STYLE_ASSIGNMENT (( #3366 ) ) ;
#6977 = B_SPLINE_CURVE_WITH_KNOTS ( 'NONE', 3,
 ( #5343, #6136, #4051, #8368 ),
 .UNSPECIFIED., .F., .F.,
 ( 4, 4 ),
 ( 15.00000000000000000, 16.00000000000000000 ),
 .UNSPECIFIED. ) ;
#6978 = CARTESIAN_POINT ( 'NONE',  ( 1.166535870075030568, 1.192334956278020330, 0.9100000000000000311 ) ) ;
#6979 = CARTESIAN_POINT ( 'NONE',  ( 1.186366788020226659, 1.327155489067869620, 0.9100000000000000311 ) ) ;
#6980 = LINE ( 'NONE', #7739, #6670 ) ;
#6981 = VERTEX_POINT ( 'NONE', #6416 ) ;
#6982 = CARTESIAN_POINT ( 'NONE',  ( 0.7286024130753491201, 1.283738618218577487, 0.9100000000000000311 ) ) ;
#6983 = ORIENTED_EDGE ( 'NONE', *, *, #8595, .T. ) ;
#6984 = CARTESIAN_POINT ( 'NONE',  ( 1.207549476403000588, 1.289305916839047050, 0.9000000000000000222 ) ) ;
#6985 = VECTOR ( 'NONE', #8055, 1000.000000000000000 ) ;
#6986 = SURFACE_STYLE_FILL_AREA ( #6220 ) ;
#6987 = ORIENTED_EDGE ( 'NONE', *, *, #6367, .T. ) ;
#6988 = ORIENTED_EDGE ( 'NONE', *, *, #8242, .F. ) ;
#6989 = EDGE_CURVE ( 'NONE', #3699, #6706, #2847, .T. ) ;
#6990 = EDGE_CURVE ( 'NONE', #1583, #5699, #3515, .T. ) ;
#6991 = PRODUCT_DEFINITION_FORMATION_WITH_SPECIFIED_SOURCE ( '»Œ∫Œ', '', #7099, .NOT_KNOWN. ) ;
#6992 = ORIENTED_EDGE ( 'NONE', *, *, #6315, .F. ) ;
#6993 = VERTEX_POINT ( 'NONE', #1394 ) ;
#6994 = SURFACE_SIDE_STYLE ('',( #2000 ) ) ;
#6995 = CARTESIAN_POINT ( 'NONE',  ( 1.101086413544136722, 1.334820473082782177, 0.9000000000000000222 ) ) ;
#6996 = CARTESIAN_POINT ( 'NONE',  ( 0.8186724299899691415, 1.308115364392980151, 0.9100000000000000311 ) ) ;
#6997 = PRESENTATION_LAYER_ASSIGNMENT (  '', '', ( #1689 ) ) ;
#6998 = CARTESIAN_POINT ( 'NONE',  ( 1.086038683297883223, 1.188532173510895351, 0.9100000000000000311 ) ) ;
#6999 = ORIENTED_EDGE ( 'NONE', *, *, #3983, .T. ) ;
#7000 = DIRECTION ( 'NONE',  ( -0.000000000000000000, -0.000000000000000000, -1.000000000000000000 ) ) ;
#7001 = ORIENTED_EDGE ( 'NONE', *, *, #6403, .F. ) ;
#7002 = EDGE_CURVE ( 'NONE', #3521, #6769, #4907, .T. ) ;
#7003 = VERTEX_POINT ( 'NONE', #2974 ) ;
#7004 = ORIENTED_EDGE ( 'NONE', *, *, #9244, .T. ) ;
#7005 = VECTOR ( 'NONE', #652, 1000.000000000000114 ) ;
#7006 = DIRECTION ( 'NONE',  ( -0.3493954794973129219, 0.9369753459439809085, 0.000000000000000000 ) ) ;
#7007 = PLANE ( 'NONE',  #130 ) ;
#7008 = DIRECTION ( 'NONE',  ( -1.000000000000000000, 0.000000000000000000, 0.000000000000000000 ) ) ;
#7009 = CARTESIAN_POINT ( 'NONE',  ( 0.9322928644199732773, 1.183339481736770615, 0.9100000000000000311 ) ) ;
#7010 = VECTOR ( 'NONE', #8709, 1000.000000000000000 ) ;
#7011 = AXIS2_PLACEMENT_3D ( 'NONE', #3492, #5022, #5682 ) ;
#7012 = ADVANCED_FACE ( 'NONE', ( #2186 ), #6495, .F. ) ;
#7013 = SURFACE_STYLE_USAGE ( .BOTH. , #412 ) ;
#7014 = DIRECTION ( 'NONE',  ( -1.000000000000000000, 0.000000000000000000, 0.000000000000000000 ) ) ;
#7015 = CARTESIAN_POINT ( 'NONE',  ( 1.114203043166696494, 1.184996773907179834, 0.9100000000000000311 ) ) ;
#7016 = CARTESIAN_POINT ( 'NONE',  ( 1.250000000000000000, -1.450000000000000400, 0.000000000000000000 ) ) ;
#7017 = EDGE_LOOP ( 'NONE', ( #9070, #575, #9176, #2852 ) ) ;
#7018 = CARTESIAN_POINT ( 'NONE',  ( 1.114203043166696494, 1.184996773907179834, 0.9000000000000000222 ) ) ;
#7019 = LINE ( 'NONE', #7730, #6779 ) ;
#7020 = ORIENTED_EDGE ( 'NONE', *, *, #3509, .T. ) ;
#7021 = B_SPLINE_SURFACE_WITH_KNOTS ( 'NONE', 3, 1, ( 
 ( #8637, #1558 ),
 ( #1512, #2791 ),
 ( #5830, #9345 ),
 ( #5789, #7343 ) ),
 .UNSPECIFIED., .F., .F., .F.,
 ( 4, 4 ),
 ( 2, 2 ),
 ( 12.00000000000000000, 13.00000000000000000 ),
 ( 0.000000000000000000, 1.000000000000000000 ),
 .UNSPECIFIED. ) ;
#7022 = EDGE_CURVE ( 'NONE', #8533, #785, #8736, .T. ) ;
#7023 = ORIENTED_EDGE ( 'NONE', *, *, #9065, .T. ) ;
#7024 = CARTESIAN_POINT ( 'NONE',  ( 1.076932801124982353, 1.183659858090557515, 0.9100000000000000311 ) ) ;
#7025 = VERTEX_POINT ( 'NONE', #5704 ) ;
#7026 = CARTESIAN_POINT ( 'NONE',  ( 1.086038683297883223, 1.188532173510895351, 0.9000000000000000222 ) ) ;
#7027 = CARTESIAN_POINT ( 'NONE',  ( 1.099333568362444780, 1.225995525614980153, 0.9100000000000000311 ) ) ;
#7028 = CARTESIAN_POINT ( 'NONE',  ( 1.081879389646355216, 1.189156067558703178, 0.9100000000000000311 ) ) ;
#7029 = DIRECTION ( 'NONE',  ( 0.5048830486499243930, -0.8631877589412155771, 0.000000000000000000 ) ) ;
#7030 = DIRECTION ( 'NONE',  ( -1.000000000000000000, 0.000000000000000000, 0.000000000000000000 ) ) ;
#7031 = ORIENTED_EDGE ( 'NONE', *, *, #4057, .T. ) ;
#7032 = CARTESIAN_POINT ( 'NONE',  ( 1.312081438637376696, 1.232472140014946760, 0.9100000000000000311 ) ) ;
#7033 =( NAMED_UNIT ( * ) PLANE_ANGLE_UNIT ( ) SI_UNIT ( $, .RADIAN. ) );
#7034 = VERTEX_POINT ( 'NONE', #6516 ) ;
#7035 = EDGE_LOOP ( 'NONE', ( #595, #1318, #2828, #1309 ) ) ;
#7036 = CARTESIAN_POINT ( 'NONE',  ( -1.250000000000000000, -0.7050726915309724063, -0.01999999999999918510 ) ) ;
#7037 = VERTEX_POINT ( 'NONE', #8076 ) ;
#7038 = VERTEX_POINT ( 'NONE', #640 ) ;
#7039 = CARTESIAN_POINT ( 'NONE',  ( 1.040271598510909890, 1.333840068150567770, 0.9100000000000000311 ) ) ;
#7040 = LINE ( 'NONE', #4650, #2851 ) ;
#7041 = PRESENTATION_STYLE_ASSIGNMENT (( #2003 ) ) ;
#7042 = CARTESIAN_POINT ( 'NONE',  ( 1.313448063694329093, 1.230154819266510824, 0.9100000000000000311 ) ) ;
#7043 =( NAMED_UNIT ( * ) SI_UNIT ( $, .STERADIAN. ) SOLID_ANGLE_UNIT ( ) );
#7044 = ORIENTED_EDGE ( 'NONE', *, *, #6104, .F. ) ;
#7045 = VERTEX_POINT ( 'NONE', #5045 ) ;
#7046 = UNCERTAINTY_MEASURE_WITH_UNIT (LENGTH_MEASURE( 1.000000000000000082E-05 ), #6862, 'distance_accuracy_value', 'NONE');
#7047 = CARTESIAN_POINT ( 'NONE',  ( 1.121749190220074244, 1.216161767052905018, 0.9000000000000000222 ) ) ;
#7048 = FACE_BOUND ( 'NONE', #6350, .T. ) ;
#7049 = ADVANCED_FACE ( 'NONE', ( #7938 ), #2277, .F. ) ;
#7050 = CARTESIAN_POINT ( 'NONE',  ( 1.316626952414039708, 1.241652295288878660, 0.9000000000000000222 ) ) ;
#7051 = CARTESIAN_POINT ( 'NONE',  ( 1.040271598510909890, 1.234967716206176513, 0.9000000000000000222 ) ) ;
#7052 = EDGE_CURVE ( 'NONE', #2133, #4455, #156, .T. ) ;
#7053 = CARTESIAN_POINT ( 'NONE',  ( 0.8033853217223048127, 1.322162980164599988, 0.9000000000000000222 ) ) ;
#7054 = ORIENTED_EDGE ( 'NONE', *, *, #6955, .T. ) ;
#7055 = EDGE_CURVE ( 'NONE', #5761, #8906, #8650, .T. ) ;
#7056 = CARTESIAN_POINT ( 'NONE',  ( 1.179102878750615702, 1.282353954592944989, 0.9100000000000000311 ) ) ;
#7057 = DIRECTION ( 'NONE',  ( 0.000000000000000000, -0.000000000000000000, -1.000000000000000000 ) ) ;
#7058 = LINE ( 'NONE', #2068, #3764 ) ;
#7059 = ORIENTED_EDGE ( 'NONE', *, *, #2387, .F. ) ;
#7060 = CARTESIAN_POINT ( 'NONE',  ( 1.073248855319393069, 1.282680756237013497, 0.9000000000000000222 ) ) ;
#7061 = ORIENTED_EDGE ( 'NONE', *, *, #5720, .F. ) ;
#7062 = LINE ( 'NONE', #5456, #129 ) ;
#7063 = EDGE_CURVE ( 'NONE', #115, #6572, #7856, .T. ) ;
#7064 = VECTOR ( 'NONE', #7750, 1000.000000000000000 ) ;
#7065 = ORIENTED_EDGE ( 'NONE', *, *, #3286, .F. ) ;
#7066 = CARTESIAN_POINT ( 'NONE',  ( 1.062702074988706613, 1.234967716206176513, 0.9100000000000000311 ) ) ;
#7067 = ORIENTED_EDGE ( 'NONE', *, *, #3995, .F. ) ;
#7068 = CARTESIAN_POINT ( 'NONE',  ( 1.075046264361588344, 1.222133324367190133, 0.9100000000000000311 ) ) ;
#7069 = LINE ( 'NONE', #1895, #9126 ) ;
#7070 = CARTESIAN_POINT ( 'NONE',  ( 1.078373699282968223, 1.195246461833929130, 0.9100000000000000311 ) ) ;
#7071 = SURFACE_SIDE_STYLE ('',( #4170 ) ) ;
#7072 = ORIENTED_EDGE ( 'NONE', *, *, #8925, .F. ) ;
#7073 = CARTESIAN_POINT ( 'NONE',  ( 1.186366788020226659, 1.327155489067869620, 0.9000000000000000222 ) ) ;
#7074 = DIRECTION ( 'NONE',  ( -0.000000000000000000, -0.000000000000000000, -1.000000000000000000 ) ) ;
#7075 = LINE ( 'NONE', #2795, #9241 ) ;
#7076 = EDGE_CURVE ( 'NONE', #559, #8446, #687, .T. ) ;
#7077 = EDGE_CURVE ( 'NONE', #5949, #7599, #1476, .T. ) ;
#7078 = CARTESIAN_POINT ( 'NONE',  ( -0.2500000000000000000, 1.450000000000000400, -0.02000000000000000042 ) ) ;
#7079 = COLOUR_RGB ( '',0.8274509803921568096, 0.6666666666666666297, 0.1294117647058823373 ) ;
#7080 = VERTEX_POINT ( 'NONE', #7220 ) ;
#7081 = EDGE_LOOP ( 'NONE', ( #8648, #5092, #7605, #7218 ) ) ;
#7082 = ORIENTED_EDGE ( 'NONE', *, *, #1798, .F. ) ;
#7083 = PLANE ( 'NONE',  #7504 ) ;
#7084 = CARTESIAN_POINT ( 'NONE',  ( 1.273236606856172015, 1.225846979412915427, 0.9100000000000000311 ) ) ;
#7085 = PLANE ( 'NONE',  #2094 ) ;
#7086 = CARTESIAN_POINT ( 'NONE',  ( 1.122491921229417100, 1.217528392109856972, 0.9100000000000000311 ) ) ;
#7087 = ORIENTED_EDGE ( 'NONE', *, *, #454, .T. ) ;
#7088 = VECTOR ( 'NONE', #3916, 1000.000000000000000 ) ;
#7089 = MECHANICAL_DESIGN_GEOMETRIC_PRESENTATION_REPRESENTATION (  '', ( #4812 ), #8604 ) ;
#7090 = FILL_AREA_STYLE ('',( #1298 ) ) ;
#7091 = ORIENTED_EDGE ( 'NONE', *, *, #5396, .T. ) ;
#7092 = ORIENTED_EDGE ( 'NONE', *, *, #5905, .T. ) ;
#7093 = AXIS2_PLACEMENT_3D ( 'NONE', #5359, #7348, #6725 ) ;
#7094 =( LENGTH_UNIT ( ) NAMED_UNIT ( * ) SI_UNIT ( .MILLI., .METRE. ) );
#7095 = PRESENTATION_LAYER_ASSIGNMENT (  '', '', ( #5870 ) ) ;
#7096 = CARTESIAN_POINT ( 'NONE',  ( 1.120932186110094486, 1.275728793990911436, 0.9100000000000000311 ) ) ;
#7097 = CARTESIAN_POINT ( 'NONE',  ( 1.207549476403001698, 1.321005676311579835, 0.9000000000000000222 ) ) ;
#7098 = CARTESIAN_POINT ( 'NONE',  ( 1.075046264361588344, 1.215062525159354978, 0.9100000000000000311 ) ) ;
#7099 = PRODUCT ( 'LGA-6_L3.0-W3.0-P1.00-BR', 'LGA-6_L3.0-W3.0-P1.00-BR', '', ( #1797 ) ) ;
#7100 =( NAMED_UNIT ( * ) SI_UNIT ( $, .STERADIAN. ) SOLID_ANGLE_UNIT ( ) );
#7101 = VECTOR ( 'NONE', #6372, 1000.000000000000000 ) ;
#7102 = PRESENTATION_LAYER_ASSIGNMENT (  '', '', ( #5123 ) ) ;
#7103 = EDGE_CURVE ( 'NONE', #4077, #450, #620, .T. ) ;
#7104 = ORIENTED_EDGE ( 'NONE', *, *, #9109, .T. ) ;
#7105 = EDGE_CURVE ( 'NONE', #8412, #5421, #5799, .T. ) ;
#7106 = DIRECTION ( 'NONE',  ( 0.000000000000000000, 0.000000000000000000, 1.000000000000000000 ) ) ;
#7107 = CARTESIAN_POINT ( 'NONE',  ( 1.139797553743641112, 1.201693366993959788, 0.9100000000000000311 ) ) ;
#7108 = VECTOR ( 'NONE', #4988, 1000.000000000000000 ) ;
#7109 = CARTESIAN_POINT ( 'NONE',  ( 1.201206553584558190, 1.234967716206178068, 0.9100000000000000311 ) ) ;
#7110 = DIRECTION ( 'NONE',  ( -0.000000000000000000, -0.000000000000000000, -1.000000000000000000 ) ) ;
#7111 = EDGE_LOOP ( 'NONE', ( #1973, #3166, #5227, #7802 ) ) ;
#7112 = CARTESIAN_POINT ( 'NONE',  ( 1.065791835987018654, 1.303685189176992054, 0.9100000000000000311 ) ) ;
#7113 = B_SPLINE_CURVE_WITH_KNOTS ( 'NONE', 3,
 ( #6879, #9116, #9014, #385 ),
 .UNSPECIFIED., .F., .F.,
 ( 4, 4 ),
 ( 16.00000000000000000, 17.00000000000000000 ),
 .UNSPECIFIED. ) ;
#7114 = CARTESIAN_POINT ( 'NONE',  ( 1.165005844195845741, 1.193850127536643324, 0.9100000000000000311 ) ) ;
#7115 = VECTOR ( 'NONE', #8509, 1000.000000000000000 ) ;
#7116 = VERTEX_POINT ( 'NONE', #2232 ) ;
#7117 = FILL_AREA_STYLE_COLOUR ( '', #4979 ) ;
#7118 = EDGE_LOOP ( 'NONE', ( #4863, #6707, #3272, #7357 ) ) ;
#7119 = CARTESIAN_POINT ( 'NONE',  ( 0.8161934449976795403, 1.333318442181288033, 0.9000000000000000222 ) ) ;
#7120 = CARTESIAN_POINT ( 'NONE',  ( 1.070990953051428107, 1.194652277026851506, 0.9000000000000000222 ) ) ;
#7121 = CARTESIAN_POINT ( 'NONE',  ( 1.065791835987018654, 1.303685189176992054, 0.9100000000000000311 ) ) ;
#7122 = CARTESIAN_POINT ( 'NONE',  ( 1.179741627418590788, 1.333840068150567770, 0.9000000000000000222 ) ) ;
#7123 = CARTESIAN_POINT ( 'NONE',  ( 0.8525519808632221475, 1.197387105388890260, 0.9000000000000000222 ) ) ;
#7124 = CARTESIAN_POINT ( 'NONE',  ( 1.032770015318032586, 1.275728793990911436, 0.9000000000000000222 ) ) ;
#7125 = CARTESIAN_POINT ( 'NONE',  ( 1.274484394951788557, 1.191681352989879983, 0.9000000000000000222 ) ) ;
#7126 = CARTESIAN_POINT ( 'NONE',  ( 0.8108223003404817497, 1.284978134355933888, 0.9000000000000000222 ) ) ;
#7127 = CARTESIAN_POINT ( 'NONE',  ( 1.235936655574719101, 1.183541021129224102, 0.9100000000000000311 ) ) ;
#7128 = VERTEX_POINT ( 'NONE', #4401 ) ;
#7129 = EDGE_LOOP ( 'NONE', ( #9367, #7262, #426, #4604 ) ) ;
#7130 = B_SPLINE_CURVE_WITH_KNOTS ( 'NONE', 3,
 ( #471, #9151, #4516, #7326 ),
 .UNSPECIFIED., .F., .F.,
 ( 4, 4 ),
 ( 2.000000000000000000, 3.000000000000000000 ),
 .UNSPECIFIED. ) ;
#7131 = CARTESIAN_POINT ( 'NONE',  ( 1.105141724854496799, 1.326917815144800894, 0.9100000000000000311 ) ) ;
#7132 = LINE ( 'NONE', #7270, #7248 ) ;
#7133 = EDGE_CURVE ( 'NONE', #9019, #1705, #7960, .T. ) ;
#7134 = CARTESIAN_POINT ( 'NONE',  ( 0.7719847597815928664, 1.184165815321398973, 0.9100000000000000311 ) ) ;
#7135 = CARTESIAN_POINT ( 'NONE',  ( 1.147521956239419438, 1.171063140174639639, 0.9000000000000000222 ) ) ;
#7136 = ORIENTED_EDGE ( 'NONE', *, *, #3556, .F. ) ;
#7137 = VECTOR ( 'NONE', #2304, 1000.000000000000000 ) ;
#7138 = ORIENTED_EDGE ( 'NONE', *, *, #1345, .T. ) ;
#7139 = ORIENTED_EDGE ( 'NONE', *, *, #7642, .T. ) ;
#7140 = ADVANCED_FACE ( 'NONE', ( #6592 ), #1609, .F. ) ;
#7141 = CARTESIAN_POINT ( 'NONE',  ( 1.114930919555674915, 1.209090967845468656, 0.9000000000000000222 ) ) ;
#7142 = FACE_BOUND ( 'NONE', #2744, .T. ) ;
#7143 = CARTESIAN_POINT ( 'NONE',  ( 1.104339575364488013, 1.183541021129224102, 0.9100000000000000311 ) ) ;
#7144 = CARTESIAN_POINT ( 'NONE',  ( 1.114930919555674915, 1.209090967845468656, 0.9100000000000000311 ) ) ;
#7145 = CARTESIAN_POINT ( 'NONE',  ( 1.269151586305875323, 1.196226866766145536, 0.9100000000000000311 ) ) ;
#7146 = UNCERTAINTY_MEASURE_WITH_UNIT (LENGTH_MEASURE( 1.000000000000000082E-05 ), #759, 'distance_accuracy_value', 'NONE');
#7147 = ORIENTED_EDGE ( 'NONE', *, *, #1256, .T. ) ;
#7148 = VECTOR ( 'NONE', #313, 1000.000000000000000 ) ;
#7149 = EDGE_LOOP ( 'NONE', ( #2193, #3994, #1961, #2893, #8026, #8502, #6133, #4996, #2200, #638, #8792, #8513 ) ) ;
#7150 = FACE_BOUND ( 'NONE', #7598, .T. ) ;
#7151 = CARTESIAN_POINT ( 'NONE',  ( 1.275360817542436687, 1.213131424535660141, 0.9000000000000000222 ) ) ;
#7152 = VECTOR ( 'NONE', #8917, 1000.000000000000000 ) ;
#7153 = CARTESIAN_POINT ( 'NONE',  ( 0.7947088584883865714, 1.315552339070905630, 0.9000000000000000222 ) ) ;
#7154 = EDGE_CURVE ( 'NONE', #5699, #1108, #8289, .T. ) ;
#7155 = LINE ( 'NONE', #2871, #1497 ) ;
#7156 = ORIENTED_EDGE ( 'NONE', *, *, #4234, .T. ) ;
#7157 = CARTESIAN_POINT ( 'NONE',  ( 1.075699867649731134, 1.317262312025127446, 0.9000000000000000222 ) ) ;
#7158 = ORIENTED_EDGE ( 'NONE', *, *, #7799, .T. ) ;
#7159 = CARTESIAN_POINT ( 'NONE',  ( 1.070990953051428107, 1.194652277026851506, 0.9100000000000000311 ) ) ;
#7160 = LINE ( 'NONE', #8854, #3583 ) ;
#7161 = CARTESIAN_POINT ( 'NONE',  ( 1.130409433787367801, 1.225995525614980153, 0.9100000000000000311 ) ) ;
#7162 = CARTESIAN_POINT ( 'NONE',  ( 1.080483055349066523, 1.190403855653926257, 0.9000000000000000222 ) ) ;
#7163 = CARTESIAN_POINT ( 'NONE',  ( 1.185861730934152147, 1.225044829923102929, 0.9100000000000000311 ) ) ;
#7164 = FACE_OUTER_BOUND ( 'NONE', #5623, .T. ) ;
#7165 = LINE ( 'NONE', #5831, #6485 ) ;
#7166 = EDGE_CURVE ( 'NONE', #5372, #2019, #161, .T. ) ;
#7167 = CARTESIAN_POINT ( 'NONE',  ( 1.140243192349245760, 1.224153552711890303, 0.9100000000000000311 ) ) ;
#7168 = CARTESIAN_POINT ( 'NONE',  ( 1.122491921229417100, 1.217528392109856972, 0.9100000000000000311 ) ) ;
#7169 = EDGE_CURVE ( 'NONE', #1792, #3420, #8827, .T. ) ;
#7170 = LINE ( 'NONE', #4175, #4102 ) ;
#7171 = VERTEX_POINT ( 'NONE', #3210 ) ;
#7172 = PLANE ( 'NONE',  #589 ) ;
#7173 = EDGE_LOOP ( 'NONE', ( #800, #6370, #55, #5170 ) ) ;
#7174 = LINE ( 'NONE', #686, #7890 ) ;
#7175 = CARTESIAN_POINT ( 'NONE',  ( 1.134761837501267800, 1.190374146413594847, 0.9100000000000000311 ) ) ;
#7176 = CARTESIAN_POINT ( 'NONE',  ( 0.2500000000000000000, -0.4500000000000002887, 0.000000000000000000 ) ) ;
#7177 = EDGE_CURVE ( 'NONE', #6265, #9038, #3787, .T. ) ;
#7178 =( NAMED_UNIT ( * ) PLANE_ANGLE_UNIT ( ) SI_UNIT ( $, .RADIAN. ) );
#7179 = CARTESIAN_POINT ( 'NONE',  ( 1.152186306977023067, 1.282353954592944989, 0.9100000000000000311 ) ) ;
#7180 = ORIENTED_EDGE ( 'NONE', *, *, #7719, .F. ) ;
#7181 = EDGE_CURVE ( 'NONE', #1003, #3834, #6141, .T. ) ;
#7182 = ORIENTED_EDGE ( 'NONE', *, *, #8225, .F. ) ;
#7183 = EDGE_LOOP ( 'NONE', ( #5858, #6919, #703, #8255 ) ) ;
#7184 = ORIENTED_EDGE ( 'NONE', *, *, #5522, .F. ) ;
#7185 = CARTESIAN_POINT ( 'NONE',  ( 1.235936655574717769, 1.241652295288878660, 0.9000000000000000222 ) ) ;
#7186 = CARTESIAN_POINT ( 'NONE',  ( 1.313448063694329093, 1.230154819266510824, 0.9100000000000000311 ) ) ;
#7187 = CARTESIAN_POINT ( 'NONE',  ( 1.249454359941787329, 1.298188979709240742, 0.9100000000000000311 ) ) ;
#7188 = CARTESIAN_POINT ( 'NONE',  ( 1.114203043166696494, 1.192513211720024335, 0.9100000000000000311 ) ) ;
#7189 = ORIENTED_EDGE ( 'NONE', *, *, #7446, .T. ) ;
#7190 = CARTESIAN_POINT ( 'NONE',  ( 1.126175867035005496, 1.188502464270565273, 0.9000000000000000222 ) ) ;
#7191 = EDGE_CURVE ( 'NONE', #2252, #5597, #7491, .T. ) ;
#7192 = ORIENTED_EDGE ( 'NONE', *, *, #5971, .T. ) ;
#7193 = SURFACE_STYLE_FILL_AREA ( #6438 ) ;
#7194 = PLANE ( 'NONE',  #1619 ) ;
#7195 = CARTESIAN_POINT ( 'NONE',  ( 1.158588648276351218, 1.163992340966802930, 0.9100000000000000311 ) ) ;
#7196 = DIRECTION ( 'NONE',  ( -0.000000000000000000, -0.000000000000000000, -1.000000000000000000 ) ) ;
#7197 = CARTESIAN_POINT ( 'NONE',  ( 1.221988167221633503, 1.209714861893276483, 0.9100000000000000311 ) ) ;
#7198 = ORIENTED_EDGE ( 'NONE', *, *, #8231, .F. ) ;
#7199 = ADVANCED_FACE ( 'NONE', ( #1045 ), #3926, .F. ) ;
#7200 = PLANE ( 'NONE',  #5584 ) ;
#7201 = EDGE_CURVE ( 'NONE', #1416, #7486, #5222, .T. ) ;
#7202 = ORIENTED_EDGE ( 'NONE', *, *, #822, .F. ) ;
#7203 = CARTESIAN_POINT ( 'NONE',  ( 1.130409433787367801, 1.225995525614980153, 0.9100000000000000311 ) ) ;
#7204 = ORIENTED_EDGE ( 'NONE', *, *, #5989, .T. ) ;
#7205 = LINE ( 'NONE', #2074, #8654 ) ;
#7206 = CARTESIAN_POINT ( 'NONE',  ( 1.201711610670615382, 1.283869125851567761, 0.9100000000000000311 ) ) ;
#7207 = CARTESIAN_POINT ( 'NONE',  ( 1.221988167221613963, 1.275728793990915433, 0.9000000000000000222 ) ) ;
#7208 = ORIENTED_EDGE ( 'NONE', *, *, #7720, .T. ) ;
#7209 = CARTESIAN_POINT ( 'NONE',  ( 0.7389315424931681697, 1.203997742542332272, 0.9000000000000000222 ) ) ;
#7210 = DIRECTION ( 'NONE',  ( 0.000000000000000000, 0.000000000000000000, -1.000000000000000000 ) ) ;
#7211 = CARTESIAN_POINT ( 'NONE',  ( 1.073664784684665197, 1.304130827782795654, 0.9100000000000000311 ) ) ;
#7212 = VERTEX_POINT ( 'NONE', #2418 ) ;
#7213 = CARTESIAN_POINT ( 'NONE',  ( 1.114203043166696494, 1.192513211720024335, 0.9100000000000000311 ) ) ;
#7214 = EDGE_CURVE ( 'NONE', #3381, #8013, #3738, .T. ) ;
#7215 = ORIENTED_EDGE ( 'NONE', *, *, #9065, .F. ) ;
#7216 = CARTESIAN_POINT ( 'NONE',  ( 1.273236606856172015, 1.225846979412915427, 0.9100000000000000311 ) ) ;
#7217 = ORIENTED_EDGE ( 'NONE', *, *, #5330, .T. ) ;
#7218 = ORIENTED_EDGE ( 'NONE', *, *, #6527, .T. ) ;
#7219 = EDGE_CURVE ( 'NONE', #4861, #7906, #3064, .T. ) ;
#7220 = CARTESIAN_POINT ( 'NONE',  ( 1.149215382940226293, 1.308557504597331445, 0.9000000000000000222 ) ) ;
#7221 = DIRECTION ( 'NONE',  ( -1.000000000000000000, 0.000000000000000000, 0.000000000000000000 ) ) ;
#7222 = PLANE ( 'NONE',  #8024 ) ;
#7223 = ORIENTED_EDGE ( 'NONE', *, *, #745, .T. ) ;
#7224 = VECTOR ( 'NONE', #861, 1000.000000000000000 ) ;
#7225 = EDGE_LOOP ( 'NONE', ( #22, #7795, #6035, #9365 ) ) ;
#7226 = EDGE_CURVE ( 'NONE', #866, #9018, #244, .T. ) ;
#7227 = ORIENTED_EDGE ( 'NONE', *, *, #517, .T. ) ;
#7228 = VERTEX_POINT ( 'NONE', #5321 ) ;
#7229 = LINE ( 'NONE', #6654, #5683 ) ;
#7230 = CARTESIAN_POINT ( 'NONE',  ( 1.125462845266195666, 1.182560616197007253, 0.9000000000000000222 ) ) ;
#7231 = VECTOR ( 'NONE', #7475, 1000.000000000000000 ) ;
#7232 = LINE ( 'NONE', #39, #8297 ) ;
#7233 = VECTOR ( 'NONE', #8002, 1000.000000000000114 ) ;
#7234 = DIRECTION ( 'NONE',  ( 1.000000000000000000, -0.000000000000000000, -0.000000000000000000 ) ) ;
#7235 = ORIENTED_EDGE ( 'NONE', *, *, #7254, .T. ) ;
#7236 = LINE ( 'NONE', #5099, #7991 ) ;
#7237 = B_SPLINE_CURVE_WITH_KNOTS ( 'NONE', 3,
 ( #6007, #7436, #3817, #4626 ),
 .UNSPECIFIED., .F., .F.,
 ( 4, 4 ),
 ( 11.00000000000000000, 12.00000000000000000 ),
 .UNSPECIFIED. ) ;
#7238 = VECTOR ( 'NONE', #6248, 1000.000000000000000 ) ;
#7239 = VECTOR ( 'NONE', #3314, 1000.000000000000000 ) ;
#7240 = EDGE_CURVE ( 'NONE', #3061, #2159, #5932, .T. ) ;
#7241 = FACE_BOUND ( 'NONE', #8934, .T. ) ;
#7242 = CARTESIAN_POINT ( 'NONE',  ( 1.114247607027199383, 1.213844446304467306, 0.9100000000000000311 ) ) ;
#7243 = DIRECTION ( 'NONE',  ( -0.3667976789509080904, -0.9303007377811901568, 0.000000000000000000 ) ) ;
#7244 = CARTESIAN_POINT ( 'NONE',  ( 1.080483055349066523, 1.190403855653926257, 0.9000000000000000222 ) ) ;
#7245 = VECTOR ( 'NONE', #6683, 1000.000000000000000 ) ;
#7246 = VECTOR ( 'NONE', #9217, 1000.000000000000000 ) ;
#7247 = PLANE ( 'NONE',  #268 ) ;
#7248 = VECTOR ( 'NONE', #641, 1000.000000000000000 ) ;
#7249 = LINE ( 'NONE', #8, #8620 ) ;
#7250 = B_SPLINE_SURFACE_WITH_KNOTS ( 'NONE', 3, 1, ( 
 ( #3212, #6703 ),
 ( #872, #7989 ),
 ( #6116, #3972 ),
 ( #2198, #2989 ) ),
 .UNSPECIFIED., .F., .F., .F.,
 ( 4, 4 ),
 ( 2, 2 ),
 ( 7.000000000000000000, 8.000000000000000000 ),
 ( 0.000000000000000000, 1.000000000000000000 ),
 .UNSPECIFIED. ) ;
#7251 = AXIS2_PLACEMENT_3D ( 'NONE', #6576, #5247, #5303 ) ;
#7252 = PLANE ( 'NONE',  #562 ) ;
#7253 = ORIENTED_EDGE ( 'NONE', *, *, #1929, .F. ) ;
#7254 = EDGE_CURVE ( 'NONE', #6835, #7116, #2633, .T. ) ;
#7255 = CARTESIAN_POINT ( 'NONE',  ( 0.7409973803943973314, 1.296133570761587306, 0.9100000000000000311 ) ) ;
#7256 = EDGE_CURVE ( 'NONE', #3746, #5503, #3160, .T. ) ;
#7257 = VECTOR ( 'NONE', #3458, 1000.000000000000114 ) ;
#7258 = LINE ( 'NONE', #9297, #8820 ) ;
#7259 = CARTESIAN_POINT ( 'NONE',  ( 0.8306542275616128901, 1.343647573076752533, 0.9100000000000000311 ) ) ;
#7260 = CARTESIAN_POINT ( 'NONE',  ( 1.061053212148381109, 1.216369731735640114, 0.9000000000000000222 ) ) ;
#7261 = CARTESIAN_POINT ( 'NONE',  ( 0.7885113802467559330, 1.315965501922772507, 0.9100000000000000311 ) ) ;
#7262 = ORIENTED_EDGE ( 'NONE', *, *, #1012, .F. ) ;
#7263 = VECTOR ( 'NONE', #3111, 1000.000000000000000 ) ;
#7264 = B_SPLINE_CURVE_WITH_KNOTS ( 'NONE', 3,
 ( #5212, #3054, #6720, #1655 ),
 .UNSPECIFIED., .F., .F.,
 ( 4, 4 ),
 ( 26.00000000000000000, 27.00000000000000000 ),
 .UNSPECIFIED. ) ;
#7265 = DIRECTION ( 'NONE',  ( -0.000000000000000000, -0.000000000000000000, -1.000000000000000000 ) ) ;
#7266 = ORIENTED_EDGE ( 'NONE', *, *, #7911, .F. ) ;
#7267 = CARTESIAN_POINT ( 'NONE',  ( 1.088653096450254543, 1.220083386781760870, 0.9100000000000000311 ) ) ;
#7268 = EDGE_CURVE ( 'NONE', #5337, #9307, #958, .T. ) ;
#7269 = CARTESIAN_POINT ( 'NONE',  ( 1.238640196447892361, 1.322342592128198602, 0.9000000000000000222 ) ) ;
#7270 = CARTESIAN_POINT ( 'NONE',  ( 1.097060811474313002, 1.183541021129224102, 0.9100000000000000311 ) ) ;
#7271 = SURFACE_STYLE_FILL_AREA ( #4358 ) ;
#7272 = ORIENTED_EDGE ( 'NONE', *, *, #5534, .T. ) ;
#7273 = CARTESIAN_POINT ( 'NONE',  ( 1.079368958835152492, 1.287553071657355330, 0.9000000000000000222 ) ) ;
#7274 = ORIENTED_EDGE ( 'NONE', *, *, #1234, .T. ) ;
#7275 = EDGE_CURVE ( 'NONE', #1723, #5172, #6931, .T. ) ;
#7276 = ORIENTED_EDGE ( 'NONE', *, *, #8978, .T. ) ;
#7277 = EDGE_LOOP ( 'NONE', ( #411, #9030, #877, #3335 ) ) ;
#7278 = CLOSED_SHELL ( 'NONE', ( #4757, #8092, #9293, #7617, #7745, #1527, #811, #5377, #5382, #147, #2936, #6971, #1361, #1129, #8791, #3551, #3018, #5197, #5937, #2816, #5562, #516, #3135, #3579, #5886, #7495, #6660, #3226, #5430, #9303, #5012, #196, #2103, #6842, #6448, #7295, #6781, #8336, #179, #2527, #8476, #4880, #7766, #8642, #9157, #4848, #3575, #977, #1615, #8614, #4921, #7749, #5986, #5216, #4565, #7645, #8853, #5847, #2389, #8561, #7140, #5865, #1143, #4376, #6355, #6908, #1963, #8658, #2787, #5419, #4473, #2218, #8223, #8209, #2949, #5100, #4465, #4687, #6456, #5679, #3716, #1188, #8143, #2666, #9097, #8739, #332, #5292, #7821, #9263, #7392, #678, #8622, #5669, #162, #5957, #4899, #4566, #6353, #6481, #2111, #1099, #8681, #6197, #7470, #8523, #7660, #1758, #1462, #2923, #1075, #6800, #4163, #1355, #7434, #6799, #1370, #7328, #7485, #5124, #4686, #7849, #2071, #8728, #10, #5018, #8128, #901, #2008, #7832, #1563, #9185, #8310, #6000, #2868, #5691, #5367, #983, #9231, #3102, #3911, #8716, #5078, #4026, #7583, #4762, #9054, #3857, #7448, #5002, #6713, #1985, #6435, #6685, #675, #3336, #2099, #9212, #1157, #6756, #8051, #6285, #3051, #2377, #2195, #7980, #318, #2113, #9348, #3173, #4364, #7675, #4701, #2724, #7012, #2299, #2440, #410, #1022, #4990, #5853, #1413, #2569, #8353, #7049, #2792, #1688, #3352, #496, #117, #2154, #7978, #8421, #4919, #3322, #6696, #8783, #8173, #4199, #7514, #8403, #1815, #4093, #831, #2584, #2428, #8455, #7199, #5238, #4412, #132, #5390, #3057, #4219, #3216, #4388, #7375, #4315, #1330, #8672, #3089, #622, #1409, #6530, #6674, #1106, #9141, #3408, #8570, #8670, #3254, #994, #4895, #1401, #3665, #4486, #6631, #5137, #9138, #1185, #2313, #6896, #5449, #2340, #4275, #1311, #6859, #5181, #3312, #466, #3788, #6577, #7494, #4186, #9277, #7996, #6274, #1362, #9330, #9087, #1218, #8974, #8233 ) ) ;
#7279 = DIRECTION ( 'NONE',  ( 0.000000000000000000, 0.000000000000000000, 1.000000000000000000 ) ) ;
#7280 = CARTESIAN_POINT ( 'NONE',  ( 0.8236304236160544301, 1.239116793792133686, 0.9000000000000000222 ) ) ;
#7281 = CARTESIAN_POINT ( 'NONE',  ( 1.117916698212618742, 1.189839380087180265, 0.9100000000000000311 ) ) ;
#7282 = ORIENTED_EDGE ( 'NONE', *, *, #2520, .T. ) ;
#7283 = AXIS2_PLACEMENT_3D ( 'NONE', #3766, #265, #6667 ) ;
#7284 = FILL_AREA_STYLE_COLOUR ( '', #6167 ) ;
#7285 = EDGE_CURVE ( 'NONE', #4676, #2810, #2756, .T. ) ;
#7286 = PRESENTATION_LAYER_ASSIGNMENT (  '', '', ( #2433 ) ) ;
#7287 = CARTESIAN_POINT ( 'NONE',  ( 1.268646529219798813, 1.239097300616976094, 0.9000000000000000222 ) ) ;
#7288 = CARTESIAN_POINT ( 'NONE',  ( 0.8525519808632221475, 1.197387105388890260, 0.9100000000000000311 ) ) ;
#7289 = ORIENTED_EDGE ( 'NONE', *, *, #7720, .F. ) ;
#7290 = CARTESIAN_POINT ( 'NONE',  ( 1.142233711453809475, 1.194830532468855955, 0.9100000000000000311 ) ) ;
#7291 = CARTESIAN_POINT ( 'NONE',  ( 1.221988167221633503, 1.209714861893276483, 0.9100000000000000311 ) ) ;
#7292 = EDGE_CURVE ( 'NONE', #3721, #3407, #3874, .T. ) ;
#7293 = LINE ( 'NONE', #979, #5723 ) ;
#7294 = CARTESIAN_POINT ( 'NONE',  ( 1.073248855319393069, 1.282680756237013497, 0.9000000000000000222 ) ) ;
#7295 = ADVANCED_FACE ( 'NONE', ( #5461 ), #5651, .F. ) ;
#7296 = DIRECTION ( 'NONE',  ( -0.000000000000000000, -0.000000000000000000, -1.000000000000000000 ) ) ;
#7297 = ORIENTED_EDGE ( 'NONE', *, *, #8706, .T. ) ;
#7298 = LINE ( 'NONE', #3050, #623 ) ;
#7299 = CARTESIAN_POINT ( 'NONE',  ( 0.9851780089295304466, 1.241182611992108331, 0.9000000000000000222 ) ) ;
#7300 = CARTESIAN_POINT ( 'NONE',  ( 1.032770015318033252, 1.241652295288878660, 0.9100000000000000311 ) ) ;
#7301 = PRESENTATION_LAYER_ASSIGNMENT (  '', '', ( #6088 ) ) ;
#7302 =( NAMED_UNIT ( * ) PLANE_ANGLE_UNIT ( ) SI_UNIT ( $, .RADIAN. ) );
#7303 = CARTESIAN_POINT ( 'NONE',  ( 1.302723027921833587, 1.206001206847159946, 0.9100000000000000311 ) ) ;
#7304 = CARTESIAN_POINT ( 'NONE',  ( 1.079770033580256250, 1.321599861119052921, 0.9000000000000000222 ) ) ;
#7305 = MECHANICAL_DESIGN_GEOMETRIC_PRESENTATION_REPRESENTATION (  '', ( #8070 ), #3806 ) ;
#7306 = B_SPLINE_SURFACE_WITH_KNOTS ( 'NONE', 3, 1, ( 
 ( #4096, #1959 ),
 ( #6996, #6280 ),
 ( #7981, #1478 ),
 ( #30, #6467 ) ),
 .UNSPECIFIED., .F., .F., .F.,
 ( 4, 4 ),
 ( 2, 2 ),
 ( 20.00000000000000000, 21.00000000000000000 ),
 ( 0.000000000000000000, 1.000000000000000000 ),
 .UNSPECIFIED. ) ;
#7307 = UNCERTAINTY_MEASURE_WITH_UNIT (LENGTH_MEASURE( 1.000000000000000082E-05 ), #212, 'distance_accuracy_value', 'NONE');
#7308 = CARTESIAN_POINT ( 'NONE',  ( 1.202588033261660083, 1.298070142747509648, 0.9100000000000000311 ) ) ;
#7309 = CARTESIAN_POINT ( 'NONE',  ( 0.7947088584883865714, 1.315552339070905630, 0.9000000000000000222 ) ) ;
#7310 = CARTESIAN_POINT ( 'NONE',  ( 0.7723979383946608657, 1.211847887953021008, 0.9000000000000000222 ) ) ;
#7311 = CARTESIAN_POINT ( 'NONE',  ( 1.085953269231748619, 1.282966707675429419, 0.9100000000000000311 ) ) ;
#7312 = FACE_OUTER_BOUND ( 'NONE', #8129, .T. ) ;
#7313 = DIRECTION ( 'NONE',  ( 0.000000000000000000, -1.000000000000000000, 0.000000000000000000 ) ) ;
#7314 = DIRECTION ( 'NONE',  ( -0.000000000000000000, -0.000000000000000000, -1.000000000000000000 ) ) ;
#7315 = ORIENTED_EDGE ( 'NONE', *, *, #2472, .T. ) ;
#7316 = DIRECTION ( 'NONE',  ( -0.000000000000000000, -0.000000000000000000, 1.000000000000000000 ) ) ;
#7317 = EDGE_LOOP ( 'NONE', ( #7936, #5632, #5432, #34 ) ) ;
#7318 = EDGE_CURVE ( 'NONE', #3155, #6894, #7069, .T. ) ;
#7319 = ORIENTED_EDGE ( 'NONE', *, *, #4873, .F. ) ;
#7320 = ORIENTED_EDGE ( 'NONE', *, *, #1829, .T. ) ;
#7321 = ORIENTED_EDGE ( 'NONE', *, *, #3686, .T. ) ;
#7322 = CARTESIAN_POINT ( 'NONE',  ( 1.224959091258592814, 1.183541021129224102, 0.9100000000000000311 ) ) ;
#7323 = DIRECTION ( 'NONE',  ( -0.000000000000000000, -0.000000000000000000, -1.000000000000000000 ) ) ;
#7324 = PLANE ( 'NONE',  #2279 ) ;
#7325 = ORIENTED_EDGE ( 'NONE', *, *, #3622, .T. ) ;
#7326 = CARTESIAN_POINT ( 'NONE',  ( 1.152216016217553651, 1.163992340966802930, 0.9100000000000000311 ) ) ;
#7327 = EDGE_CURVE ( 'NONE', #3276, #6042, #7389, .T. ) ;
#7328 = ADVANCED_FACE ( 'NONE', ( #5549, #1801 ), #1943, .F. ) ;
#7329 = CARTESIAN_POINT ( 'NONE',  ( 0.8112354592522946772, 1.156070583778161076, 0.9000000000000000222 ) ) ;
#7330 = LINE ( 'NONE', #837, #7992 ) ;
#7331 = ORIENTED_EDGE ( 'NONE', *, *, #2285, .F. ) ;
#7332 = CARTESIAN_POINT ( 'NONE',  ( 1.224959091258592814, 1.183541021129224102, 0.9100000000000000311 ) ) ;
#7333 = CARTESIAN_POINT ( 'NONE',  ( 0.8021458213457586250, 1.213087364687867931, 0.9100000000000000311 ) ) ;
#7334 = ORIENTED_EDGE ( 'NONE', *, *, #8940, .T. ) ;
#7335 = DIRECTION ( 'NONE',  ( 2.238881569535246226E-14, -1.000000000000000000, -0.000000000000000000 ) ) ;
#7336 = CARTESIAN_POINT ( 'NONE',  ( 1.221988167221633503, 1.209714861893276483, 0.9100000000000000311 ) ) ;
#7337 = EDGE_CURVE ( 'NONE', #6470, #4070, #3970, .T. ) ;
#7338 = DIRECTION ( 'NONE',  ( 1.000000000000000000, 0.000000000000000000, 0.000000000000000000 ) ) ;
#7339 = ORIENTED_EDGE ( 'NONE', *, *, #1929, .T. ) ;
#7340 = CARTESIAN_POINT ( 'NONE',  ( 1.086900251268559714, 1.334820473082782177, 0.9000000000000000222 ) ) ;
#7341 = AXIS2_PLACEMENT_3D ( 'NONE', #694, #3657, #5056 ) ;
#7342 = LINE ( 'NONE', #322, #3349 ) ;
#7343 = CARTESIAN_POINT ( 'NONE',  ( 1.094297852120070136, 1.281432968141398954, 0.9000000000000000222 ) ) ;
#7344 = FACE_OUTER_BOUND ( 'NONE', #3513, .T. ) ;
#7345 = CARTESIAN_POINT ( 'NONE',  ( 1.274484394951788557, 1.191681352989879983, 0.9000000000000000222 ) ) ;
#7346 = FACE_OUTER_BOUND ( 'NONE', #579, .T. ) ;
#7347 = VERTEX_POINT ( 'NONE', #3309 ) ;
#7348 = DIRECTION ( 'NONE',  ( -1.000000000000000000, 0.000000000000000000, 0.000000000000000000 ) ) ;
#7349 = DIRECTION ( 'NONE',  ( -0.000000000000000000, -0.000000000000000000, -1.000000000000000000 ) ) ;
#7350 = CARTESIAN_POINT ( 'NONE',  ( 1.151651540650414196, 1.170231281444096716, 0.9000000000000000222 ) ) ;
#7351 = PLANE ( 'NONE',  #2265 ) ;
#7352 = DIRECTION ( 'NONE',  ( -0.000000000000000000, -0.000000000000000000, -1.000000000000000000 ) ) ;
#7353 = CARTESIAN_POINT ( 'NONE',  ( 1.064024136185159231, 1.190166181731253214, 0.9100000000000000311 ) ) ;
#7354 = EDGE_CURVE ( 'NONE', #1299, #3112, #3069, .T. ) ;
#7355 = DIRECTION ( 'NONE',  ( -0.000000000000000000, -0.000000000000000000, -1.000000000000000000 ) ) ;
#7356 = CARTESIAN_POINT ( 'NONE',  ( 1.221988167221613963, 1.275728793990915433, 0.9100000000000000311 ) ) ;
#7357 = ORIENTED_EDGE ( 'NONE', *, *, #4875, .T. ) ;
#7358 = FACE_OUTER_BOUND ( 'NONE', #5457, .T. ) ;
#7359 = EDGE_CURVE ( 'NONE', #7584, #3921, #3253, .T. ) ;
#7360 = ORIENTED_EDGE ( 'NONE', *, *, #8994, .F. ) ;
#7361 = DIRECTION ( 'NONE',  ( -0.000000000000000000, -0.000000000000000000, -1.000000000000000000 ) ) ;
#7362 = CARTESIAN_POINT ( 'NONE',  ( 0.7389315424931681697, 1.203997742542332272, 0.9100000000000000311 ) ) ;
#7363 = SURFACE_STYLE_USAGE ( .BOTH. , #5902 ) ;
#7364 = DIRECTION ( 'NONE',  ( -0.000000000000000000, 1.000000000000000000, -0.000000000000000000 ) ) ;
#7365 = VECTOR ( 'NONE', #2326, 1000.000000000000000 ) ;
#7366 = FACE_OUTER_BOUND ( 'NONE', #185, .T. ) ;
#7367 =( GEOMETRIC_REPRESENTATION_CONTEXT ( 3 ) GLOBAL_UNCERTAINTY_ASSIGNED_CONTEXT ( ( #5721 ) ) GLOBAL_UNIT_ASSIGNED_CONTEXT ( ( #1029, #4728, #4060 ) ) REPRESENTATION_CONTEXT ( 'NONE', 'WORKASPACE' ) );
#7368 = ORIENTED_EDGE ( 'NONE', *, *, #868, .F. ) ;
#7369 = CARTESIAN_POINT ( 'NONE',  ( 1.210475836579079312, 1.314142841786481553, 0.9100000000000000311 ) ) ;
#7370 = LINE ( 'NONE', #8319, #4644 ) ;
#7371 =( NAMED_UNIT ( * ) SI_UNIT ( $, .STERADIAN. ) SOLID_ANGLE_UNIT ( ) );
#7372 = B_SPLINE_SURFACE_WITH_KNOTS ( 'NONE', 3, 1, ( 
 ( #8417, #6335 ),
 ( #1918, #4823 ),
 ( #2728, #7097 ),
 ( #5629, #7714 ) ),
 .UNSPECIFIED., .F., .F., .F.,
 ( 4, 4 ),
 ( 2, 2 ),
 ( 3.000000000000000000, 4.000000000000000000 ),
 ( 0.000000000000000000, 1.000000000000000000 ),
 .UNSPECIFIED. ) ;
#7373 = CARTESIAN_POINT ( 'NONE',  ( 1.123338634579733597, 1.210635848344820964, 0.9000000000000000222 ) ) ;
#7374 = CARTESIAN_POINT ( 'NONE',  ( 1.274484394951788557, 1.233957602033630252, 0.9000000000000000222 ) ) ;
#7375 = ADVANCED_FACE ( 'NONE', ( #3368 ), #4744, .F. ) ;
#7376 = VECTOR ( 'NONE', #9336, 1000.000000000000000 ) ;
#7377 = DIRECTION ( 'NONE',  ( -0.3559357243643255786, -0.9345104387438606386, -0.000000000000000000 ) ) ;
#7378 = VECTOR ( 'NONE', #1312, 1000.000000000000000 ) ;
#7379 = EDGE_CURVE ( 'NONE', #2568, #6860, #4844, .T. ) ;
#7380 = FACE_OUTER_BOUND ( 'NONE', #2378, .T. ) ;
#7381 = CARTESIAN_POINT ( 'NONE',  ( 0.7500000000000000000, 0.4500000000000002887, -0.02000000000000000042 ) ) ;
#7382 = CARTESIAN_POINT ( 'NONE',  ( 1.312363676420944314, 1.234224985196638702, 0.9100000000000000311 ) ) ;
#7383 = VECTOR ( 'NONE', #4886, 1000.000000000000227 ) ;
#7384 = CARTESIAN_POINT ( 'NONE',  ( 1.093213464846687577, 1.274748389058698805, 0.9000000000000000222 ) ) ;
#7385 = VECTOR ( 'NONE', #2629, 1000.000000000000000 ) ;
#7386 = CARTESIAN_POINT ( 'NONE',  ( 1.063415096757715395, 1.275728793990911436, 0.9100000000000000311 ) ) ;
#7387 = LINE ( 'NONE', #900, #270 ) ;
#7388 = SURFACE_STYLE_FILL_AREA ( #852 ) ;
#7389 = B_SPLINE_CURVE_WITH_KNOTS ( 'NONE', 3,
 ( #1990, #9256, #7027, #1135 ),
 .UNSPECIFIED., .F., .F.,
 ( 4, 4 ),
 ( 1.000000000000000000, 2.000000000000000000 ),
 .UNSPECIFIED. ) ;
#7390 = CARTESIAN_POINT ( 'NONE',  ( 1.075699867649731134, 1.317262312025127446, 0.9100000000000000311 ) ) ;
#7391 = EDGE_LOOP ( 'NONE', ( #5556, #5784, #8789, #2484 ) ) ;
#7392 = ADVANCED_FACE ( 'NONE', ( #1282 ), #7683, .F. ) ;
#7393 = CARTESIAN_POINT ( 'NONE',  ( 1.312363676420944314, 1.234224985196638702, 0.9100000000000000311 ) ) ;
#7394 = EDGE_CURVE ( 'NONE', #144, #5194, #6257, .T. ) ;
#7395 = VECTOR ( 'NONE', #6447, 1000.000000000000000 ) ;
#7396 = UNCERTAINTY_MEASURE_WITH_UNIT (LENGTH_MEASURE( 1.000000000000000082E-05 ), #8970, 'distance_accuracy_value', 'NONE');
#7397 = COLOUR_RGB ( '',0.2980392156862745057, 0.2980392156862745057, 0.2980392156862745057 ) ;
#7398 = LINE ( 'NONE', #5970, #1390 ) ;
#7399 = CARTESIAN_POINT ( 'NONE',  ( 1.032770015318033252, 1.183541021129224102, 0.9100000000000000311 ) ) ;
#7400 = ORIENTED_EDGE ( 'NONE', *, *, #1041, .T. ) ;
#7401 =( NAMED_UNIT ( * ) SI_UNIT ( $, .STERADIAN. ) SOLID_ANGLE_UNIT ( ) );
#7402 = CARTESIAN_POINT ( 'NONE',  ( 0.8525519808632221475, 1.199866090381379369, 0.9000000000000000222 ) ) ;
#7403 =( NAMED_UNIT ( * ) SI_UNIT ( $, .STERADIAN. ) SOLID_ANGLE_UNIT ( ) );
#7404 = DIRECTION ( 'NONE',  ( -0.000000000000000000, -0.000000000000000000, -1.000000000000000000 ) ) ;
#7405 = CARTESIAN_POINT ( 'NONE',  ( 0.8108223003404817497, 1.284978134355933888, 0.9100000000000000311 ) ) ;
#7406 = AXIS2_PLACEMENT_3D ( 'NONE', #3606, #6520, #5890 ) ;
#7407 = CARTESIAN_POINT ( 'NONE',  ( 1.148947999777041540, 1.170498664607498629, 0.9000000000000000222 ) ) ;
#7408 = ORIENTED_EDGE ( 'NONE', *, *, #5487, .F. ) ;
#7409 = ORIENTED_EDGE ( 'NONE', *, *, #2862, .F. ) ;
#7410 = EDGE_LOOP ( 'NONE', ( #8514, #552, #1672, #1915 ) ) ;
#7411 = VECTOR ( 'NONE', #5642, 1000.000000000000000 ) ;
#7412 = ORIENTED_EDGE ( 'NONE', *, *, #4046, .F. ) ;
#7413 = EDGE_CURVE ( 'NONE', #1549, #8352, #626, .T. ) ;
#7414 = CARTESIAN_POINT ( 'NONE',  ( 1.073248855319393069, 1.282680756237013497, 0.9100000000000000311 ) ) ;
#7415 = CARTESIAN_POINT ( 'NONE',  ( 0.7215786042045757576, 1.232506132997185366, 0.9100000000000000311 ) ) ;
#7416 = FILL_AREA_STYLE ('',( #3890 ) ) ;
#7417 = FACE_OUTER_BOUND ( 'NONE', #7183, .T. ) ;
#7418 = SURFACE_STYLE_FILL_AREA ( #8050 ) ;
#7419 = EDGE_CURVE ( 'NONE', #6444, #1268, #7258, .T. ) ;
#7420 = CARTESIAN_POINT ( 'NONE',  ( 1.083855054130750561, 1.325907700972251080, 0.9000000000000000222 ) ) ;
#7421 = B_SPLINE_CURVE_WITH_KNOTS ( 'NONE', 3,
 ( #9322, #5849, #8747, #650 ),
 .UNSPECIFIED., .F., .F.,
 ( 4, 4 ),
 ( 11.00000000000000000, 12.00000000000000000 ),
 .UNSPECIFIED. ) ;
#7422 = CARTESIAN_POINT ( 'NONE',  ( 0.8475940029981404722, 1.349431886003709113, 0.9000000000000000222 ) ) ;
#7423 = CARTESIAN_POINT ( 'NONE',  ( 1.088653096450254543, 1.220083386781760870, 0.9000000000000000222 ) ) ;
#7424 = VECTOR ( 'NONE', #4917, 1000.000000000000000 ) ;
#7425 = VERTEX_POINT ( 'NONE', #7882 ) ;
#7426 = CARTESIAN_POINT ( 'NONE',  ( 1.274484394951788557, 1.191681352989879983, 0.9100000000000000311 ) ) ;
#7427 = VECTOR ( 'NONE', #5574, 1000.000000000000000 ) ;
#7428 = CARTESIAN_POINT ( 'NONE',  ( 1.269151586305875323, 1.196226866766145536, 0.9000000000000000222 ) ) ;
#7429 = CARTESIAN_POINT ( 'NONE',  ( 1.126755197222115923, 1.208496783037992017, 0.9000000000000000222 ) ) ;
#7430 = EDGE_CURVE ( 'NONE', #7889, #6947, #4417, .T. ) ;
#7431 = CARTESIAN_POINT ( 'NONE',  ( 1.238640196447892361, 1.322342592128198602, 0.9100000000000000311 ) ) ;
#7432 = DIRECTION ( 'NONE',  ( -0.000000000000000000, 1.000000000000000000, -0.000000000000000000 ) ) ;
#7433 = CARTESIAN_POINT ( 'NONE',  ( -1.250000000000000000, 1.450000000000000400, -0.02000000000000000042 ) ) ;
#7434 = ADVANCED_FACE ( 'NONE', ( #3544 ), #6337, .T. ) ;
#7435 = VECTOR ( 'NONE', #5815, 1000.000000000000000 ) ;
#7436 = CARTESIAN_POINT ( 'NONE',  ( 1.088148039363981079, 1.281432968141398954, 0.9000000000000000222 ) ) ;
#7437 = DIRECTION ( 'NONE',  ( 0.000000000000000000, 0.000000000000000000, 1.000000000000000000 ) ) ;
#7438 = CARTESIAN_POINT ( 'NONE',  ( 1.128433769302969791, 1.327155489067869620, 0.9000000000000000222 ) ) ;
#7440 = VERTEX_POINT ( 'NONE', #7206 ) ;
#7439 = AXIS2_PLACEMENT_3D ( 'NONE', #3371, #5463, #6270 ) ;
#7441 = DIRECTION ( 'NONE',  ( -0.8907830360988082674, -0.4544288531757081917, 0.000000000000000000 ) ) ;
#7442 = ORIENTED_EDGE ( 'NONE', *, *, #7055, .F. ) ;
#7443 =( NAMED_UNIT ( * ) SI_UNIT ( $, .STERADIAN. ) SOLID_ANGLE_UNIT ( ) );
#7444 = CARTESIAN_POINT ( 'NONE',  ( 1.210475836579079312, 1.305527162080083237, 0.9100000000000000311 ) ) ;
#7445 = CARTESIAN_POINT ( 'NONE',  ( 0.7662004601530304493, 1.291175612597763145, 0.9100000000000000311 ) ) ;
#7446 = EDGE_CURVE ( 'NONE', #3842, #1760, #7487, .T. ) ;
#7447 = CARTESIAN_POINT ( 'NONE',  ( 1.151651540650414196, 1.170231281444096716, 0.9100000000000000311 ) ) ;
#7448 = ADVANCED_FACE ( 'NONE', ( #9343 ), #1509, .F. ) ;
#7449 = CARTESIAN_POINT ( 'NONE',  ( 1.330471458425576348, 1.183541021129224102, 0.9100000000000000311 ) ) ;
#7450 = LINE ( 'NONE', #112, #6956 ) ;
#7451 = B_SPLINE_CURVE_WITH_KNOTS ( 'NONE', 3,
 ( #1305, #5011, #7281, #7188 ),
 .UNSPECIFIED., .F., .F.,
 ( 4, 4 ),
 ( 0.000000000000000000, 1.000000000000000000 ),
 .UNSPECIFIED. ) ;
#7452 = AXIS2_PLACEMENT_3D ( 'NONE', #6213, #2698, #9111 ) ;
#7453 = DIRECTION ( 'NONE',  ( 0.000000000000000000, -1.000000000000000000, 0.000000000000000000 ) ) ;
#7454 = ORIENTED_EDGE ( 'NONE', *, *, #580, .F. ) ;
#7455 = VERTEX_POINT ( 'NONE', #6402 ) ;
#7456 = EDGE_LOOP ( 'NONE', ( #2018, #3841, #8582, #5686 ) ) ;
#7457 = ORIENTED_EDGE ( 'NONE', *, *, #1027, .F. ) ;
#7458 = ORIENTED_EDGE ( 'NONE', *, *, #9183, .T. ) ;
#7459 = B_SPLINE_SURFACE_WITH_KNOTS ( 'NONE', 3, 1, ( 
 ( #1611, #1752 ),
 ( #111, #6731 ),
 ( #997, #3876 ),
 ( #6776, #912 ) ),
 .UNSPECIFIED., .F., .F., .F.,
 ( 4, 4 ),
 ( 2, 2 ),
 ( 2.000000000000000000, 3.000000000000000000 ),
 ( 0.000000000000000000, 1.000000000000000000 ),
 .UNSPECIFIED. ) ;
#7460 = CARTESIAN_POINT ( 'NONE',  ( 1.300346288691936580, 1.199435464725793210, 0.9100000000000000311 ) ) ;
#7461 = EDGE_CURVE ( 'NONE', #3031, #6561, #2832, .T. ) ;
#7462 = FACE_OUTER_BOUND ( 'NONE', #6460, .T. ) ;
#7463 = CARTESIAN_POINT ( 'NONE',  ( 1.179741627418590788, 1.333840068150567770, 0.9000000000000000222 ) ) ;
#7464 = ORIENTED_EDGE ( 'NONE', *, *, #9035, .T. ) ;
#7465 = ORIENTED_EDGE ( 'NONE', *, *, #6016, .F. ) ;
#7466 = DIRECTION ( 'NONE',  ( -1.000000000000000000, -0.000000000000000000, -0.000000000000000000 ) ) ;
#7467 = CARTESIAN_POINT ( 'NONE',  ( 1.134761837501267800, 1.194117510700045459, 0.9000000000000000222 ) ) ;
#7468 = CARTESIAN_POINT ( 'NONE',  ( 0.8269357343120766757, 1.206063552861807775, 0.9000000000000000222 ) ) ;
#7469 = PLANE ( 'NONE',  #3634 ) ;
#7470 = ADVANCED_FACE ( 'NONE', ( #763 ), #8535, .F. ) ;
#7471 = CARTESIAN_POINT ( 'NONE',  ( 1.083944181851951072, 1.202584644204772957, 0.9000000000000000222 ) ) ;
#7472 = DIRECTION ( 'NONE',  ( -0.000000000000000000, -0.000000000000000000, -1.000000000000000000 ) ) ;
#7473 = FILL_AREA_STYLE_COLOUR ( '', #6183 ) ;
#7474 = ORIENTED_EDGE ( 'NONE', *, *, #7563, .F. ) ;
#7475 = DIRECTION ( 'NONE',  ( 1.492587713023452677E-14, -1.000000000000000000, -0.000000000000000000 ) ) ;
#7476 = ORIENTED_EDGE ( 'NONE', *, *, #6378, .F. ) ;
#7477 = DIRECTION ( 'NONE',  ( 1.000000000000000000, -0.000000000000000000, -0.000000000000000000 ) ) ;
#7478 = CARTESIAN_POINT ( 'NONE',  ( 1.283248620860648836, 1.213339389217999775, 0.9000000000000000222 ) ) ;
#7479 = LINE ( 'NONE', #985, #6459 ) ;
#7480 = DIRECTION ( 'NONE',  ( -0.000000000000000000, -0.000000000000000000, -1.000000000000000000 ) ) ;
#7481 = FILL_AREA_STYLE_COLOUR ( '', #1043 ) ;
#7482 = SURFACE_STYLE_USAGE ( .BOTH. , #5261 ) ;
#7483 = EDGE_LOOP ( 'NONE', ( #7192, #4717, #3291, #3217 ) ) ;
#7484 = LINE ( 'NONE', #8155, #3744 ) ;
#7485 = ADVANCED_FACE ( 'NONE', ( #2173 ), #67, .F. ) ;
#7486 = VERTEX_POINT ( 'NONE', #2959 ) ;
#7487 = B_SPLINE_CURVE_WITH_KNOTS ( 'NONE', 3,
 ( #7120, #6501, #2217, #674 ),
 .UNSPECIFIED., .F., .F.,
 ( 4, 4 ),
 ( 8.000000000000000000, 9.000000000000000000 ),
 .UNSPECIFIED. ) ;
#7488 = DIRECTION ( 'NONE',  ( -0.000000000000000000, -0.000000000000000000, -1.000000000000000000 ) ) ;
#7489 = ORIENTED_EDGE ( 'NONE', *, *, #93, .T. ) ;
#7490 = LINE ( 'NONE', #5508, #6209 ) ;
#7491 = LINE ( 'NONE', #209, #8590 ) ;
#7492 = CARTESIAN_POINT ( 'NONE',  ( 1.148947999777041540, 1.170498664607498629, 0.9100000000000000311 ) ) ;
#7493 = DIRECTION ( 'NONE',  ( 0.000000000000000000, 0.000000000000000000, 1.000000000000000000 ) ) ;
#7494 = ADVANCED_FACE ( 'NONE', ( #2033 ), #3639, .F. ) ;
#7495 = ADVANCED_FACE ( 'NONE', ( #2264 ), #6759, .F. ) ;
#7496 = VERTEX_POINT ( 'NONE', #1600 ) ;
#7497 = ORIENTED_EDGE ( 'NONE', *, *, #4619, .F. ) ;
#7498 = PLANE ( 'NONE',  #8715 ) ;
#7499 = VERTEX_POINT ( 'NONE', #3815 ) ;
#7500 = CARTESIAN_POINT ( 'NONE',  ( 0.7947088506078845427, 1.196973914955268059, 0.9000000000000000222 ) ) ;
#7501 = SURFACE_STYLE_FILL_AREA ( #5335 ) ;
#7502 = ORIENTED_EDGE ( 'NONE', *, *, #2635, .T. ) ;
#7503 = ORIENTED_EDGE ( 'NONE', *, *, #373, .F. ) ;
#7504 = AXIS2_PLACEMENT_3D ( 'NONE', #392, #445, #5517 ) ;
#7505 = ORIENTED_EDGE ( 'NONE', *, *, #7256, .T. ) ;
#7506 = VERTEX_POINT ( 'NONE', #7382 ) ;
#7507 = CARTESIAN_POINT ( 'NONE',  ( 1.221988167221613963, 1.275728793990915433, 0.9100000000000000311 ) ) ;
#7508 = CARTESIAN_POINT ( 'NONE',  ( 1.124408167233147404, 1.209685152652943518, 0.9100000000000000311 ) ) ;
#7509 = DIRECTION ( 'NONE',  ( -0.000000000000000000, -0.000000000000000000, 1.000000000000000000 ) ) ;
#7510 = DIRECTION ( 'NONE',  ( -0.000000000000000000, -0.000000000000000000, -1.000000000000000000 ) ) ;
#7511 = FACE_OUTER_BOUND ( 'NONE', #8872, .T. ) ;
#7512 = ORIENTED_EDGE ( 'NONE', *, *, #9022, .T. ) ;
#7513 = VERTEX_POINT ( 'NONE', #4477 ) ;
#7514 = ADVANCED_FACE ( 'NONE', ( #897 ), #3148, .T. ) ;
#7515 = VERTEX_POINT ( 'NONE', #4430 ) ;
#7516 = FACE_OUTER_BOUND ( 'NONE', #8427, .T. ) ;
#7517 = ORIENTED_EDGE ( 'NONE', *, *, #7539, .T. ) ;
#7518 = EDGE_CURVE ( 'NONE', #8984, #1274, #7342, .T. ) ;
#7519 = CARTESIAN_POINT ( 'NONE',  ( 1.121749190220074244, 1.212834332131919046, 0.9000000000000000222 ) ) ;
#7520 = LINE ( 'NONE', #6910, #6168 ) ;
#7521 = CARTESIAN_POINT ( 'NONE',  ( 1.286472073440067199, 1.183541021129224102, 0.9100000000000000311 ) ) ;
#7522 = CARTESIAN_POINT ( 'NONE',  ( 1.097060811474313002, 1.200386160417672654, 0.9000000000000000222 ) ) ;
#7523 = CARTESIAN_POINT ( 'NONE',  ( 1.146021639600764752, 1.225044829923102707, 0.9000000000000000222 ) ) ;
#7524 = MECHANICAL_DESIGN_GEOMETRIC_PRESENTATION_REPRESENTATION (  '', ( #2833 ), #3733 ) ;
#7525 = VECTOR ( 'NONE', #4722, 1000.000000000000000 ) ;
#7526 = CARTESIAN_POINT ( 'NONE',  ( 1.142233711453809475, 1.194830532468855955, 0.9100000000000000311 ) ) ;
#7527 = ORIENTED_EDGE ( 'NONE', *, *, #171, .T. ) ;
#7528 = CARTESIAN_POINT ( 'NONE',  ( 0.8269357343120766757, 1.196973914955268059, 0.9000000000000000222 ) ) ;
#7529 = B_SPLINE_SURFACE_WITH_KNOTS ( 'NONE', 3, 1, ( 
 ( #3504, #6360 ),
 ( #5744, #4342 ),
 ( #7929, #2077 ),
 ( #7070, #1324 ) ),
 .UNSPECIFIED., .F., .F., .F.,
 ( 4, 4 ),
 ( 2, 2 ),
 ( 1.000000000000000000, 2.000000000000000000 ),
 ( 0.000000000000000000, 1.000000000000000000 ),
 .UNSPECIFIED. ) ;
#7530 = EDGE_CURVE ( 'NONE', #3668, #1236, #8770, .T. ) ;
#7531 = EDGE_CURVE ( 'NONE', #6318, #8976, #1284, .T. ) ;
#7532 = COLOUR_RGB ( '',0.2980392156862745057, 0.2980392156862745057, 0.2980392156862745057 ) ;
#7533 = ORIENTED_EDGE ( 'NONE', *, *, #1662, .T. ) ;
#7534 = FACE_OUTER_BOUND ( 'NONE', #584, .T. ) ;
#7535 = ORIENTED_EDGE ( 'NONE', *, *, #6611, .F. ) ;
#7536 = AXIS2_PLACEMENT_3D ( 'NONE', #4747, #7030, #526 ) ;
#7537 = CARTESIAN_POINT ( 'NONE',  ( 0.8525519808632221475, 1.198626597885134482, 0.9000000000000000222 ) ) ;
#7538 = DIRECTION ( 'NONE',  ( -0.000000000000000000, -0.000000000000000000, -1.000000000000000000 ) ) ;
#7539 = EDGE_CURVE ( 'NONE', #1484, #8678, #6625, .T. ) ;
#7540 = DIRECTION ( 'NONE',  ( 0.000000000000000000, 0.000000000000000000, 1.000000000000000000 ) ) ;
#7541 = CARTESIAN_POINT ( 'NONE',  ( 1.210475836579079312, 1.305527162080083237, 0.9100000000000000311 ) ) ;
#7542 = CARTESIAN_POINT ( 'NONE',  ( 1.250000000000000000, -1.450000000000000400, -0.02000000000000000042 ) ) ;
#7543 = VERTEX_POINT ( 'NONE', #8901 ) ;
#7544 = VECTOR ( 'NONE', #7265, 1000.000000000000000 ) ;
#7545 = ORIENTED_EDGE ( 'NONE', *, *, #6043, .F. ) ;
#7546 = COLOUR_RGB ( '',0.8274509803921568096, 0.6666666666666666297, 0.1294117647058823373 ) ;
#7547 = VECTOR ( 'NONE', #4142, 1000.000000000000000 ) ;
#7548 = B_SPLINE_CURVE_WITH_KNOTS ( 'NONE', 3,
 ( #5927, #63, #5169, #106 ),
 .UNSPECIFIED., .F., .F.,
 ( 4, 4 ),
 ( 1.000000000000000000, 2.000000000000000000 ),
 .UNSPECIFIED. ) ;
#7549 = ORIENTED_EDGE ( 'NONE', *, *, #1303, .T. ) ;
#7550 = ORIENTED_EDGE ( 'NONE', *, *, #8946, .T. ) ;
#7551 = ORIENTED_EDGE ( 'NONE', *, *, #7419, .T. ) ;
#7552 = VECTOR ( 'NONE', #7441, 1000.000000000000000 ) ;
#7553 = FACE_OUTER_BOUND ( 'NONE', #955, .T. ) ;
#7554 = MECHANICAL_DESIGN_GEOMETRIC_PRESENTATION_REPRESENTATION (  '', ( #8305 ), #1196 ) ;
#7555 = EDGE_CURVE ( 'NONE', #8996, #8274, #2405, .T. ) ;
#7556 = CARTESIAN_POINT ( 'NONE',  ( -1.500000000000000000, -1.500000000000000222, 0.9000000000000000222 ) ) ;
#7557 = ORIENTED_EDGE ( 'NONE', *, *, #164, .T. ) ;
#7558 = PLANE ( 'NONE',  #8610 ) ;
#7559 = VECTOR ( 'NONE', #2238, 1000.000000000000000 ) ;
#7560 = VERTEX_POINT ( 'NONE', #3052 ) ;
#7561 = ORIENTED_EDGE ( 'NONE', *, *, #6104, .T. ) ;
#7562 = DIRECTION ( 'NONE',  ( 1.000000000000000000, 0.000000000000000000, -0.000000000000000000 ) ) ;
#7563 = EDGE_CURVE ( 'NONE', #737, #9237, #8975, .T. ) ;
#7564 = CARTESIAN_POINT ( 'NONE',  ( 0.8269357343120766757, 1.188297451721348263, 0.9100000000000000311 ) ) ;
#7565 = PLANE ( 'NONE',  #7742 ) ;
#7566 = EDGE_CURVE ( 'NONE', #8768, #2796, #5961, .T. ) ;
#7567 = FACE_OUTER_BOUND ( 'NONE', #9004, .T. ) ;
#7568 = B_SPLINE_CURVE_WITH_KNOTS ( 'NONE', 3,
 ( #7912, #9373, #5145, #2156 ),
 .UNSPECIFIED., .F., .F.,
 ( 4, 4 ),
 ( 4.000000000000000000, 5.000000000000000000 ),
 .UNSPECIFIED. ) ;
#7569 = ORIENTED_EDGE ( 'NONE', *, *, #5794, .T. ) ;
#7570 = DIRECTION ( 'NONE',  ( 0.000000000000000000, 0.000000000000000000, -1.000000000000000000 ) ) ;
#7571 = ORIENTED_EDGE ( 'NONE', *, *, #913, .F. ) ;
#7572 = CARTESIAN_POINT ( 'NONE',  ( 1.166981508680438040, 1.193790709055976285, 0.9000000000000000222 ) ) ;
#7573 = EDGE_CURVE ( 'NONE', #8169, #5110, #2182, .T. ) ;
#7574 = SURFACE_SIDE_STYLE ('',( #2537 ) ) ;
#7575 = CARTESIAN_POINT ( 'NONE',  ( 1.089336408978731408, 1.225995525614980153, 0.9000000000000000222 ) ) ;
#7576 = CARTESIAN_POINT ( 'NONE',  ( 1.114247607027197606, 1.217528392109856972, 0.9000000000000000222 ) ) ;
#7577 = DIRECTION ( 'NONE',  ( -0.000000000000000000, -0.000000000000000000, -1.000000000000000000 ) ) ;
#7578 = ORIENTED_EDGE ( 'NONE', *, *, #8889, .T. ) ;
#7579 = CARTESIAN_POINT ( 'NONE',  ( 1.274484394951788557, 1.233957602033630252, 0.9000000000000000222 ) ) ;
#7580 = ORIENTED_EDGE ( 'NONE', *, *, #1920, .F. ) ;
#7581 = COLOUR_RGB ( '',0.8274509803921568096, 0.6666666666666666297, 0.1294117647058823373 ) ;
#7582 = DIRECTION ( 'NONE',  ( -0.000000000000000000, -0.000000000000000000, -1.000000000000000000 ) ) ;
#7583 = ADVANCED_FACE ( 'NONE', ( #5351 ), #3910, .F. ) ;
#7584 = VERTEX_POINT ( 'NONE', #9042 ) ;
#7585 = FACE_OUTER_BOUND ( 'NONE', #269, .T. ) ;
#7586 = ORIENTED_EDGE ( 'NONE', *, *, #6955, .F. ) ;
#7587 = CARTESIAN_POINT ( 'NONE',  ( 0.8306542275616128901, 1.343647573076752533, 0.9000000000000000222 ) ) ;
#7588 = B_SPLINE_CURVE_WITH_KNOTS ( 'NONE', 3,
 ( #2736, #3491, #6346, #7151 ),
 .UNSPECIFIED., .F., .F.,
 ( 4, 4 ),
 ( 3.000000000000000000, 4.000000000000000000 ),
 .UNSPECIFIED. ) ;
#7589 = CARTESIAN_POINT ( 'NONE',  ( 1.196215401202468831, 1.321688988840056922, 0.9100000000000000311 ) ) ;
#7590 = CARTESIAN_POINT ( 'NONE',  ( 1.149215382940226293, 1.308557504597331445, 0.9000000000000000222 ) ) ;
#7591 = FACE_OUTER_BOUND ( 'NONE', #8704, .T. ) ;
#7592 = CARTESIAN_POINT ( 'NONE',  ( 1.201711610670615382, 1.283869125851567761, 0.9100000000000000311 ) ) ;
#7593 = PLANE ( 'NONE',  #5448 ) ;
#7594 = EDGE_LOOP ( 'NONE', ( #9025, #7836, #7880, #1718 ) ) ;
#7595 = EDGE_CURVE ( 'NONE', #1938, #2587, #2681, .T. ) ;
#7596 = VERTEX_POINT ( 'NONE', #1170 ) ;
#7597 = B_SPLINE_CURVE_WITH_KNOTS ( 'NONE', 3,
 ( #774, #1568, #6728, #8205 ),
 .UNSPECIFIED., .F., .F.,
 ( 4, 4 ),
 ( 3.000000000000000000, 4.000000000000000000 ),
 .UNSPECIFIED. ) ;
#7598 = EDGE_LOOP ( 'NONE', ( #1182, #4073, #251, #3398 ) ) ;
#7599 = VERTEX_POINT ( 'NONE', #5450 ) ;
#7600 = ORIENTED_EDGE ( 'NONE', *, *, #8089, .F. ) ;
#7601 = FACE_OUTER_BOUND ( 'NONE', #1077, .T. ) ;
#7602 = CARTESIAN_POINT ( 'NONE',  ( 1.094297852120070136, 1.281432968141398954, 0.9100000000000000311 ) ) ;
#7603 = EDGE_LOOP ( 'NONE', ( #2063, #4210, #7600, #9074 ) ) ;
#7604 = CARTESIAN_POINT ( 'NONE',  ( 1.338760336487901048, 1.183541021129224102, 0.9100000000000000311 ) ) ;
#7605 = ORIENTED_EDGE ( 'NONE', *, *, #2621, .F. ) ;
#7606 = VERTEX_POINT ( 'NONE', #6144 ) ;
#7607 = ORIENTED_EDGE ( 'NONE', *, *, #6247, .F. ) ;
#7608 = LINE ( 'NONE', #4769, #3338 ) ;
#7609 = LINE ( 'NONE', #3280, #7760 ) ;
#7610 = CARTESIAN_POINT ( 'NONE',  ( 1.201206553584555525, 1.190166181731256767, 0.9100000000000000311 ) ) ;
#7611 = DIRECTION ( 'NONE',  ( -1.000000000000000000, 0.000000000000000000, 0.000000000000000000 ) ) ;
#7612 = B_SPLINE_SURFACE_WITH_KNOTS ( 'NONE', 3, 1, ( 
 ( #2826, #7294 ),
 ( #4293, #8679 ),
 ( #621, #7875 ),
 ( #709, #5646 ) ),
 .UNSPECIFIED., .F., .F., .F.,
 ( 4, 4 ),
 ( 2, 2 ),
 ( 1.000000000000000000, 2.000000000000000000 ),
 ( 0.000000000000000000, 1.000000000000000000 ),
 .UNSPECIFIED. ) ;
#7613 = ORIENTED_EDGE ( 'NONE', *, *, #4789, .T. ) ;
#7614 = SURFACE_STYLE_FILL_AREA ( #6805 ) ;
#7615 = ORIENTED_EDGE ( 'NONE', *, *, #7943, .T. ) ;
#7616 = UNCERTAINTY_MEASURE_WITH_UNIT (LENGTH_MEASURE( 1.000000000000000082E-05 ), #1079, 'distance_accuracy_value', 'NONE');
#7617 = ADVANCED_FACE ( 'NONE', ( #4678 ), #7723, .F. ) ;
#7618 = EDGE_CURVE ( 'NONE', #2734, #6395, #1270, .T. ) ;
#7619 = CARTESIAN_POINT ( 'NONE',  ( -1.250000000000000000, 1.450000000000000400, -0.02000000000000000042 ) ) ;
#7620 = CARTESIAN_POINT ( 'NONE',  ( 1.115807342146520220, 1.220469606906500415, 0.9100000000000000311 ) ) ;
#7621 = PLANE ( 'NONE',  #875 ) ;
#7622 = FACE_OUTER_BOUND ( 'NONE', #1678, .T. ) ;
#7623 = CARTESIAN_POINT ( 'NONE',  ( 1.087345889873970073, 1.203059992050906413, 0.9000000000000000222 ) ) ;
#7624 = FACE_OUTER_BOUND ( 'NONE', #7111, .T. ) ;
#7625 = VERTEX_POINT ( 'NONE', #4062 ) ;
#7626 = CARTESIAN_POINT ( 'NONE',  ( 1.070990953051428107, 1.202406388762766287, 0.9000000000000000222 ) ) ;
#7627 = ORIENTED_EDGE ( 'NONE', *, *, #5127, .F. ) ;
#7628 = CARTESIAN_POINT ( 'NONE',  ( 1.040271598510909890, 1.216369731735640114, 0.9100000000000000311 ) ) ;
#7629 = FILL_AREA_STYLE_COLOUR ( '', #6830 ) ;
#7630 = CARTESIAN_POINT ( 'NONE',  ( 1.142233711453809475, 1.194830532468855955, 0.9000000000000000222 ) ) ;
#7631 = VERTEX_POINT ( 'NONE', #1223 ) ;
#7632 = CARTESIAN_POINT ( 'NONE',  ( 1.094253288259571244, 1.220083386781760870, 0.9100000000000000311 ) ) ;
#7633 = DIRECTION ( 'NONE',  ( -0.000000000000000000, -0.000000000000000000, -1.000000000000000000 ) ) ;
#7634 = CARTESIAN_POINT ( 'NONE',  ( -0.2500000000000000000, 0.4500000000000002887, -0.02000000000000000042 ) ) ;
#7635 = CARTESIAN_POINT ( 'NONE',  ( 0.8108223003404817497, 1.284978134355933888, 0.9100000000000000311 ) ) ;
#7636 = CARTESIAN_POINT ( 'NONE',  ( 1.130409433787367801, 1.182560616197007253, 0.9000000000000000222 ) ) ;
#7637 = LINE ( 'NONE', #8395, #9378 ) ;
#7638 = DIRECTION ( 'NONE',  ( -1.000000000000000000, 0.000000000000000000, -0.000000000000000000 ) ) ;
#7639 = ORIENTED_EDGE ( 'NONE', *, *, #373, .T. ) ;
#7640 = VERTEX_POINT ( 'NONE', #1836 ) ;
#7641 = ORIENTED_EDGE ( 'NONE', *, *, #9216, .F. ) ;
#7642 = EDGE_CURVE ( 'NONE', #7560, #8936, #8742, .T. ) ;
#7643 = CARTESIAN_POINT ( 'NONE',  ( 1.210475836579079312, 1.305527162080083237, 0.9000000000000000222 ) ) ;
#7644 = CARTESIAN_POINT ( 'NONE',  ( 0.9467536469835114987, 1.209782046111543607, 0.9100000000000000311 ) ) ;
#7645 = ADVANCED_FACE ( 'NONE', ( #6962 ), #2090, .F. ) ;
#7646 = DIRECTION ( 'NONE',  ( -0.000000000000000000, -0.000000000000000000, -1.000000000000000000 ) ) ;
#7647 = CARTESIAN_POINT ( 'NONE',  ( 1.093941341235667108, 1.191919026912945156, 0.9100000000000000311 ) ) ;
#7648 = VERTEX_POINT ( 'NONE', #1882 ) ;
#7649 = FILL_AREA_STYLE_COLOUR ( '', #7532 ) ;
#7650 = ORIENTED_EDGE ( 'NONE', *, *, #4183, .T. ) ;
#7651 = VERTEX_POINT ( 'NONE', #6252 ) ;
#7652 = ORIENTED_EDGE ( 'NONE', *, *, #1588, .F. ) ;
#7653 = ORIENTED_EDGE ( 'NONE', *, *, #4719, .T. ) ;
#7654 = ORIENTED_EDGE ( 'NONE', *, *, #4116, .T. ) ;
#7655 = EDGE_CURVE ( 'NONE', #1954, #6414, #3863, .T. ) ;
#7656 = CARTESIAN_POINT ( 'NONE',  ( 0.7723979383946608657, 1.211847887953021008, 0.9000000000000000222 ) ) ;
#7657 = CARTESIAN_POINT ( 'NONE',  ( 1.123338634579733597, 1.210635848344820964, 0.9100000000000000311 ) ) ;
#7658 = CARTESIAN_POINT ( 'NONE',  ( 1.152216016217553651, 1.163992340966802930, 0.9100000000000000311 ) ) ;
#7659 = DIRECTION ( 'NONE',  ( -0.000000000000000000, -0.000000000000000000, -1.000000000000000000 ) ) ;
#7660 = ADVANCED_FACE ( 'NONE', ( #4781 ), #6294, .F. ) ;
#7661 = VECTOR ( 'NONE', #5451, 1000.000000000000000 ) ;
#7662 = VERTEX_POINT ( 'NONE', #1977 ) ;
#7663 = CARTESIAN_POINT ( 'NONE',  ( 0.9698908927811655811, 1.201931916461858485, 0.9100000000000000311 ) ) ;
#7664 = ORIENTED_EDGE ( 'NONE', *, *, #7707, .F. ) ;
#7665 = PRESENTATION_LAYER_ASSIGNMENT (  '', '', ( #2202 ) ) ;
#7666 = CARTESIAN_POINT ( 'NONE',  ( 1.240095949225849425, 1.324481657434632087, 0.9000000000000000222 ) ) ;
#7667 = ORIENTED_EDGE ( 'NONE', *, *, #4451, .F. ) ;
#7668 = CARTESIAN_POINT ( 'NONE',  ( 1.166238777670900006, 1.191206005144136215, 0.9000000000000000222 ) ) ;
#7669 = CARTESIAN_POINT ( 'NONE',  ( 0.2500000000000000000, 0.4500000000000002887, -0.02000000000000000042 ) ) ;
#7670 = CARTESIAN_POINT ( 'NONE',  ( 1.040271598510909890, 1.333840068150567770, 0.9000000000000000222 ) ) ;
#7671 = DIRECTION ( 'NONE',  ( 0.000000000000000000, 0.000000000000000000, 1.000000000000000000 ) ) ;
#7672 = EDGE_CURVE ( 'NONE', #542, #6470, #1, .T. ) ;
#7673 = CARTESIAN_POINT ( 'NONE',  ( 0.7389315424931681697, 1.203997742542332272, 0.9100000000000000311 ) ) ;
#7674 = LINE ( 'NONE', #7018, #4196 ) ;
#7675 = ADVANCED_FACE ( 'NONE', ( #9331 ), #4903, .F. ) ;
#7676 = LINE ( 'NONE', #474, #5113 ) ;
#7677 = EDGE_LOOP ( 'NONE', ( #3325, #5336, #972, #35 ) ) ;
#7678 = VERTEX_POINT ( 'NONE', #2114 ) ;
#7679 = CARTESIAN_POINT ( 'NONE',  ( 0.8112354671327967059, 1.239116793792133686, 0.9100000000000000311 ) ) ;
#7680 = VERTEX_POINT ( 'NONE', #8673 ) ;
#7681 = FILL_AREA_STYLE_COLOUR ( '', #8489 ) ;
#7682 = AXIS2_PLACEMENT_3D ( 'NONE', #5159, #1699, #4389 ) ;
#7683 = PLANE ( 'NONE',  #6092 ) ;
#7684 = CARTESIAN_POINT ( 'NONE',  ( 1.137212849831603867, 1.225401340807505068, 0.9100000000000000311 ) ) ;
#7685 = AXIS2_PLACEMENT_3D ( 'NONE', #8066, #8816, #2266 ) ;
#7686 = LINE ( 'NONE', #5551, #7900 ) ;
#7687 = PLANE ( 'NONE',  #7536 ) ;
#7688 = ORIENTED_EDGE ( 'NONE', *, *, #5622, .T. ) ;
#7689 = EDGE_CURVE ( 'NONE', #8832, #7863, #7868, .T. ) ;
#7690 = FACE_BOUND ( 'NONE', #8084, .T. ) ;
#7691 = CARTESIAN_POINT ( 'NONE',  ( 1.250000000000000000, -1.450000000000000400, -0.02000000000000000042 ) ) ;
#7692 = EDGE_CURVE ( 'NONE', #1454, #8656, #1387, .T. ) ;
#7693 = EDGE_LOOP ( 'NONE', ( #9153, #2680, #7082, #568 ) ) ;
#7694 = PRESENTATION_LAYER_ASSIGNMENT (  '', '', ( #4966 ) ) ;
#7695 = PRESENTATION_LAYER_ASSIGNMENT (  '', '', ( #5269 ) ) ;
#7696 = ORIENTED_EDGE ( 'NONE', *, *, #7898, .T. ) ;
#7697 = ORIENTED_EDGE ( 'NONE', *, *, #1904, .F. ) ;
#7698 = B_SPLINE_SURFACE_WITH_KNOTS ( 'NONE', 3, 1, ( 
 ( #3705, #3753 ),
 ( #6606, #122 ),
 ( #5901, #8291 ),
 ( #1803, #8795 ) ),
 .UNSPECIFIED., .F., .F., .F.,
 ( 4, 4 ),
 ( 2, 2 ),
 ( 16.00000000000000000, 17.00000000000000000 ),
 ( 0.000000000000000000, 1.000000000000000000 ),
 .UNSPECIFIED. ) ;
#7699 = FACE_OUTER_BOUND ( 'NONE', #7797, .T. ) ;
#7700 = DIRECTION ( 'NONE',  ( -0.000000000000000000, 1.000000000000000000, -0.000000000000000000 ) ) ;
#7701 = CARTESIAN_POINT ( 'NONE',  ( 1.147521956239419438, 1.164586525774281345, 0.9000000000000000222 ) ) ;
#7702 =( GEOMETRIC_REPRESENTATION_CONTEXT ( 3 ) GLOBAL_UNCERTAINTY_ASSIGNED_CONTEXT ( ( #4964 ) ) GLOBAL_UNIT_ASSIGNED_CONTEXT ( ( #854, #331, #7443 ) ) REPRESENTATION_CONTEXT ( 'NONE', 'WORKASPACE' ) );
#7703 = AXIS2_PLACEMENT_3D ( 'NONE', #740, #1405, #2860 ) ;
#7704 = CARTESIAN_POINT ( 'NONE',  ( 1.152186306977023067, 1.275728793990911436, 0.9100000000000000311 ) ) ;
#7705 = CARTESIAN_POINT ( 'NONE',  ( 1.274484394951788557, 1.191681352989879983, 0.9100000000000000311 ) ) ;
#7706 = ORIENTED_EDGE ( 'NONE', *, *, #2637, .F. ) ;
#7707 = EDGE_CURVE ( 'NONE', #1483, #3227, #8525, .T. ) ;
#7708 = VECTOR ( 'NONE', #4076, 1000.000000000000000 ) ;
#7709 = AXIS2_PLACEMENT_3D ( 'NONE', #3152, #7726, #4836 ) ;
#7710 = ORIENTED_EDGE ( 'NONE', *, *, #4000, .F. ) ;
#7711 = AXIS2_PLACEMENT_3D ( 'NONE', #4402, #3693, #6159 ) ;
#7712 = CARTESIAN_POINT ( 'NONE',  ( 1.125462845266195666, 1.182560616197007253, 0.9000000000000000222 ) ) ;
#7713 = CARTESIAN_POINT ( 'NONE',  ( 1.076932801124982353, 1.183659858090557515, 0.9100000000000000311 ) ) ;
#7714 = CARTESIAN_POINT ( 'NONE',  ( 1.201711610670615382, 1.326145374895321360, 0.9000000000000000222 ) ) ;
#7715 = LINE ( 'NONE', #8369, #2426 ) ;
#7716 = ORIENTED_EDGE ( 'NONE', *, *, #5710, .T. ) ;
#7717 = VECTOR ( 'NONE', #2144, 1000.000000000000000 ) ;
#7718 =( LENGTH_UNIT ( ) NAMED_UNIT ( * ) SI_UNIT ( .MILLI., .METRE. ) );
#7719 = EDGE_CURVE ( 'NONE', #2185, #8958, #2065, .T. ) ;
#7720 = EDGE_CURVE ( 'NONE', #4563, #6623, #2867, .T. ) ;
#7721 = PRESENTATION_STYLE_ASSIGNMENT (( #5493 ) ) ;
#7722 = VECTOR ( 'NONE', #3462, 1000.000000000000000 ) ;
#7723 = PLANE ( 'NONE',  #8802 ) ;
#7724 = CARTESIAN_POINT ( 'NONE',  ( 1.264739764111110665, 1.233155452543421626, 0.9000000000000000222 ) ) ;
#7725 = DIRECTION ( 'NONE',  ( -0.000000000000000000, -0.000000000000000000, 1.000000000000000000 ) ) ;
#7726 = DIRECTION ( 'NONE',  ( -2.982286546578955708E-12, 1.000000000000000000, 0.000000000000000000 ) ) ;
#7727 = VERTEX_POINT ( 'NONE', #4200 ) ;
#7728 = DIRECTION ( 'NONE',  ( 0.000000000000000000, 1.000000000000000000, -0.000000000000000000 ) ) ;
#7729 = EDGE_CURVE ( 'NONE', #8446, #3234, #4969, .T. ) ;
#7730 = CARTESIAN_POINT ( 'NONE',  ( 1.114203043166696494, 1.184996773907179834, 0.9100000000000000311 ) ) ;
#7731 = CIRCLE ( 'NONE', #3628, 0.09299432094351947620 ) ;
#7732 = EDGE_LOOP ( 'NONE', ( #214, #2069, #3522, #7561 ) ) ;
#7733 = VECTOR ( 'NONE', #1134, 1000.000000000000000 ) ;
#7734 = PLANE ( 'NONE',  #5433 ) ;
#7735 = ORIENTED_EDGE ( 'NONE', *, *, #3188, .T. ) ;
#7736 = DIRECTION ( 'NONE',  ( -0.000000000000000000, 1.000000000000000000, -0.000000000000000000 ) ) ;
#7737 = PRESENTATION_STYLE_ASSIGNMENT (( #5599 ) ) ;
#7738 = DIRECTION ( 'NONE',  ( -0.9398440417769652333, -0.3416038306815923908, 0.000000000000000000 ) ) ;
#7739 = CARTESIAN_POINT ( 'NONE',  ( 1.121749190220074244, 1.214498049592610540, 0.9100000000000000311 ) ) ;
#7740 = LINE ( 'NONE', #2654, #4498 ) ;
#7741 = DIRECTION ( 'NONE',  ( -0.000000000000000000, 1.000000000000000000, -0.000000000000000000 ) ) ;
#7742 = AXIS2_PLACEMENT_3D ( 'NONE', #6903, #2582, #7763 ) ;
#7743 = CARTESIAN_POINT ( 'NONE',  ( 1.128433769302953138, 1.301902634754964483, 0.9100000000000000311 ) ) ;
#7744 = ORIENTED_EDGE ( 'NONE', *, *, #7337, .T. ) ;
#7745 = ADVANCED_FACE ( 'NONE', ( #7241, #7956, #2819, #1455, #4287, #3490, #7150 ), #4379, .T. ) ;
#7746 = VERTEX_POINT ( 'NONE', #4922 ) ;
#7747 = AXIS2_PLACEMENT_3D ( 'NONE', #4459, #382, #173 ) ;
#7748 = VERTEX_POINT ( 'NONE', #836 ) ;
#7749 = ADVANCED_FACE ( 'NONE', ( #2253 ), #932, .T. ) ;
#7750 = DIRECTION ( 'NONE',  ( -0.000000000000000000, -0.000000000000000000, -1.000000000000000000 ) ) ;
#7751 = CARTESIAN_POINT ( 'NONE',  ( 1.083171741602274363, 1.283482905726828216, 0.9100000000000000311 ) ) ;
#7752 = COLOUR_RGB ( '',0.8274509803921568096, 0.6666666666666666297, 0.1294117647058823373 ) ;
#7753 = CARTESIAN_POINT ( 'NONE',  ( 1.087345889873970073, 1.203059992050906413, 0.9000000000000000222 ) ) ;
#7754 = ORIENTED_EDGE ( 'NONE', *, *, #7354, .T. ) ;
#7755 = LINE ( 'NONE', #2806, #8147 ) ;
#7756 = ORIENTED_EDGE ( 'NONE', *, *, #3760, .T. ) ;
#7757 = ORIENTED_EDGE ( 'NONE', *, *, #5533, .T. ) ;
#7758 = ORIENTED_EDGE ( 'NONE', *, *, #3883, .T. ) ;
#7759 = CARTESIAN_POINT ( 'NONE',  ( 0.8108222924599810533, 1.213087364687867931, 0.9100000000000000311 ) ) ;
#7760 = VECTOR ( 'NONE', #5386, 1000.000000000000000 ) ;
#7761 = LINE ( 'NONE', #7096, #4884 ) ;
#7762 = CARTESIAN_POINT ( 'NONE',  ( 0.8033853217223048127, 1.322162980164599988, 0.9100000000000000311 ) ) ;
#7763 = DIRECTION ( 'NONE',  ( 0.000000000000000000, 0.000000000000000000, 1.000000000000000000 ) ) ;
#7764 = PRESENTATION_LAYER_ASSIGNMENT (  '', '', ( #8070 ) ) ;
#7765 = ORIENTED_EDGE ( 'NONE', *, *, #3472, .T. ) ;
#7766 = ADVANCED_FACE ( 'NONE', ( #8053 ), #3384, .F. ) ;
#7767 = LINE ( 'NONE', #1411, #8468 ) ;
#7768 = DIRECTION ( 'NONE',  ( -0.000000000000000000, -1.000000000000000000, -0.000000000000000000 ) ) ;
#7769 = EDGE_CURVE ( 'NONE', #1451, #1219, #6710, .T. ) ;
#7770 = CARTESIAN_POINT ( 'NONE',  ( 1.229950243640265617, 1.298188979709240742, 0.9100000000000000311 ) ) ;
#7771 = EDGE_LOOP ( 'NONE', ( #3933, #6299, #4033, #3552 ) ) ;
#7772 = CARTESIAN_POINT ( 'NONE',  ( 1.079770033580256250, 1.321599861119052921, 0.9000000000000000222 ) ) ;
#7773 = CARTESIAN_POINT ( 'NONE',  ( 1.311412980729066646, 1.230154819266510824, 0.9100000000000000311 ) ) ;
#7774 = ORIENTED_EDGE ( 'NONE', *, *, #1999, .T. ) ;
#7775 = B_SPLINE_SURFACE_WITH_KNOTS ( 'NONE', 3, 1, ( 
 ( #8583, #4981 ),
 ( #1419, #2743 ),
 ( #5648, #5738 ),
 ( #8012, #8536 ) ),
 .UNSPECIFIED., .F., .F., .F.,
 ( 4, 4 ),
 ( 2, 2 ),
 ( 6.000000000000000000, 7.000000000000000000 ),
 ( 0.000000000000000000, 1.000000000000000000 ),
 .UNSPECIFIED. ) ;
#7776 = CARTESIAN_POINT ( 'NONE',  ( 1.076932801124982353, 1.183659858090557515, 0.9000000000000000222 ) ) ;
#7777 = ORIENTED_EDGE ( 'NONE', *, *, #1536, .F. ) ;
#7778 = CARTESIAN_POINT ( 'NONE',  ( 1.083929327231785367, 1.225995525614980153, 0.9100000000000000311 ) ) ;
#7779 = B_SPLINE_CURVE_WITH_KNOTS ( 'NONE', 3,
 ( #8773, #5258, #8197, #3056 ),
 .UNSPECIFIED., .F., .F.,
 ( 4, 4 ),
 ( 17.00000000000000000, 18.00000000000000000 ),
 .UNSPECIFIED. ) ;
#7780 = EDGE_CURVE ( 'NONE', #5981, #6561, #5150, .T. ) ;
#7781 = CARTESIAN_POINT ( 'NONE',  ( 1.093941341235667108, 1.191919026912945156, 0.9100000000000000311 ) ) ;
#7782 = FILL_AREA_STYLE ('',( #1991 ) ) ;
#7783 = CARTESIAN_POINT ( 'NONE',  ( 0.9103951111183632428, 1.232092981966071532, 0.9000000000000000222 ) ) ;
#7784 = CARTESIAN_POINT ( 'NONE',  ( 1.120679657566859166, 1.203624467617654181, 0.9100000000000000311 ) ) ;
#7785 = DIRECTION ( 'NONE',  ( -0.000000000000000000, -1.000000000000000000, -0.000000000000000000 ) ) ;
#7786 = EDGE_LOOP ( 'NONE', ( #1817, #8633, #2678, #3871 ) ) ;
#7787 = CARTESIAN_POINT ( 'NONE',  ( 1.126175867035005496, 1.188502464270565273, 0.9000000000000000222 ) ) ;
#7788 = VERTEX_POINT ( 'NONE', #1542 ) ;
#7789 = ORIENTED_EDGE ( 'NONE', *, *, #6378, .T. ) ;
#7790 = LINE ( 'NONE', #4268, #5618 ) ;
#7791 = LINE ( 'NONE', #536, #4799 ) ;
#7792 = CARTESIAN_POINT ( 'NONE',  ( 0.7662004601530304493, 1.291175612597763145, 0.9100000000000000311 ) ) ;
#7793 = DIRECTION ( 'NONE',  ( 0.000000000000000000, -0.000000000000000000, 1.000000000000000000 ) ) ;
#7794 = CARTESIAN_POINT ( 'NONE',  ( 1.324544464971793012, 1.199435464725793210, 0.9100000000000000311 ) ) ;
#7795 = ORIENTED_EDGE ( 'NONE', *, *, #5302, .F. ) ;
#7796 = EDGE_CURVE ( 'NONE', #509, #8080, #8072, .T. ) ;
#7797 = EDGE_LOOP ( 'NONE', ( #2165, #1887, #5470, #64 ) ) ;
#7798 = CARTESIAN_POINT ( 'NONE',  ( 1.308605457514324666, 1.241652295288878660, 0.9000000000000000222 ) ) ;
#7799 = EDGE_CURVE ( 'NONE', #8013, #8671, #86, .T. ) ;
#7800 = B_SPLINE_CURVE_WITH_KNOTS ( 'NONE', 3,
 ( #3075, #8220, #1627, #6704 ),
 .UNSPECIFIED., .F., .F.,
 ( 4, 4 ),
 ( 4.000000000000000000, 5.000000000000000000 ),
 .UNSPECIFIED. ) ;
#7801 = ORIENTED_EDGE ( 'NONE', *, *, #3370, .T. ) ;
#7802 = ORIENTED_EDGE ( 'NONE', *, *, #6291, .T. ) ;
#7803 = ORIENTED_EDGE ( 'NONE', *, *, #6054, .T. ) ;
#7804 = ORIENTED_EDGE ( 'NONE', *, *, #2688, .T. ) ;
#7805 = UNCERTAINTY_MEASURE_WITH_UNIT (LENGTH_MEASURE( 1.000000000000000082E-05 ), #3641, 'distance_accuracy_value', 'NONE');
#7806 = CARTESIAN_POINT ( 'NONE',  ( 0.7500000000000000000, 1.450000000000000400, 0.000000000000000000 ) ) ;
#7807 = CARTESIAN_POINT ( 'NONE',  ( 1.166090231469228078, 1.190433564894261886, 0.9000000000000000222 ) ) ;
#7808 = CARTESIAN_POINT ( 'NONE',  ( 1.250000000000000000, 1.450000000000000400, 0.000000000000000000 ) ) ;
#7809 = LINE ( 'NONE', #9283, #3334 ) ;
#7810 = EDGE_CURVE ( 'NONE', #7651, #8578, #5914, .T. ) ;
#7811 = CARTESIAN_POINT ( 'NONE',  ( 1.095530785595322243, 1.334820473082782177, 0.9000000000000000222 ) ) ;
#7812 = UNCERTAINTY_MEASURE_WITH_UNIT (LENGTH_MEASURE( 1.000000000000000082E-05 ), #3260, 'distance_accuracy_value', 'NONE');
#7813 = ORIENTED_EDGE ( 'NONE', *, *, #3883, .F. ) ;
#7814 = ORIENTED_EDGE ( 'NONE', *, *, #2032, .F. ) ;
#7815 = CARTESIAN_POINT ( 'NONE',  ( 1.065791835987018654, 1.313043599892929958, 0.9000000000000000222 ) ) ;
#7816 = DIRECTION ( 'NONE',  ( 0.000000000000000000, -0.000000000000000000, -1.000000000000000000 ) ) ;
#7817 = CARTESIAN_POINT ( 'NONE',  ( 0.9240295600976676793, 1.272996321023685207, 0.9100000000000000311 ) ) ;
#7818 = VERTEX_POINT ( 'NONE', #133 ) ;
#7819 = CARTESIAN_POINT ( 'NONE',  ( 1.316626952414039708, 1.241652295288878660, 0.9100000000000000311 ) ) ;
#7820 = CARTESIAN_POINT ( 'NONE',  ( 1.252217319296026199, 1.234967716206178068, 0.9000000000000000222 ) ) ;
#7821 = ADVANCED_FACE ( 'NONE', ( #5342 ), #3673, .F. ) ;
#7822 = ORIENTED_EDGE ( 'NONE', *, *, #3468, .T. ) ;
#7823 = SURFACE_STYLE_FILL_AREA ( #54 ) ;
#7824 = VERTEX_POINT ( 'NONE', #795 ) ;
#7825 = CARTESIAN_POINT ( 'NONE',  ( 1.132890155358039497, 1.198068839668837482, 0.9100000000000000311 ) ) ;
#7826 = CARTESIAN_POINT ( 'NONE',  ( 0.9207242415209481168, 1.301917886151154224, 0.9000000000000000222 ) ) ;
#7827 = CARTESIAN_POINT ( 'NONE',  ( 1.040271598510909890, 1.216369731735640114, 0.9100000000000000311 ) ) ;
#7828 = CARTESIAN_POINT ( 'NONE',  ( 1.250000000000000000, 0.4500000000000002887, -0.02000000000000000042 ) ) ;
#7829 = DIRECTION ( 'NONE',  ( 0.000000000000000000, -1.000000000000000000, 0.000000000000000000 ) ) ;
#7830 = CARTESIAN_POINT ( 'NONE',  ( 1.265022001894681170, 1.192186410075955383, 0.9000000000000000222 ) ) ;
#7831 = CARTESIAN_POINT ( 'NONE',  ( 1.280322260684175095, 1.228817903449890059, 0.9100000000000000311 ) ) ;
#7832 = ADVANCED_FACE ( 'NONE', ( #8844 ), #2016, .F. ) ;
#7833 = SURFACE_STYLE_FILL_AREA ( #4993 ) ;
#7834 = VECTOR ( 'NONE', #4427, 1000.000000000000000 ) ;
#7835 = B_SPLINE_CURVE_WITH_KNOTS ( 'NONE', 3,
 ( #6927, #5602, #4800, #2606 ),
 .UNSPECIFIED., .F., .F.,
 ( 4, 4 ),
 ( 8.000000000000000000, 9.000000000000000000 ),
 .UNSPECIFIED. ) ;
#7836 = ORIENTED_EDGE ( 'NONE', *, *, #8020, .F. ) ;
#7837 = DIRECTION ( 'NONE',  ( -0.000000000000000000, -0.000000000000000000, -1.000000000000000000 ) ) ;
#7838 = ORIENTED_EDGE ( 'NONE', *, *, #4493, .F. ) ;
#7839 = CARTESIAN_POINT ( 'NONE',  ( 0.7707452751660485157, 1.315965501922772507, 0.9000000000000000222 ) ) ;
#7840 = DIRECTION ( 'NONE',  ( 1.000000000000000000, 0.000000000000000000, 0.000000000000000000 ) ) ;
#7841 = CARTESIAN_POINT ( 'NONE',  ( 1.068584504581591821, 1.320560037706173473, 0.9100000000000000311 ) ) ;
#7842 = DIRECTION ( 'NONE',  ( 1.000000000000000000, 0.000000000000000000, -0.000000000000000000 ) ) ;
#7843 = CARTESIAN_POINT ( 'NONE',  ( 0.7476080254281427528, 1.272583177873071181, 0.9000000000000000222 ) ) ;
#7844 = SURFACE_SIDE_STYLE ('',( #594 ) ) ;
#7845 = EDGE_CURVE ( 'NONE', #2137, #9221, #8096, .T. ) ;
#7846 = EDGE_LOOP ( 'NONE', ( #4031, #1434, #1529, #2334 ) ) ;
#7847 = ORIENTED_EDGE ( 'NONE', *, *, #5645, .F. ) ;
#7848 = ORIENTED_EDGE ( 'NONE', *, *, #751, .F. ) ;
#7849 = ADVANCED_FACE ( 'NONE', ( #2343 ), #2169, .F. ) ;
#7850 = VECTOR ( 'NONE', #7000, 1000.000000000000000 ) ;
#7851 = CARTESIAN_POINT ( 'NONE',  ( 1.208282923274491827, 1.293361228149305653, 0.9100000000000000311 ) ) ;
#7852 = VECTOR ( 'NONE', #1559, 1000.000000000000000 ) ;
#7853 = CARTESIAN_POINT ( 'NONE',  ( 1.163163871293149132, 1.333840068150567770, 0.9000000000000000222 ) ) ;
#7854 = FILL_AREA_STYLE ('',( #8615 ) ) ;
#7855 = LINE ( 'NONE', #7143, #5575 ) ;
#7856 = B_SPLINE_CURVE_WITH_KNOTS ( 'NONE', 3,
 ( #2895, #7895, #3604, #5128 ),
 .UNSPECIFIED., .F., .F.,
 ( 4, 4 ),
 ( 5.000000000000000000, 6.000000000000000000 ),
 .UNSPECIFIED. ) ;
#7857 = CARTESIAN_POINT ( 'NONE',  ( 1.114247607027199383, 1.213844446304467306, 0.9100000000000000311 ) ) ;
#7858 = B_SPLINE_SURFACE_WITH_KNOTS ( 'NONE', 3, 1, ( 
 ( #5231, #4508 ),
 ( #7415, #923 ),
 ( #3800, #339 ),
 ( #7362, #6564 ) ),
 .UNSPECIFIED., .F., .F., .F.,
 ( 4, 4 ),
 ( 2, 2 ),
 ( 7.000000000000000000, 8.000000000000000000 ),
 ( 0.000000000000000000, 1.000000000000000000 ),
 .UNSPECIFIED. ) ;
#7859 = CARTESIAN_POINT ( 'NONE',  ( 1.163163871293149132, 1.275728793990915433, 0.9100000000000000311 ) ) ;
#7860 = AXIS2_PLACEMENT_3D ( 'NONE', #4842, #6873, #4126 ) ;
#7861 = STYLED_ITEM ( 'NONE', ( #7041 ), #3018 ) ;
#7862 = VECTOR ( 'NONE', #5887, 1000.000000000000000 ) ;
#7863 = VERTEX_POINT ( 'NONE', #2579 ) ;
#7864 = B_SPLINE_CURVE_WITH_KNOTS ( 'NONE', 3,
 ( #8965, #4441, #2365, #1044 ),
 .UNSPECIFIED., .F., .F.,
 ( 4, 4 ),
 ( 5.000000000000000000, 6.000000000000000000 ),
 .UNSPECIFIED. ) ;
#7865 = EDGE_CURVE ( 'NONE', #374, #8568, #1873, .T. ) ;
#7866 = EDGE_CURVE ( 'NONE', #2435, #4034, #7609, .T. ) ;
#7867 = B_SPLINE_CURVE_WITH_KNOTS ( 'NONE', 3,
 ( #7009, #6858, #1023, #7663 ),
 .UNSPECIFIED., .F., .F.,
 ( 4, 4 ),
 ( 33.00000000000000000, 34.00000000000000000 ),
 .UNSPECIFIED. ) ;
#7868 = LINE ( 'NONE', #3440, #5475 ) ;
#7869 = LINE ( 'NONE', #6487, #1168 ) ;
#7870 = VECTOR ( 'NONE', #2409, 1000.000000000000000 ) ;
#7871 = CARTESIAN_POINT ( 'NONE',  ( 1.210475836579079312, 1.305527162080083237, 0.9100000000000000311 ) ) ;
#7872 = CARTESIAN_POINT ( 'NONE',  ( 1.201206553584558190, 1.234967716206178068, 0.9100000000000000311 ) ) ;
#7873 = ORIENTED_EDGE ( 'NONE', *, *, #565, .T. ) ;
#7874 = CARTESIAN_POINT ( 'NONE',  ( 0.9467536469835114987, 1.184578974233015058, 0.9100000000000000311 ) ) ;
#7875 = CARTESIAN_POINT ( 'NONE',  ( 1.084880022923465415, 1.274748389058698805, 0.9000000000000000222 ) ) ;
#7876 = VECTOR ( 'NONE', #8530, 1000.000000000000000 ) ;
#7877 = EDGE_CURVE ( 'NONE', #2810, #9019, #4771, .T. ) ;
#7878 = EDGE_LOOP ( 'NONE', ( #5909, #4711, #8316, #8645 ) ) ;
#7879 = CARTESIAN_POINT ( 'NONE',  ( 1.089232426637364082, 1.188532173510895351, 0.9000000000000000222 ) ) ;
#7880 = ORIENTED_EDGE ( 'NONE', *, *, #4363, .F. ) ;
#7881 = DIRECTION ( 'NONE',  ( 0.8840949502479015232, 0.4673073067545173709, 0.000000000000000000 ) ) ;
#7882 = CARTESIAN_POINT ( 'NONE',  ( 1.227573504410765182, 1.291623237587878226, 0.9000000000000000222 ) ) ;
#7883 = PRESENTATION_STYLE_ASSIGNMENT (( #3545 ) ) ;
#7884 = CARTESIAN_POINT ( 'NONE',  ( -0.2500000000000000000, -0.4500000000000002887, 0.000000000000000000 ) ) ;
#7885 = CARTESIAN_POINT ( 'NONE',  ( 0.8161934449976795403, 1.333318442181288033, 0.9100000000000000311 ) ) ;
#7886 =( LENGTH_UNIT ( ) NAMED_UNIT ( * ) SI_UNIT ( .MILLI., .METRE. ) );
#7887 = CARTESIAN_POINT ( 'NONE',  ( 1.274484394951788557, 1.233957602033630252, 0.9100000000000000311 ) ) ;
#7888 = EDGE_CURVE ( 'NONE', #6226, #1291, #3755, .T. ) ;
#7889 = VERTEX_POINT ( 'NONE', #4616 ) ;
#7890 = VECTOR ( 'NONE', #2138, 1000.000000000000114 ) ;
#7891 = B_SPLINE_CURVE_WITH_KNOTS ( 'NONE', 3,
 ( #2525, #5485, #6902, #404 ),
 .UNSPECIFIED., .F., .F.,
 ( 4, 4 ),
 ( 4.000000000000000000, 5.000000000000000000 ),
 .UNSPECIFIED. ) ;
#7892 = DIRECTION ( 'NONE',  ( 0.4630180653866627360, -0.8863488427958781113, 0.000000000000000000 ) ) ;
#7893 = ORIENTED_EDGE ( 'NONE', *, *, #424, .F. ) ;
#7894 = ORIENTED_EDGE ( 'NONE', *, *, #4302, .T. ) ;
#7895 = CARTESIAN_POINT ( 'NONE',  ( 1.188342452504821400, 1.275728793990915433, 0.9000000000000000222 ) ) ;
#7896 = CARTESIAN_POINT ( 'NONE',  ( 1.275360817542436687, 1.220380479185499967, 0.9100000000000000311 ) ) ;
#7897 = VECTOR ( 'NONE', #888, 1000.000000000000000 ) ;
#7898 = EDGE_CURVE ( 'NONE', #4148, #6109, #8367, .T. ) ;
#7899 = CARTESIAN_POINT ( 'NONE',  ( 1.142233711453809475, 1.194830532468855955, 0.9100000000000000311 ) ) ;
#7900 = VECTOR ( 'NONE', #1285, 1000.000000000000000 ) ;
#7901 = LINE ( 'NONE', #9359, #5756 ) ;
#7902 = ORIENTED_EDGE ( 'NONE', *, *, #7254, .F. ) ;
#7903 = PLANE ( 'NONE',  #7093 ) ;
#7904 = MECHANICAL_DESIGN_GEOMETRIC_PRESENTATION_REPRESENTATION (  '', ( #3789 ), #8334 ) ;
#7905 = VECTOR ( 'NONE', #5411, 1000.000000000000000 ) ;
#7906 = VERTEX_POINT ( 'NONE', #9089 ) ;
#7907 = ORIENTED_EDGE ( 'NONE', *, *, #347, .F. ) ;
#7908 = ORIENTED_EDGE ( 'NONE', *, *, #4605, .T. ) ;
#7909 = LINE ( 'NONE', #1402, #4776 ) ;
#7910 = CARTESIAN_POINT ( 'NONE',  ( 1.125462845266195666, 1.182560616197007253, 0.9100000000000000311 ) ) ;
#7911 = EDGE_CURVE ( 'NONE', #8678, #1416, #3997, .T. ) ;
#7912 = CARTESIAN_POINT ( 'NONE',  ( 1.275360817542436687, 1.213131424535660141, 0.9000000000000000222 ) ) ;
#7913 = CARTESIAN_POINT ( 'NONE',  ( 0.9087424439495014328, 1.208955712526911475, 0.9100000000000000311 ) ) ;
#7914 = ORIENTED_EDGE ( 'NONE', *, *, #3529, .F. ) ;
#7915 = CARTESIAN_POINT ( 'NONE',  ( 1.109301018506022807, 1.332443733853280632, 0.9100000000000000311 ) ) ;
#7916 = UNCERTAINTY_MEASURE_WITH_UNIT (LENGTH_MEASURE( 1.000000000000000082E-05 ), #79, 'distance_accuracy_value', 'NONE');
#7917 = CARTESIAN_POINT ( 'NONE',  ( 1.073664784684665197, 1.297178865536694703, 0.9000000000000000222 ) ) ;
#7918 = DIRECTION ( 'NONE',  ( -0.000000000000000000, -0.000000000000000000, 1.000000000000000000 ) ) ;
#7919 = CARTESIAN_POINT ( 'NONE',  ( 1.167026072540940485, 1.177272371411596463, 0.9100000000000000311 ) ) ;
#7920 = CARTESIAN_POINT ( 'NONE',  ( 1.239769147581776254, 1.326412758058725494, 0.9100000000000000311 ) ) ;
#7921 = CARTESIAN_POINT ( 'NONE',  ( 0.9599749370513984692, 1.191189627147457797, 0.9000000000000000222 ) ) ;
#7922 = EDGE_CURVE ( 'NONE', #564, #6208, #3392, .T. ) ;
#7923 = EDGE_CURVE ( 'NONE', #5526, #4125, #8851, .T. ) ;
#7924 = B_SPLINE_CURVE_WITH_KNOTS ( 'NONE', 3,
 ( #9346, #2080, #7259, #7885 ),
 .UNSPECIFIED., .F., .F.,
 ( 4, 4 ),
 ( 2.000000000000000000, 3.000000000000000000 ),
 .UNSPECIFIED. ) ;
#7925 = ORIENTED_EDGE ( 'NONE', *, *, #4302, .F. ) ;
#7926 = CARTESIAN_POINT ( 'NONE',  ( 1.125433136025661085, 1.219578329695286456, 0.9100000000000000311 ) ) ;
#7927 = CARTESIAN_POINT ( 'NONE',  ( 1.032770015318031698, 1.333840068150567770, 0.9000000000000000222 ) ) ;
#7928 = CARTESIAN_POINT ( 'NONE',  ( 1.104339575364488013, 1.210249628219685958, 0.9000000000000000222 ) ) ;
#7929 = CARTESIAN_POINT ( 'NONE',  ( 1.078373699282968223, 1.197504364102093488, 0.9100000000000000311 ) ) ;
#7930 = CARTESIAN_POINT ( 'NONE',  ( 1.330471458425576348, 1.183541021129224102, 0.9000000000000000222 ) ) ;
#7931 = DIRECTION ( 'NONE',  ( -0.000000000000000000, -0.000000000000000000, -1.000000000000000000 ) ) ;
#7932 = CARTESIAN_POINT ( 'NONE',  ( 1.243438238767396786, 1.190166181731256767, 0.9000000000000000222 ) ) ;
#7933 = CARTESIAN_POINT ( 'NONE',  ( 0.9322928644199732773, 1.183339481736770615, 0.9100000000000000311 ) ) ;
#7934 = FACE_OUTER_BOUND ( 'NONE', #4272, .T. ) ;
#7935 = LINE ( 'NONE', #1391, #284 ) ;
#7936 = ORIENTED_EDGE ( 'NONE', *, *, #8898, .T. ) ;
#7937 = CARTESIAN_POINT ( 'NONE',  ( 0.7538055036697713929, 1.308941694037361936, 0.9100000000000000311 ) ) ;
#7938 = FACE_OUTER_BOUND ( 'NONE', #2622, .T. ) ;
#7939 = CARTESIAN_POINT ( 'NONE',  ( 1.275360817542436687, 1.213131424535660141, 0.9100000000000000311 ) ) ;
#7940 = PRESENTATION_STYLE_ASSIGNMENT (( #1397 ) ) ;
#7941 = CARTESIAN_POINT ( 'NONE',  ( 1.312541931863346001, 1.234224985196638702, 0.9000000000000000222 ) ) ;
#7942 = ORIENTED_EDGE ( 'NONE', *, *, #710, .F. ) ;
#7943 = EDGE_CURVE ( 'NONE', #6697, #683, #2524, .T. ) ;
#7944 = ORIENTED_EDGE ( 'NONE', *, *, #8064, .T. ) ;
#7945 = ORIENTED_EDGE ( 'NONE', *, *, #2142, .F. ) ;
#7946 = EDGE_CURVE ( 'NONE', #8446, #1356, #503, .T. ) ;
#7947 = SURFACE_STYLE_FILL_AREA ( #9368 ) ;
#7948 = CARTESIAN_POINT ( 'NONE',  ( 1.261323201468730559, 1.241652295288878660, 0.9000000000000000222 ) ) ;
#7949 = LINE ( 'NONE', #4869, #6545 ) ;
#7950 = DIRECTION ( 'NONE',  ( -0.000000000000000000, -0.000000000000000000, -1.000000000000000000 ) ) ;
#7951 = CARTESIAN_POINT ( 'NONE',  ( 0.8959343285546285118, 1.196147597132037221, 0.9100000000000000311 ) ) ;
#7952 = CARTESIAN_POINT ( 'NONE',  ( 1.159108559982791276, 1.176084001796648515, 0.9100000000000000311 ) ) ;
#7953 = EDGE_CURVE ( 'NONE', #971, #4148, #6854, .T. ) ;
#7954 = AXIS2_PLACEMENT_3D ( 'NONE', #6524, #5848, #2289 ) ;
#7955 = EDGE_CURVE ( 'NONE', #5515, #6807, #4545, .T. ) ;
#7956 = FACE_OUTER_BOUND ( 'NONE', #2040, .T. ) ;
#7957 = CARTESIAN_POINT ( 'NONE',  ( 1.268646529219798813, 1.186244562002401137, 0.9000000000000000222 ) ) ;
#7958 = CARTESIAN_POINT ( 'NONE',  ( 1.120679657566859166, 1.203624467617654181, 0.9100000000000000311 ) ) ;
#7959 = DIRECTION ( 'NONE',  ( 0.000000000000000000, 1.000000000000000000, 0.000000000000000000 ) ) ;
#7960 = B_SPLINE_CURVE_WITH_KNOTS ( 'NONE', 3,
 ( #109, #7537, #7402, #8114 ),
 .UNSPECIFIED., .F., .F.,
 ( 4, 4 ),
 ( 11.00000000000000000, 12.00000000000000000 ),
 .UNSPECIFIED. ) ;
#7961 = SURFACE_SIDE_STYLE ('',( #3446 ) ) ;
#7962 = FACE_OUTER_BOUND ( 'NONE', #1463, .T. ) ;
#7963 = FACE_OUTER_BOUND ( 'NONE', #397, .T. ) ;
#7964 = ORIENTED_EDGE ( 'NONE', *, *, #2508, .F. ) ;
#7965 = DIRECTION ( 'NONE',  ( 1.000000000000000000, -0.000000000000000000, -0.000000000000000000 ) ) ;
#7966 = CARTESIAN_POINT ( 'NONE',  ( 0.9678250667006877972, 1.287870270379535942, 0.9100000000000000311 ) ) ;
#7967 = EDGE_CURVE ( 'NONE', #7748, #8908, #8470, .T. ) ;
#7968 = FILL_AREA_STYLE ('',( #2884 ) ) ;
#7969 = FILL_AREA_STYLE ('',( #18 ) ) ;
#7970 = DIRECTION ( 'NONE',  ( 0.000000000000000000, -0.000000000000000000, -1.000000000000000000 ) ) ;
#7971 = LINE ( 'NONE', #3461, #5586 ) ;
#7972 = CARTESIAN_POINT ( 'NONE',  ( 1.121749190220074244, 1.216161767052905018, 0.9100000000000000311 ) ) ;
#7973 = ORIENTED_EDGE ( 'NONE', *, *, #4145, .F. ) ;
#7974 = LINE ( 'NONE', #6412, #8464 ) ;
#7975 = B_SPLINE_CURVE_WITH_KNOTS ( 'NONE', 3,
 ( #2183, #7309, #8027, #2757 ),
 .UNSPECIFIED., .F., .F.,
 ( 4, 4 ),
 ( 4.000000000000000000, 5.000000000000000000 ),
 .UNSPECIFIED. ) ;
#7976 = VERTEX_POINT ( 'NONE', #1067 ) ;
#7977 = CARTESIAN_POINT ( 'NONE',  ( 1.105141724854496799, 1.326917815144800894, 0.9000000000000000222 ) ) ;
#7978 = ADVANCED_FACE ( 'NONE', ( #5529 ), #2628, .F. ) ;
#7979 = CARTESIAN_POINT ( 'NONE',  ( 1.137554506095840301, 1.185858341877657818, 0.9100000000000000311 ) ) ;
#7980 = ADVANCED_FACE ( 'NONE', ( #3189 ), #2478, .T. ) ;
#7981 = CARTESIAN_POINT ( 'NONE',  ( 0.8401570243797654713, 1.324641973037194775, 0.9100000000000000311 ) ) ;
#7982 = PLANE ( 'NONE',  #3147 ) ;
#7983 = ORIENTED_EDGE ( 'NONE', *, *, #8309, .T. ) ;
#7984 = B_SPLINE_CURVE_WITH_KNOTS ( 'NONE', 3,
 ( #4745, #1092, #6876, #431 ),
 .UNSPECIFIED., .F., .F.,
 ( 4, 4 ),
 ( 8.000000000000000000, 9.000000000000000000 ),
 .UNSPECIFIED. ) ;
#7985 = EDGE_LOOP ( 'NONE', ( #726, #6560, #5160, #6031 ) ) ;
#7986 = ORIENTED_EDGE ( 'NONE', *, *, #1552, .T. ) ;
#7987 = CARTESIAN_POINT ( 'NONE',  ( 1.064024136185159231, 1.183541021129224102, 0.9100000000000000311 ) ) ;
#7988 = CARTESIAN_POINT ( 'NONE',  ( 1.221988167221633503, 1.216369731735640114, 0.9100000000000000311 ) ) ;
#7989 = CARTESIAN_POINT ( 'NONE',  ( 1.125863920011100916, 1.225995525614980153, 0.9000000000000000222 ) ) ;
#7990 = CARTESIAN_POINT ( 'NONE',  ( 1.223637030062156406, 1.234967716206178068, 0.9100000000000000311 ) ) ;
#7991 = VECTOR ( 'NONE', #4463, 1000.000000000000000 ) ;
#7992 = VECTOR ( 'NONE', #3711, 1000.000000000000114 ) ;
#7993 = LINE ( 'NONE', #8616, #6377 ) ;
#7994 = EDGE_LOOP ( 'NONE', ( #9026, #3700, #1530, #6021, #9230, #4554, #3126 ) ) ;
#7995 = CARTESIAN_POINT ( 'NONE',  ( 1.150864245780769624, 1.327155489067869620, 0.9100000000000000311 ) ) ;
#7996 = ADVANCED_FACE ( 'NONE', ( #6135 ), #5440, .F. ) ;
#7997 = B_SPLINE_CURVE_WITH_KNOTS ( 'NONE', 3,
 ( #2954, #7333, #3714, #2920, #2397, #8100, #3002 ),
 .UNSPECIFIED., .F., .F.,
 ( 4, 3, 4 ),
 ( 2.000000000000000000, 3.000000000000000000, 4.000000000000000000 ),
 .UNSPECIFIED. ) ;
#7998 = VECTOR ( 'NONE', #8753, 1000.000000000000000 ) ;
#7999 = AXIS2_PLACEMENT_3D ( 'NONE', #6748, #1015, #5994 ) ;
#8000 = B_SPLINE_CURVE_WITH_KNOTS ( 'NONE', 3,
 ( #5143, #4233, #2945, #1532 ),
 .UNSPECIFIED., .F., .F.,
 ( 4, 4 ),
 ( 33.00000000000000000, 34.00000000000000000 ),
 .UNSPECIFIED. ) ;
#8001 = VERTEX_POINT ( 'NONE', #1113 ) ;
#8002 = DIRECTION ( 'NONE',  ( 0.3658589216693960422, -0.9306703226357370129, -0.000000000000000000 ) ) ;
#8003 = FACE_OUTER_BOUND ( 'NONE', #7483, .T. ) ;
#8004 = EDGE_CURVE ( 'NONE', #3452, #1268, #403, .T. ) ;
#8005 = CARTESIAN_POINT ( 'NONE',  ( 1.274484394951788557, 1.191681352989879983, 0.9000000000000000222 ) ) ;
#8006 = VECTOR ( 'NONE', #8909, 1000.000000000000000 ) ;
#8007 = MECHANICAL_DESIGN_GEOMETRIC_PRESENTATION_REPRESENTATION (  '', ( #1788 ), #440 ) ;
#8008 = LINE ( 'NONE', #3003, #6325 ) ;
#8009 = AXIS2_PLACEMENT_3D ( 'NONE', #3414, #572, #2034 ) ;
#8010 = CARTESIAN_POINT ( 'NONE',  ( 1.268988185483642006, 1.229501215978365369, 0.9000000000000000222 ) ) ;
#8011 = CIRCLE ( 'NONE', #3141, 0.09299432094351947620 ) ;
#8012 = CARTESIAN_POINT ( 'NONE',  ( 1.096867701411943452, 1.189958217048518119, 0.9100000000000000311 ) ) ;
#8013 = VERTEX_POINT ( 'NONE', #9233 ) ;
#8014 = LINE ( 'NONE', #6580, #2123 ) ;
#8015 =( GEOMETRIC_REPRESENTATION_CONTEXT ( 3 ) GLOBAL_UNCERTAINTY_ASSIGNED_CONTEXT ( ( #5877 ) ) GLOBAL_UNIT_ASSIGNED_CONTEXT ( ( #7886, #2838, #2131 ) ) REPRESENTATION_CONTEXT ( 'NONE', 'WORKASPACE' ) );
#8016 = DIRECTION ( 'NONE',  ( 0.000000000000000000, 0.000000000000000000, -1.000000000000000000 ) ) ;
#8017 = SURFACE_SIDE_STYLE ('',( #5254 ) ) ;
#8018 = PRESENTATION_STYLE_ASSIGNMENT (( #4344 ) ) ;
#8019 = B_SPLINE_CURVE_WITH_KNOTS ( 'NONE', 3,
 ( #5977, #8870, #998, #2371 ),
 .UNSPECIFIED., .F., .F.,
 ( 4, 4 ),
 ( 15.00000000000000000, 16.00000000000000000 ),
 .UNSPECIFIED. ) ;
#8020 = EDGE_CURVE ( 'NONE', #7584, #7746, #2727, .T. ) ;
#8021 = CARTESIAN_POINT ( 'NONE',  ( 1.109301018506022807, 1.285324878629917844, 0.9100000000000000311 ) ) ;
#8022 = PLANE ( 'NONE',  #5748 ) ;
#8023 = CARTESIAN_POINT ( 'NONE',  ( 0.9219637340171907836, 1.327947293583841670, 0.9100000000000000311 ) ) ;
#8024 = AXIS2_PLACEMENT_3D ( 'NONE', #32, #8602, #642 ) ;
#8025 = CARTESIAN_POINT ( 'NONE',  ( 1.200523241056063783, 1.292425387077691390, 0.9000000000000000222 ) ) ;
#8026 = ORIENTED_EDGE ( 'NONE', *, *, #4392, .F. ) ;
#8027 = CARTESIAN_POINT ( 'NONE',  ( 0.7918166988234777159, 1.315965501922772507, 0.9000000000000000222 ) ) ;
#8028 = VERTEX_POINT ( 'NONE', #7853 ) ;
#8029 = CARTESIAN_POINT ( 'NONE',  ( 1.252217319296026199, 1.234967716206178068, 0.9100000000000000311 ) ) ;
#8030 = DIRECTION ( 'NONE',  ( -0.000000000000000000, -0.000000000000000000, -1.000000000000000000 ) ) ;
#8031 = SURFACE_STYLE_USAGE ( .BOTH. , #6730 ) ;
#8032 = VECTOR ( 'NONE', #9068, 1000.000000000000000 ) ;
#8033 = CARTESIAN_POINT ( 'NONE',  ( 0.7215786042045757576, 1.249032741641795008, 0.9000000000000000222 ) ) ;
#8034 = CARTESIAN_POINT ( 'NONE',  ( 1.079770033580256250, 1.321599861119052921, 0.9000000000000000222 ) ) ;
#8035 = EDGE_LOOP ( 'NONE', ( #5991, #6071, #4090, #6883 ) ) ;
#8036 = LINE ( 'NONE', #3518, #9238 ) ;
#8037 = PRESENTATION_LAYER_ASSIGNMENT (  '', '', ( #2566 ) ) ;
#8038 = EDGE_CURVE ( 'NONE', #1268, #7863, #6526, .T. ) ;
#8039 = EDGE_CURVE ( 'NONE', #3449, #8085, #4956, .T. ) ;
#8040 = ORIENTED_EDGE ( 'NONE', *, *, #5248, .T. ) ;
#8041 = ORIENTED_EDGE ( 'NONE', *, *, #8617, .F. ) ;
#8042 = DIRECTION ( 'NONE',  ( -0.000000000000000000, 1.000000000000000000, -0.000000000000000000 ) ) ;
#8043 = PRESENTATION_LAYER_ASSIGNMENT (  '', '', ( #8498 ) ) ;
#8044 = CARTESIAN_POINT ( 'NONE',  ( -0.2500000000000000000, -1.450000000000000400, -0.02000000000000000042 ) ) ;
#8045 = LINE ( 'NONE', #3256, #3180 ) ;
#8046 = CARTESIAN_POINT ( 'NONE',  ( 1.093941341235667108, 1.191919026912945156, 0.9100000000000000311 ) ) ;
#8047 = FACE_OUTER_BOUND ( 'NONE', #8980, .T. ) ;
#8048 = EDGE_LOOP ( 'NONE', ( #4263, #6844, #8413, #4164 ) ) ;
#8049 = VECTOR ( 'NONE', #40, 1000.000000000000114 ) ;
#8050 = FILL_AREA_STYLE ('',( #7284 ) ) ;
#8051 = ADVANCED_FACE ( 'NONE', ( #548 ), #5628, .F. ) ;
#8052 = PRESENTATION_LAYER_ASSIGNMENT (  '', '', ( #5630 ) ) ;
#8053 = FACE_OUTER_BOUND ( 'NONE', #7081, .T. ) ;
#8054 = CARTESIAN_POINT ( 'NONE',  ( 1.074556061895679759, 1.185828632637324187, 0.9000000000000000222 ) ) ;
#8055 = DIRECTION ( 'NONE',  ( -0.000000000000000000, -0.000000000000000000, -1.000000000000000000 ) ) ;
#8056 = CARTESIAN_POINT ( 'NONE',  ( 0.9467536469835114987, 1.209782046111543607, 0.9000000000000000222 ) ) ;
#8057 = ORIENTED_EDGE ( 'NONE', *, *, #70, .F. ) ;
#8058 = CARTESIAN_POINT ( 'NONE',  ( 0.7947088584883865714, 1.315552339070905630, 0.9100000000000000311 ) ) ;
#8059 = CARTESIAN_POINT ( 'NONE',  ( -0.2500000000000000000, -1.450000000000000400, -0.02000000000000000042 ) ) ;
#8060 = EDGE_CURVE ( 'NONE', #8264, #6262, #7949, .T. ) ;
#8061 = DIRECTION ( 'NONE',  ( -0.000000000000000000, -0.000000000000000000, -1.000000000000000000 ) ) ;
#8062 = EDGE_LOOP ( 'NONE', ( #5392, #3388, #5804, #3795 ) ) ;
#8063 = CARTESIAN_POINT ( 'NONE',  ( 1.095530785595322243, 1.334820473082782177, 0.9100000000000000311 ) ) ;
#8064 = EDGE_CURVE ( 'NONE', #3582, #7889, #2013, .T. ) ;
#8065 =( LENGTH_UNIT ( ) NAMED_UNIT ( * ) SI_UNIT ( .MILLI., .METRE. ) );
#8066 = CARTESIAN_POINT ( 'NONE',  ( 1.040271598510909890, 1.333840068150567770, 0.9100000000000000311 ) ) ;
#8067 = CARTESIAN_POINT ( 'NONE',  ( 1.196378802024704591, 1.288414639627836422, 0.9100000000000000311 ) ) ;
#8068 = CARTESIAN_POINT ( 'NONE',  ( 1.268646529219798813, 1.186244562002401137, 0.9100000000000000311 ) ) ;
#8069 = CARTESIAN_POINT ( 'NONE',  ( 1.151651540650414196, 1.170231281444096716, 0.9100000000000000311 ) ) ;
#8070 = STYLED_ITEM ( 'NONE', ( #7737 ), #7295 ) ;
#8071 = B_SPLINE_SURFACE_WITH_KNOTS ( 'NONE', 3, 1, ( 
 ( #8626, #2684 ),
 ( #2117, #1273 ),
 ( #6349, #2163 ),
 ( #7817, #5023 ) ),
 .UNSPECIFIED., .F., .F., .F.,
 ( 4, 4 ),
 ( 2, 2 ),
 ( 21.00000000000000000, 22.00000000000000000 ),
 ( 0.000000000000000000, 1.000000000000000000 ),
 .UNSPECIFIED. ) ;
#8072 = B_SPLINE_CURVE_WITH_KNOTS ( 'NONE', 3,
 ( #4420, #5907, #6612, #8804 ),
 .UNSPECIFIED., .F., .F.,
 ( 4, 4 ),
 ( 12.00000000000000000, 13.00000000000000000 ),
 .UNSPECIFIED. ) ;
#8073 = CARTESIAN_POINT ( 'NONE',  ( 1.130409433787367801, 1.207070739500372580, 0.9100000000000000311 ) ) ;
#8074 = ORIENTED_EDGE ( 'NONE', *, *, #7518, .T. ) ;
#8075 = DIRECTION ( 'NONE',  ( -0.000000000000000000, -0.000000000000000000, -1.000000000000000000 ) ) ;
#8076 = CARTESIAN_POINT ( 'NONE',  ( 1.120932186110094486, 1.275728793990911436, 0.9100000000000000311 ) ) ;
#8077 = EDGE_CURVE ( 'NONE', #2429, #8908, #1388, .T. ) ;
#8078 = DIRECTION ( 'NONE',  ( 0.000000000000000000, 1.000000000000000000, -0.000000000000000000 ) ) ;
#8079 = CARTESIAN_POINT ( 'NONE',  ( 1.063415096757715395, 1.282353954592944989, 0.9100000000000000311 ) ) ;
#8080 = VERTEX_POINT ( 'NONE', #7807 ) ;
#8081 = FACE_OUTER_BOUND ( 'NONE', #2119, .T. ) ;
#8082 = ORIENTED_EDGE ( 'NONE', *, *, #2673, .F. ) ;
#8083 = EDGE_LOOP ( 'NONE', ( #1028, #8041, #5751, #6590 ) ) ;
#8084 = EDGE_LOOP ( 'NONE', ( #8057, #2623, #4032, #1336, #9194, #8098 ) ) ;
#8085 = VERTEX_POINT ( 'NONE', #4190 ) ;
#8086 = CARTESIAN_POINT ( 'NONE',  ( 1.070990953051428107, 1.190938621980732526, 0.9100000000000000311 ) ) ;
#8087 = FILL_AREA_STYLE ('',( #3172 ) ) ;
#8088 = LINE ( 'NONE', #1533, #8948 ) ;
#8089 = EDGE_CURVE ( 'NONE', #3155, #7037, #7761, .T. ) ;
#8090 = DIRECTION ( 'NONE',  ( -0.000000000000000000, -0.000000000000000000, -1.000000000000000000 ) ) ;
#8091 = CARTESIAN_POINT ( 'NONE',  ( 0.7500000000000000000, 0.4500000000000002887, -0.02000000000000000042 ) ) ;
#8092 = ADVANCED_FACE ( 'NONE', ( #1260, #4151, #4280, #2155, #5810, #2910, #602, #2106, #3568, #2771, #38, #7048, #6430, #3481, #7142 ), #3430, .F. ) ;
#8093 = ORIENTED_EDGE ( 'NONE', *, *, #1289, .F. ) ;
#8094 = ORIENTED_EDGE ( 'NONE', *, *, #2977, .F. ) ;
#8095 =( NAMED_UNIT ( * ) SI_UNIT ( $, .STERADIAN. ) SOLID_ANGLE_UNIT ( ) );
#8096 = LINE ( 'NONE', #3040, #8206 ) ;
#8097 = CARTESIAN_POINT ( 'NONE',  ( 1.064024136185159231, 1.190166181731253214, 0.9000000000000000222 ) ) ;
#8098 = ORIENTED_EDGE ( 'NONE', *, *, #3488, .F. ) ;
#8099 = CARTESIAN_POINT ( 'NONE',  ( 0.8959343285546285118, 1.203171393197097094, 0.9100000000000000311 ) ) ;
#8100 = CARTESIAN_POINT ( 'NONE',  ( 0.8021458213457586250, 1.180860465222669520, 0.9100000000000000311 ) ) ;
#8101 = CARTESIAN_POINT ( 'NONE',  ( 1.239769147581776254, 1.326412758058725494, 0.9100000000000000311 ) ) ;
#8102 = CARTESIAN_POINT ( 'NONE',  ( 0.7707452751660485157, 1.315965501922772507, 0.9000000000000000222 ) ) ;
#8103 = CARTESIAN_POINT ( 'NONE',  ( 0.7500000000000000000, 1.450000000000000400, -0.02000000000000000042 ) ) ;
#8104 = CARTESIAN_POINT ( 'NONE',  ( 1.105022887892961991, 1.275877340192582254, 0.9100000000000000311 ) ) ;
#8105 = CARTESIAN_POINT ( 'NONE',  ( 1.250000000000000000, -1.450000000000000400, -0.02000000000000000042 ) ) ;
#8106 = LINE ( 'NONE', #1602, #7852 ) ;
#8107 = DIRECTION ( 'NONE',  ( -0.000000000000000000, -0.000000000000000000, -1.000000000000000000 ) ) ;
#8108 = ORIENTED_EDGE ( 'NONE', *, *, #7191, .F. ) ;
#8109 = CARTESIAN_POINT ( 'NONE',  ( 1.268988185483642006, 1.229501215978365369, 0.9100000000000000311 ) ) ;
#8110 = EDGE_CURVE ( 'NONE', #6837, #7080, #5850, .T. ) ;
#8111 = DIRECTION ( 'NONE',  ( -0.000000000000000000, -0.000000000000000000, -1.000000000000000000 ) ) ;
#8112 = LINE ( 'NONE', #4489, #8296 ) ;
#8113 = CARTESIAN_POINT ( 'NONE',  ( 1.093213464846687577, 1.274748389058698805, 0.9100000000000000311 ) ) ;
#8114 = CARTESIAN_POINT ( 'NONE',  ( 0.8525519808632223695, 1.201518757550242622, 0.9000000000000000222 ) ) ;
#8115 = VECTOR ( 'NONE', #414, 1000.000000000000000 ) ;
#8116 = FACE_OUTER_BOUND ( 'NONE', #1576, .T. ) ;
#8117 = FACE_OUTER_BOUND ( 'NONE', #7391, .T. ) ;
#8118 = CARTESIAN_POINT ( 'NONE',  ( 1.500000000000000000, 1.499999999999999778, 0.9000000000000000222 ) ) ;
#8119 = VERTEX_POINT ( 'NONE', #8748 ) ;
#8120 = EDGE_CURVE ( 'NONE', #2137, #4365, #5095, .T. ) ;
#8121 = VERTEX_POINT ( 'NONE', #1093 ) ;
#8122 = CARTESIAN_POINT ( 'NONE',  ( 1.080483055349066523, 1.190403855653926257, 0.9000000000000000222 ) ) ;
#8123 = PRESENTATION_STYLE_ASSIGNMENT (( #2432 ) ) ;
#8124 = CARTESIAN_POINT ( 'NONE',  ( -1.250000000000000000, -1.450000000000000400, -0.02000000000000000042 ) ) ;
#8125 = LINE ( 'NONE', #1057, #4661 ) ;
#8126 = CARTESIAN_POINT ( 'NONE',  ( 0.9678250667006877972, 1.287870270379535942, 0.9100000000000000311 ) ) ;
#8127 = EDGE_LOOP ( 'NONE', ( #8660, #6304, #8300, #4127, #6469, #419 ) ) ;
#8128 = ADVANCED_FACE ( 'NONE', ( #2337 ), #7858, .F. ) ;
#8129 = EDGE_LOOP ( 'NONE', ( #1297, #1810, #4994, #1616 ) ) ;
#8130 =( LENGTH_UNIT ( ) NAMED_UNIT ( * ) SI_UNIT ( .MILLI., .METRE. ) );
#8131 = VECTOR ( 'NONE', #7296, 1000.000000000000000 ) ;
#8132 = VECTOR ( 'NONE', #4329, 1000.000000000000227 ) ;
#8133 = CARTESIAN_POINT ( 'NONE',  ( 0.8657732709307145447, 1.349431886003709113, 0.9000000000000000222 ) ) ;
#8134 = CARTESIAN_POINT ( 'NONE',  ( 1.201206553584558190, 1.234967716206178068, 0.9000000000000000222 ) ) ;
#8135 = ORIENTED_EDGE ( 'NONE', *, *, #9244, .F. ) ;
#8136 = DIRECTION ( 'NONE',  ( 1.000000000000000000, -0.000000000000000000, -0.000000000000000000 ) ) ;
#8137 = B_SPLINE_SURFACE_WITH_KNOTS ( 'NONE', 3, 1, ( 
 ( #7042, #538 ),
 ( #3424, #6324 ),
 ( #4406, #8557 ),
 ( #1526, #7941 ) ),
 .UNSPECIFIED., .F., .F., .F.,
 ( 4, 4 ),
 ( 2, 2 ),
 ( 1.000000000000000000, 2.000000000000000000 ),
 ( 0.000000000000000000, 1.000000000000000000 ),
 .UNSPECIFIED. ) ;
#8138 = CARTESIAN_POINT ( 'NONE',  ( -1.500000000000000000, -1.500000000000000222, 0.9000000000000000222 ) ) ;
#8139 = CARTESIAN_POINT ( 'NONE',  ( 0.9595617623785821504, 1.258535538459945702, 0.9000000000000000222 ) ) ;
#8140 = CARTESIAN_POINT ( 'NONE',  ( 1.269151586305875323, 1.196226866766145536, 0.9100000000000000311 ) ) ;
#8141 = VECTOR ( 'NONE', #7466, 1000.000000000000000 ) ;
#8142 = EDGE_CURVE ( 'NONE', #4515, #8947, #3659, .T. ) ;
#8143 = ADVANCED_FACE ( 'NONE', ( #1580 ), #7250, .F. ) ;
#8144 = CARTESIAN_POINT ( 'NONE',  ( 1.152186306977023067, 1.282353954592944989, 0.9100000000000000311 ) ) ;
#8145 = VERTEX_POINT ( 'NONE', #2246 ) ;
#8146 = PLANE ( 'NONE',  #6222 ) ;
#8147 = VECTOR ( 'NONE', #5621, 1000.000000000000000 ) ;
#8148 = DIRECTION ( 'NONE',  ( 0.000000000000000000, -1.000000000000000000, 0.000000000000000000 ) ) ;
#8149 = CARTESIAN_POINT ( 'NONE',  ( 1.283248620860648836, 1.213339389217999775, 0.9100000000000000311 ) ) ;
#8150 = CARTESIAN_POINT ( 'NONE',  ( 0.7980141770651065780, 1.315139172278788404, 0.9000000000000000222 ) ) ;
#8151 = LINE ( 'NONE', #5965, #7870 ) ;
#8152 = EDGE_LOOP ( 'NONE', ( #2194, #6376, #1145, #6609 ) ) ;
#8153 = CARTESIAN_POINT ( 'NONE',  ( -0.7500000000000000000, -1.450000000000000400, -0.02000000000000000042 ) ) ;
#8154 = EDGE_LOOP ( 'NONE', ( #8740, #2044, #7464, #1348 ) ) ;
#8155 = CARTESIAN_POINT ( 'NONE',  ( 1.193704970391465947, 1.183541021129224102, 0.9000000000000000222 ) ) ;
#8156 = EDGE_CURVE ( 'NONE', #4122, #5236, #2291, .T. ) ;
#8157 = VECTOR ( 'NONE', #8825, 1000.000000000000000 ) ;
#8158 = UNCERTAINTY_MEASURE_WITH_UNIT (LENGTH_MEASURE( 1.000000000000000082E-05 ), #494, 'distance_accuracy_value', 'NONE');
#8159 = LINE ( 'NONE', #3823, #5323 ) ;
#8160 = AXIS2_PLACEMENT_3D ( 'NONE', #730, #776, #4905 ) ;
#8161 = CARTESIAN_POINT ( 'NONE',  ( 1.094297852120070136, 1.281432968141398954, 0.9000000000000000222 ) ) ;
#8162 = ORIENTED_EDGE ( 'NONE', *, *, #1443, .T. ) ;
#8163 = DIRECTION ( 'NONE',  ( 0.000000000000000000, 1.000000000000000000, -0.000000000000000000 ) ) ;
#8164 = LINE ( 'NONE', #4446, #5115 ) ;
#8165 = LINE ( 'NONE', #8252, #2995 ) ;
#8166 = AXIS2_PLACEMENT_3D ( 'NONE', #2463, #7453, #4496 ) ;
#8167 = CARTESIAN_POINT ( 'NONE',  ( 1.121749190220074244, 1.212834332131919046, 0.9100000000000000311 ) ) ;
#8168 = VERTEX_POINT ( 'NONE', #1490 ) ;
#8169 = VERTEX_POINT ( 'NONE', #9011 ) ;
#8170 = ORIENTED_EDGE ( 'NONE', *, *, #6556, .F. ) ;
#8171 = VECTOR ( 'NONE', #4423, 1000.000000000000000 ) ;
#8172 = ORIENTED_EDGE ( 'NONE', *, *, #6043, .T. ) ;
#8173 = ADVANCED_FACE ( 'NONE', ( #5190 ), #4370, .T. ) ;
#8174 = LINE ( 'NONE', #219, #2494 ) ;
#8175 = ORIENTED_EDGE ( 'NONE', *, *, #718, .T. ) ;
#8176 = CARTESIAN_POINT ( 'NONE',  ( 1.127349382029589453, 1.220083386781760870, 0.9100000000000000311 ) ) ;
#8177 = CARTESIAN_POINT ( 'NONE',  ( 1.132890155358039497, 1.198068839668837482, 0.9100000000000000311 ) ) ;
#8178 = CARTESIAN_POINT ( 'NONE',  ( 0.7723979383946608657, 1.211847887953021008, 0.9100000000000000311 ) ) ;
#8179 = MECHANICAL_DESIGN_GEOMETRIC_PRESENTATION_REPRESENTATION (  '', ( #4384 ), #8322 ) ;
#8180 = ORIENTED_EDGE ( 'NONE', *, *, #3114, .F. ) ;
#8181 =( NAMED_UNIT ( * ) SI_UNIT ( $, .STERADIAN. ) SOLID_ANGLE_UNIT ( ) );
#8182 = ORIENTED_EDGE ( 'NONE', *, *, #5749, .T. ) ;
#8183 = CARTESIAN_POINT ( 'NONE',  ( 1.210475836579079312, 1.305527162080083237, 0.9100000000000000311 ) ) ;
#8184 = CARTESIAN_POINT ( 'NONE',  ( 1.167026072540940485, 1.177272371411596463, 0.9000000000000000222 ) ) ;
#8185 = VECTOR ( 'NONE', #9209, 1000.000000000000227 ) ;
#8186 = CARTESIAN_POINT ( 'NONE',  ( 1.302723027921833587, 1.206001206847159946, 0.9100000000000000311 ) ) ;
#8187 = DIRECTION ( 'NONE',  ( -1.000000000000000000, 0.000000000000000000, 0.000000000000000000 ) ) ;
#8188 = STYLED_ITEM ( 'NONE', ( #677 ), #8336 ) ;
#8189 = CARTESIAN_POINT ( 'NONE',  ( -0.2500000000000000000, 1.450000000000000400, -0.02000000000000000042 ) ) ;
#8190 = CARTESIAN_POINT ( 'NONE',  ( 0.8046248220990501743, 1.288696619725168580, 0.9100000000000000311 ) ) ;
#8191 = ORIENTED_EDGE ( 'NONE', *, *, #6016, .T. ) ;
#8192 = PLANE ( 'NONE',  #7682 ) ;
#8193 = PRESENTATION_STYLE_ASSIGNMENT (( #5210 ) ) ;
#8194 = CARTESIAN_POINT ( 'NONE',  ( 0.7980141770651065780, 1.315139172278788404, 0.9100000000000000311 ) ) ;
#8195 = CARTESIAN_POINT ( 'NONE',  ( 1.196378802024704591, 1.288414639627836422, 0.9000000000000000222 ) ) ;
#8196 = EDGE_CURVE ( 'NONE', #1453, #6318, #8045, .T. ) ;
#8197 = CARTESIAN_POINT ( 'NONE',  ( 1.142233711453809475, 1.191027749701734306, 0.9000000000000000222 ) ) ;
#8198 =( LENGTH_UNIT ( ) NAMED_UNIT ( * ) SI_UNIT ( .MILLI., .METRE. ) );
#8199 = EDGE_CURVE ( 'NONE', #3921, #8559, #8088, .T. ) ;
#8200 = EDGE_LOOP ( 'NONE', ( #1567, #1005, #5894, #6249 ) ) ;
#8201 = DIRECTION ( 'NONE',  ( -1.000000000000000000, 0.000000000000000000, -0.000000000000000000 ) ) ;
#8202 = SURFACE_STYLE_USAGE ( .BOTH. , #6823 ) ;
#8203 = CARTESIAN_POINT ( 'NONE',  ( 1.109301018506022807, 1.285324878629917844, 0.9000000000000000222 ) ) ;
#8204 = EDGE_LOOP ( 'NONE', ( #3224, #6157, #5405, #5356 ) ) ;
#8205 = CARTESIAN_POINT ( 'NONE',  ( 1.238640196447892361, 1.322342592128198602, 0.9100000000000000311 ) ) ;
#8206 = VECTOR ( 'NONE', #8890, 1000.000000000000000 ) ;
#8207 = CARTESIAN_POINT ( 'NONE',  ( 0.7476080254281427528, 1.249859090987030186, 0.9100000000000000311 ) ) ;
#8208 = CARTESIAN_POINT ( 'NONE',  ( 1.157459697142466659, 1.172162382068190123, 0.9100000000000000311 ) ) ;
#8209 = ADVANCED_FACE ( 'NONE', ( #828 ), #7698, .F. ) ;
#8210 = CARTESIAN_POINT ( 'NONE',  ( 1.104339575364488013, 1.210249628219685958, 0.9100000000000000311 ) ) ;
#8211 = CARTESIAN_POINT ( 'NONE',  ( 1.121749190220074244, 1.214498049592610540, 0.9100000000000000311 ) ) ;
#8212 = ORIENTED_EDGE ( 'NONE', *, *, #6603, .T. ) ;
#8213 = ORIENTED_EDGE ( 'NONE', *, *, #1429, .F. ) ;
#8214 = AXIS2_PLACEMENT_3D ( 'NONE', #3578, #6488, #4382 ) ;
#8215 = ORIENTED_EDGE ( 'NONE', *, *, #4605, .F. ) ;
#8216 = ORIENTED_EDGE ( 'NONE', *, *, #4751, .F. ) ;
#8217 = B_SPLINE_SURFACE_WITH_KNOTS ( 'NONE', 3, 1, ( 
 ( #4809, #6321 ),
 ( #1150, #4858 ),
 ( #1056, #2513 ),
 ( #8355, #3222 ) ),
 .UNSPECIFIED., .F., .F., .F.,
 ( 4, 4 ),
 ( 2, 2 ),
 ( 8.000000000000000000, 9.000000000000000000 ),
 ( 0.000000000000000000, 1.000000000000000000 ),
 .UNSPECIFIED. ) ;
#8218 = CARTESIAN_POINT ( 'NONE',  ( 1.149215382940226293, 1.301902634754964483, 0.9000000000000000222 ) ) ;
#8219 = EDGE_LOOP ( 'NONE', ( #6687, #3331, #1902, #5276 ) ) ;
#8220 = CARTESIAN_POINT ( 'NONE',  ( 1.086900251268559714, 1.334820473082782177, 0.9000000000000000222 ) ) ;
#8221 = ORIENTED_EDGE ( 'NONE', *, *, #9308, .T. ) ;
#8222 = CARTESIAN_POINT ( 'NONE',  ( 1.095605058696355938, 1.328046766278684343, 0.9000000000000000222 ) ) ;
#8223 = ADVANCED_FACE ( 'NONE', ( #3035 ), #9295, .F. ) ;
#8224 = ORIENTED_EDGE ( 'NONE', *, *, #2049, .F. ) ;
#8225 = EDGE_CURVE ( 'NONE', #3298, #8028, #4080, .T. ) ;
#8226 = ORIENTED_EDGE ( 'NONE', *, *, #2287, .T. ) ;
#8227 = CARTESIAN_POINT ( 'NONE',  ( 0.7500000000000000000, 1.450000000000000400, -0.02000000000000000042 ) ) ;
#8228 = CARTESIAN_POINT ( 'NONE',  ( 1.252514411699763741, 1.241652295288878660, 0.9000000000000000222 ) ) ;
#8229 = LINE ( 'NONE', #6751, #7525 ) ;
#8230 = FACE_OUTER_BOUND ( 'NONE', #5043, .T. ) ;
#8231 = EDGE_CURVE ( 'NONE', #1997, #1087, #5685, .T. ) ;
#8232 = FACE_OUTER_BOUND ( 'NONE', #534, .T. ) ;
#8233 = ADVANCED_FACE ( 'NONE', ( #629 ), #2700, .F. ) ;
#8234 = ORIENTED_EDGE ( 'NONE', *, *, #1713, .F. ) ;
#8235 = EDGE_CURVE ( 'NONE', #7543, #8656, #9164, .T. ) ;
#8236 = CARTESIAN_POINT ( 'NONE',  ( 1.086038683297883223, 1.188532173510895351, 0.9100000000000000311 ) ) ;
#8237 = DIRECTION ( 'NONE',  ( 0.000000000000000000, 0.000000000000000000, 1.000000000000000000 ) ) ;
#8238 = CARTESIAN_POINT ( 'NONE',  ( 1.118911957764999965, 1.222697799933933682, 0.9000000000000000222 ) ) ;
#8239 = DIRECTION ( 'NONE',  ( -0.000000000000000000, -0.000000000000000000, -1.000000000000000000 ) ) ;
#8240 = ORIENTED_EDGE ( 'NONE', *, *, #3674, .T. ) ;
#8241 = B_SPLINE_CURVE_WITH_KNOTS ( 'NONE', 3,
 ( #3727, #5872, #6629, #150 ),
 .UNSPECIFIED., .F., .F.,
 ( 4, 4 ),
 ( 3.000000000000000000, 4.000000000000000000 ),
 .UNSPECIFIED. ) ;
#8242 = EDGE_CURVE ( 'NONE', #3263, #3582, #929, .T. ) ;
#8243 = LINE ( 'NONE', #2362, #1937 ) ;
#8244 = CARTESIAN_POINT ( 'NONE',  ( 1.202588033261658085, 1.305319197397347697, 0.9100000000000000311 ) ) ;
#8245 = EDGE_CURVE ( 'NONE', #5491, #5110, #6980, .T. ) ;
#8246 = CARTESIAN_POINT ( 'NONE',  ( 1.123962528627540758, 1.218538506282406564, 0.9000000000000000222 ) ) ;
#8247 = ORIENTED_EDGE ( 'NONE', *, *, #5207, .F. ) ;
#8248 = CARTESIAN_POINT ( 'NONE',  ( 1.097060811474313002, 1.216696533379710621, 0.9100000000000000311 ) ) ;
#8249 = CARTESIAN_POINT ( 'NONE',  ( 1.223637030062156406, 1.234967716206178068, 0.9100000000000000311 ) ) ;
#8250 = CARTESIAN_POINT ( 'NONE',  ( 1.133944833391087981, 1.225995525614980153, 0.9000000000000000222 ) ) ;
#8251 = CARTESIAN_POINT ( 'NONE',  ( 1.075046264361588344, 1.215062525159354978, 0.9000000000000000222 ) ) ;
#8252 = CARTESIAN_POINT ( 'NONE',  ( 1.235832673233151935, 1.333840068150569991, 0.9100000000000000311 ) ) ;
#8253 = LINE ( 'NONE', #915, #3471 ) ;
#8254 = VERTEX_POINT ( 'NONE', #432 ) ;
#8255 = ORIENTED_EDGE ( 'NONE', *, *, #587, .T. ) ;
#8256 = ORIENTED_EDGE ( 'NONE', *, *, #3790, .F. ) ;
#8257 = VERTEX_POINT ( 'NONE', #3311 ) ;
#8258 = EDGE_CURVE ( 'NONE', #8338, #1025, #4798, .T. ) ;
#8259 = DIRECTION ( 'NONE',  ( -1.000000000000000000, 0.000000000000000000, -0.000000000000000000 ) ) ;
#8260 = CARTESIAN_POINT ( 'NONE',  ( 1.078373699282968223, 1.195246461833929130, 0.9100000000000000311 ) ) ;
#8261 = CARTESIAN_POINT ( 'NONE',  ( 1.138163545523482423, 1.203535339896653733, 0.9100000000000000311 ) ) ;
#8262 = EDGE_LOOP ( 'NONE', ( #6472, #2573, #500, #4428, #2846, #1624, #308, #4767, #1277, #3906, #1770, #2380, #6343, #6806, #4140, #2648, #330, #7580, #1480, #3436, #159, #389, #1821, #8215, #8951, #7503, #8224, #5524, #3615, #3447, #4462, #8745, #5544 ) ) ;
#8263 = SURFACE_STYLE_FILL_AREA ( #3844 ) ;
#8264 = VERTEX_POINT ( 'NONE', #4024 ) ;
#8265 = ORIENTED_EDGE ( 'NONE', *, *, #7967, .F. ) ;
#8266 = EDGE_CURVE ( 'NONE', #3879, #6786, #3459, .T. ) ;
#8267 = ORIENTED_EDGE ( 'NONE', *, *, #444, .T. ) ;
#8268 = DIRECTION ( 'NONE',  ( 0.000000000000000000, -1.000000000000000000, 0.000000000000000000 ) ) ;
#8269 = CARTESIAN_POINT ( 'NONE',  ( 0.8657732709307145447, 1.349431886003709113, 0.9100000000000000311 ) ) ;
#8270 = DIRECTION ( 'NONE',  ( -0.000000000000000000, -0.000000000000000000, -1.000000000000000000 ) ) ;
#8271 = EDGE_CURVE ( 'NONE', #4792, #5701, #9114, .T. ) ;
#8272 = CARTESIAN_POINT ( 'NONE',  ( 1.079770033580256250, 1.321599861119052921, 0.9100000000000000311 ) ) ;
#8273 = STYLED_ITEM ( 'NONE', ( #7721 ), #6660 ) ;
#8274 = VERTEX_POINT ( 'NONE', #2605 ) ;
#8275 = ORIENTED_EDGE ( 'NONE', *, *, #3973, .F. ) ;
#8276 = EDGE_CURVE ( 'NONE', #4381, #3662, #8392, .T. ) ;
#8277 = DIRECTION ( 'NONE',  ( -0.000000000000000000, -1.000000000000000000, -0.000000000000000000 ) ) ;
#8278 = CARTESIAN_POINT ( 'NONE',  ( 1.032770015318031698, 1.333840068150567770, 0.9000000000000000222 ) ) ;
#8279 = LINE ( 'NONE', #1791, #2109 ) ;
#8280 = AXIS2_PLACEMENT_3D ( 'NONE', #5196, #6568, #1633 ) ;
#8281 = ORIENTED_EDGE ( 'NONE', *, *, #4154, .F. ) ;
#8282 = CARTESIAN_POINT ( 'NONE',  ( 1.088653096450254543, 1.220083386781760870, 0.9000000000000000222 ) ) ;
#8283 = CARTESIAN_POINT ( 'NONE',  ( 1.500000000000000000, -1.500000000000000222, 0.9000000000000000222 ) ) ;
#8284 = B_SPLINE_SURFACE_WITH_KNOTS ( 'NONE', 3, 1, ( 
 ( #8442, #5413 ),
 ( #7032, #1947 ),
 ( #5554, #2655 ),
 ( #3214, #4639 ) ),
 .UNSPECIFIED., .F., .F., .F.,
 ( 4, 4 ),
 ( 2, 2 ),
 ( 3.000000000000000000, 4.000000000000000000 ),
 ( 0.000000000000000000, 1.000000000000000000 ),
 .UNSPECIFIED. ) ;
#8285 = VERTEX_POINT ( 'NONE', #1897 ) ;
#8286 = CARTESIAN_POINT ( 'NONE',  ( 0.7947088506078845427, 1.187884277048731674, 0.9000000000000000222 ) ) ;
#8287 = ORIENTED_EDGE ( 'NONE', *, *, #4829, .T. ) ;
#8288 = FILL_AREA_STYLE ('',( #6874 ) ) ;
#8289 = LINE ( 'NONE', #290, #7365 ) ;
#8290 = CARTESIAN_POINT ( 'NONE',  ( 1.249454359941787329, 1.298188979709240742, 0.9100000000000000311 ) ) ;
#8291 = CARTESIAN_POINT ( 'NONE',  ( 1.141416707343631209, 1.199851394091263845, 0.9000000000000000222 ) ) ;
#8292 = CARTESIAN_POINT ( 'NONE',  ( 1.235936655574717769, 1.241652295288878660, 0.9100000000000000311 ) ) ;
#8293 = DIRECTION ( 'NONE',  ( -0.000000000000000000, -0.000000000000000000, -1.000000000000000000 ) ) ;
#8294 = CARTESIAN_POINT ( 'NONE',  ( 1.074556061895679759, 1.185828632637324187, 0.9100000000000000311 ) ) ;
#8295 = ORIENTED_EDGE ( 'NONE', *, *, #7268, .T. ) ;
#8296 = VECTOR ( 'NONE', #158, 1000.000000000000000 ) ;
#8297 = VECTOR ( 'NONE', #5096, 1000.000000000000000 ) ;
#8298 = B_SPLINE_CURVE_WITH_KNOTS ( 'NONE', 3,
 ( #3406, #6302, #6970, #9191 ),
 .UNSPECIFIED., .F., .F.,
 ( 4, 4 ),
 ( 10.00000000000000000, 11.00000000000000000 ),
 .UNSPECIFIED. ) ;
#8299 = VERTEX_POINT ( 'NONE', #4894 ) ;
#8300 = ORIENTED_EDGE ( 'NONE', *, *, #9236, .T. ) ;
#8301 = ORIENTED_EDGE ( 'NONE', *, *, #5207, .T. ) ;
#8302 = B_SPLINE_CURVE_WITH_KNOTS ( 'NONE', 3,
 ( #2481, #4112, #8371, #3348 ),
 .UNSPECIFIED., .F., .F.,
 ( 4, 4 ),
 ( 2.000000000000000000, 3.000000000000000000 ),
 .UNSPECIFIED. ) ;
#8303 = LINE ( 'NONE', #7460, #9338 ) ;
#8304 = CARTESIAN_POINT ( 'NONE',  ( 1.221988167221633503, 1.209714861893276483, 0.9100000000000000311 ) ) ;
#8305 = STYLED_ITEM ( 'NONE', ( #4396 ), #3579 ) ;
#8306 = CARTESIAN_POINT ( 'NONE',  ( 1.224959091258592814, 1.183541021129224102, 0.9100000000000000311 ) ) ;
#8307 = B_SPLINE_CURVE_WITH_KNOTS ( 'NONE', 3,
 ( #1186, #8343, #6073, #6923 ),
 .UNSPECIFIED., .F., .F.,
 ( 4, 4 ),
 ( 0.000000000000000000, 1.000000000000000000 ),
 .UNSPECIFIED. ) ;
#8308 = ORIENTED_EDGE ( 'NONE', *, *, #3472, .F. ) ;
#8309 = EDGE_CURVE ( 'NONE', #3794, #6395, #7686, .T. ) ;
#8310 = ADVANCED_FACE ( 'NONE', ( #1945 ), #1241, .F. ) ;
#8311 = VERTEX_POINT ( 'NONE', #525 ) ;
#8312 = AXIS2_PLACEMENT_3D ( 'NONE', #1296, #8187, #978 ) ;
#8313 = ORIENTED_EDGE ( 'NONE', *, *, #9022, .F. ) ;
#8314 = ORIENTED_EDGE ( 'NONE', *, *, #6527, .F. ) ;
#8315 = ORIENTED_EDGE ( 'NONE', *, *, #7888, .F. ) ;
#8316 = ORIENTED_EDGE ( 'NONE', *, *, #660, .F. ) ;
#8317 = CARTESIAN_POINT ( 'NONE',  ( 0.8112354671327967059, 1.239116793792133686, 0.9000000000000000222 ) ) ;
#8318 = CARTESIAN_POINT ( 'NONE',  ( 0.000000000000000000, 0.000000000000000000, 0.9100000000000000311 ) ) ;
#8319 = CARTESIAN_POINT ( 'NONE',  ( 0.7500000000000000000, 0.4500000000000002887, -0.02000000000000000042 ) ) ;
#8320 = CARTESIAN_POINT ( 'NONE',  ( 1.099333568362444780, 1.225995525614980153, 0.9000000000000000222 ) ) ;
#8321 = CARTESIAN_POINT ( 'NONE',  ( 1.238640196447892361, 1.322342592128198602, 0.9100000000000000311 ) ) ;
#8322 =( GEOMETRIC_REPRESENTATION_CONTEXT ( 3 ) GLOBAL_UNCERTAINTY_ASSIGNED_CONTEXT ( ( #203 ) ) GLOBAL_UNIT_ASSIGNED_CONTEXT ( ( #9060, #1894, #3159 ) ) REPRESENTATION_CONTEXT ( 'NONE', 'WORKASPACE' ) );
#8323 = ORIENTED_EDGE ( 'NONE', *, *, #844, .F. ) ;
#8324 = ORIENTED_EDGE ( 'NONE', *, *, #2862, .T. ) ;
#8325 = VERTEX_POINT ( 'NONE', #3415 ) ;
#8326 = PLANE ( 'NONE',  #8404 ) ;
#8327 = ORIENTED_EDGE ( 'NONE', *, *, #9012, .F. ) ;
#8328 = DIRECTION ( 'NONE',  ( 0.000000000000000000, 0.000000000000000000, -1.000000000000000000 ) ) ;
#8329 = CARTESIAN_POINT ( 'NONE',  ( 1.123962528627540758, 1.218538506282406564, 0.9000000000000000222 ) ) ;
#8330 = CARTESIAN_POINT ( 'NONE',  ( 1.268646529219798813, 1.239097300616976094, 0.9100000000000000311 ) ) ;
#8331 = CARTESIAN_POINT ( 'NONE',  ( 1.084761185961930607, 1.208199690634653711, 0.9100000000000000311 ) ) ;
#8332 = VERTEX_POINT ( 'NONE', #6310 ) ;
#8333 = CARTESIAN_POINT ( 'NONE',  ( 1.070990953051428107, 1.202406388762766287, 0.9100000000000000311 ) ) ;
#8334 =( GEOMETRIC_REPRESENTATION_CONTEXT ( 3 ) GLOBAL_UNCERTAINTY_ASSIGNED_CONTEXT ( ( #4187 ) ) GLOBAL_UNIT_ASSIGNED_CONTEXT ( ( #1731, #2256, #7371 ) ) REPRESENTATION_CONTEXT ( 'NONE', 'WORKASPACE' ) );
#8335 = CARTESIAN_POINT ( 'NONE',  ( 0.8112354671327967059, 1.239116793792133686, 0.9000000000000000222 ) ) ;
#8336 = ADVANCED_FACE ( 'NONE', ( #8540 ), #8494, .F. ) ;
#8337 =( NAMED_UNIT ( * ) PLANE_ANGLE_UNIT ( ) SI_UNIT ( $, .RADIAN. ) );
#8338 = VERTEX_POINT ( 'NONE', #7884 ) ;
#8339 = MECHANICAL_DESIGN_GEOMETRIC_PRESENTATION_REPRESENTATION (  '', ( #323 ), #1832 ) ;
#8340 = CARTESIAN_POINT ( 'NONE',  ( 0.7947088506078845427, 1.206063552861807775, 0.9000000000000000222 ) ) ;
#8341 = EDGE_LOOP ( 'NONE', ( #5478, #6597, #665, #618, #5590, #7902, #8484, #1013, #3598, #4256, #6934, #2227, #6897, #5819 ) ) ;
#8342 = DIRECTION ( 'NONE',  ( 1.000000000000000000, 0.000000000000000000, 0.000000000000000000 ) ) ;
#8343 = CARTESIAN_POINT ( 'NONE',  ( 1.083929327231785367, 1.225995525614980153, 0.9000000000000000222 ) ) ;
#8344 = MECHANICAL_DESIGN_GEOMETRIC_PRESENTATION_REPRESENTATION (  '', ( #8800 ), #4871 ) ;
#8345 = DIRECTION ( 'NONE',  ( -0.000000000000000000, -0.000000000000000000, 1.000000000000000000 ) ) ;
#8346 = CARTESIAN_POINT ( 'NONE',  ( 1.083855054130750561, 1.325907700972251080, 0.9100000000000000311 ) ) ;
#8347 = LINE ( 'NONE', #1854, #285 ) ;
#8348 = LINE ( 'NONE', #4086, #6518 ) ;
#8349 = EDGE_CURVE ( 'NONE', #374, #3699, #5164, .T. ) ;
#8350 = VECTOR ( 'NONE', #8268, 1000.000000000000000 ) ;
#8351 = ORIENTED_EDGE ( 'NONE', *, *, #3321, .F. ) ;
#8352 = VERTEX_POINT ( 'NONE', #1380 ) ;
#8353 = ADVANCED_FACE ( 'NONE', ( #7164 ), #7021, .F. ) ;
#8354 = CARTESIAN_POINT ( 'NONE',  ( 1.152216016217553651, 1.163992340966802930, 0.9000000000000000222 ) ) ;
#8355 = CARTESIAN_POINT ( 'NONE',  ( 0.7719847597815928664, 1.184165815321398973, 0.9100000000000000311 ) ) ;
#8356 = CARTESIAN_POINT ( 'NONE',  ( 0.9062634589572108323, 1.341581746996276969, 0.9100000000000000311 ) ) ;
#8357 = CARTESIAN_POINT ( 'NONE',  ( 1.084152146534487438, 1.182560616197007253, 0.9100000000000000311 ) ) ;
#8358 = ORIENTED_EDGE ( 'NONE', *, *, #7531, .F. ) ;
#8359 =( NAMED_UNIT ( * ) PLANE_ANGLE_UNIT ( ) SI_UNIT ( $, .RADIAN. ) );
#8360 = EDGE_CURVE ( 'NONE', #9038, #7625, #2129, .T. ) ;
#8361 = EDGE_LOOP ( 'NONE', ( #2005, #1871, #2438, #3645 ) ) ;
#8362 = ORIENTED_EDGE ( 'NONE', *, *, #3845, .F. ) ;
#8363 = ORIENTED_EDGE ( 'NONE', *, *, #5316, .F. ) ;
#8364 = ORIENTED_EDGE ( 'NONE', *, *, #370, .T. ) ;
#8365 = EDGE_CURVE ( 'NONE', #5597, #1769, #2929, .T. ) ;
#8366 = PRESENTATION_STYLE_ASSIGNMENT (( #4820 ) ) ;
#8367 = LINE ( 'NONE', #3900, #8517 ) ;
#8368 = CARTESIAN_POINT ( 'NONE',  ( 0.8112354671327967059, 1.239116793792133686, 0.9000000000000000222 ) ) ;
#8369 = CARTESIAN_POINT ( 'NONE',  ( 1.338760336487901048, 1.183541021129224102, 0.9100000000000000311 ) ) ;
#8370 = B_SPLINE_SURFACE_WITH_KNOTS ( 'NONE', 3, 1, ( 
 ( #9000, #6966 ),
 ( #6912, #1790 ),
 ( #3296, #7576 ),
 ( #1739, #3914 ) ),
 .UNSPECIFIED., .F., .F., .F.,
 ( 4, 4 ),
 ( 2, 2 ),
 ( 6.000000000000000000, 7.000000000000000000 ),
 ( 0.000000000000000000, 1.000000000000000000 ),
 .UNSPECIFIED. ) ;
#8371 = CARTESIAN_POINT ( 'NONE',  ( 1.079071866431614124, 1.191651643749541245, 0.9000000000000000222 ) ) ;
#8372 = VERTEX_POINT ( 'NONE', #6405 ) ;
#8373 = VERTEX_POINT ( 'NONE', #2836 ) ;
#8374 = EDGE_CURVE ( 'NONE', #2796, #3879, #1424, .T. ) ;
#8375 = CARTESIAN_POINT ( 'NONE',  ( 1.240393041629584081, 1.323144741618009768, 0.9000000000000000222 ) ) ;
#8376 = EDGE_CURVE ( 'NONE', #4148, #5527, #2079, .T. ) ;
#8377 = CARTESIAN_POINT ( 'NONE',  ( 1.166238777670900006, 1.191206005144136215, 0.9100000000000000311 ) ) ;
#8378 = CARTESIAN_POINT ( 'NONE',  ( 1.089232426637364082, 1.188532173510895351, 0.9000000000000000222 ) ) ;
#8379 = CARTESIAN_POINT ( 'NONE',  ( 1.128433769302971346, 1.308557504597331445, 0.9000000000000000222 ) ) ;
#8380 = PLANE ( 'NONE',  #4975 ) ;
#8381 = DIRECTION ( 'NONE',  ( 0.000000000000000000, 0.000000000000000000, 1.000000000000000000 ) ) ;
#8382 = ORIENTED_EDGE ( 'NONE', *, *, #8196, .T. ) ;
#8383 = LINE ( 'NONE', #1232, #6484 ) ;
#8384 = CARTESIAN_POINT ( 'NONE',  ( 0.7723979383946608657, 1.211847887953021008, 0.9100000000000000311 ) ) ;
#8385 = ORIENTED_EDGE ( 'NONE', *, *, #1996, .T. ) ;
#8386 = DIRECTION ( 'NONE',  ( 0.000000000000000000, 0.000000000000000000, 1.000000000000000000 ) ) ;
#8387 = ORIENTED_EDGE ( 'NONE', *, *, #7337, .F. ) ;
#8388 = CARTESIAN_POINT ( 'NONE',  ( 1.179102878750615702, 1.282353954592944989, 0.9100000000000000311 ) ) ;
#8389 = CARTESIAN_POINT ( 'NONE',  ( 1.130409433787367801, 1.207070739500372580, 0.9100000000000000311 ) ) ;
#8390 = CARTESIAN_POINT ( 'NONE',  ( 0.7500000000000000000, 1.450000000000000400, -0.02000000000000000042 ) ) ;
#8391 = CARTESIAN_POINT ( 'NONE',  ( 1.249454359941787329, 1.298188979709240742, 0.9000000000000000222 ) ) ;
#8392 = LINE ( 'NONE', #5653, #8500 ) ;
#8393 = CARTESIAN_POINT ( 'NONE',  ( 1.149215382940226293, 1.301902634754964483, 0.9000000000000000222 ) ) ;
#8394 = ORIENTED_EDGE ( 'NONE', *, *, #5473, .T. ) ;
#8395 = CARTESIAN_POINT ( 'NONE',  ( 1.250000000000000000, -0.4500000000000002887, 0.000000000000000000 ) ) ;
#8396 = CARTESIAN_POINT ( 'NONE',  ( 1.243854168132468629, 1.333840068150569991, 0.9100000000000000311 ) ) ;
#8397 = ORIENTED_EDGE ( 'NONE', *, *, #3798, .T. ) ;
#8398 = EDGE_CURVE ( 'NONE', #9237, #4061, #6583, .T. ) ;
#8399 = ORIENTED_EDGE ( 'NONE', *, *, #3082, .F. ) ;
#8400 = ORIENTED_EDGE ( 'NONE', *, *, #8245, .F. ) ;
#8401 = CARTESIAN_POINT ( 'NONE',  ( 0.9079161261260743077, 1.183339481736770615, 0.9100000000000000311 ) ) ;
#8402 = CARTESIAN_POINT ( 'NONE',  ( 0.9595617623785821504, 1.240769437319490187, 0.9100000000000000311 ) ) ;
#8403 = ADVANCED_FACE ( 'NONE', ( #3592 ), #6503, .F. ) ;
#8404 = AXIS2_PLACEMENT_3D ( 'NONE', #2104, #5142, #5093 ) ;
#8405 = CARTESIAN_POINT ( 'NONE',  ( 1.250000000000000000, -1.450000000000000400, -0.02000000000000000042 ) ) ;
#8406 = B_SPLINE_CURVE_WITH_KNOTS ( 'NONE', 3,
 ( #2970, #3923, #242, #992 ),
 .UNSPECIFIED., .F., .F.,
 ( 4, 4 ),
 ( 5.000000000000000000, 6.000000000000000000 ),
 .UNSPECIFIED. ) ;
#8407 = FACE_OUTER_BOUND ( 'NONE', #7118, .T. ) ;
#8408 = EDGE_LOOP ( 'NONE', ( #7765, #5422, #1808, #7489 ) ) ;
#8409 = EDGE_CURVE ( 'NONE', #1878, #8121, #4531, .T. ) ;
#8410 = ORIENTED_EDGE ( 'NONE', *, *, #7689, .T. ) ;
#8411 = EDGE_LOOP ( 'NONE', ( #7297, #4373, #7408, #6223 ) ) ;
#8412 = VERTEX_POINT ( 'NONE', #195 ) ;
#8413 = ORIENTED_EDGE ( 'NONE', *, *, #1698, .F. ) ;
#8414 = CARTESIAN_POINT ( 'NONE',  ( 0.8199119224860166311, 1.180860465222669520, 0.9100000000000000311 ) ) ;
#8415 = EDGE_CURVE ( 'NONE', #8930, #6265, #8999, .T. ) ;
#8416 = DIRECTION ( 'NONE',  ( 1.000000000000000000, 0.000000000000000000, 0.000000000000000000 ) ) ;
#8417 = CARTESIAN_POINT ( 'NONE',  ( 1.210475836579079312, 1.305527162080083237, 0.9100000000000000311 ) ) ;
#8418 = LINE ( 'NONE', #1919, #3025 ) ;
#8419 = VECTOR ( 'NONE', #6813, 1000.000000000000000 ) ;
#8420 = FILL_AREA_STYLE_COLOUR ( '', #8895 ) ;
#8421 = ADVANCED_FACE ( 'NONE', ( #3725 ), #6679, .F. ) ;
#8422 = VERTEX_POINT ( 'NONE', #3777 ) ;
#8423 = DIRECTION ( 'NONE',  ( 1.000000000000000000, -0.000000000000000000, 0.000000000000000000 ) ) ;
#8424 = CARTESIAN_POINT ( 'NONE',  ( 1.192249217613508439, 1.284374182938038844, 0.9000000000000000222 ) ) ;
#8425 = LINE ( 'NONE', #4007, #3246 ) ;
#8426 = LINE ( 'NONE', #7016, #7876 ) ;
#8427 = EDGE_LOOP ( 'NONE', ( #217, #1052, #3771, #9017 ) ) ;
#8428 = CARTESIAN_POINT ( 'NONE',  ( 1.179147442611117924, 1.275728793990915433, 0.9100000000000000311 ) ) ;
#8429 = EDGE_CURVE ( 'NONE', #144, #8001, #850, .T. ) ;
#8430 = DIRECTION ( 'NONE',  ( -0.000000000000000000, -0.000000000000000000, -1.000000000000000000 ) ) ;
#8431 = EDGE_CURVE ( 'NONE', #542, #8986, #6062, .T. ) ;
#8432 = ORIENTED_EDGE ( 'NONE', *, *, #834, .T. ) ;
#8433 = ORIENTED_EDGE ( 'NONE', *, *, #952, .T. ) ;
#8434 = CARTESIAN_POINT ( 'NONE',  ( 1.500000000000000000, -1.500000000000000222, 0.000000000000000000 ) ) ;
#8435 = VERTEX_POINT ( 'NONE', #7521 ) ;
#8436 = CARTESIAN_POINT ( 'NONE',  ( 1.131642367262621240, 1.199108663081720483, 0.9000000000000000222 ) ) ;
#8437 = VECTOR ( 'NONE', #6099, 1000.000000000000000 ) ;
#8438 = CARTESIAN_POINT ( 'NONE',  ( 0.9298138636666800627, 1.208542553615299164, 0.9100000000000000311 ) ) ;
#8439 = B_SPLINE_CURVE_WITH_KNOTS ( 'NONE', 3,
 ( #484, #6982, #4696, #9202 ),
 .UNSPECIFIED., .F., .F.,
 ( 4, 4 ),
 ( 6.000000000000000000, 7.000000000000000000 ),
 .UNSPECIFIED. ) ;
#8440 = CARTESIAN_POINT ( 'NONE',  ( 1.188550417187556274, 1.333840068150567770, 0.9000000000000000222 ) ) ;
#8441 = CARTESIAN_POINT ( 'NONE',  ( 1.240675279413155918, 1.322342592128198602, 0.9100000000000000311 ) ) ;
#8442 = CARTESIAN_POINT ( 'NONE',  ( 1.312363676420944314, 1.234224985196638702, 0.9100000000000000311 ) ) ;
#8443 = CARTESIAN_POINT ( 'NONE',  ( 1.322227144223355744, 1.206001206847159946, 0.9100000000000000311 ) ) ;
#8444 = EDGE_LOOP ( 'NONE', ( #518, #6796, #3228, #6306 ) ) ;
#8445 = EDGE_CURVE ( 'NONE', #3584, #5725, #7264, .T. ) ;
#8446 = VERTEX_POINT ( 'NONE', #7386 ) ;
#8447 = B_SPLINE_CURVE_WITH_KNOTS ( 'NONE', 3,
 ( #4926, #1366, #512, #7920 ),
 .UNSPECIFIED., .F., .F.,
 ( 4, 4 ),
 ( 1.000000000000000000, 2.000000000000000000 ),
 .UNSPECIFIED. ) ;
#8448 = VECTOR ( 'NONE', #9182, 1000.000000000000000 ) ;
#8449 = VECTOR ( 'NONE', #3199, 1000.000000000000000 ) ;
#8450 =( LENGTH_UNIT ( ) NAMED_UNIT ( * ) SI_UNIT ( .MILLI., .METRE. ) );
#8451 = ORIENTED_EDGE ( 'NONE', *, *, #4313, .F. ) ;
#8452 = B_SPLINE_CURVE_WITH_KNOTS ( 'NONE', 3,
 ( #9280, #8664, #7141, #2244 ),
 .UNSPECIFIED., .F., .F.,
 ( 4, 4 ),
 ( 5.000000000000000000, 6.000000000000000000 ),
 .UNSPECIFIED. ) ;
#8453 = ORIENTED_EDGE ( 'NONE', *, *, #822, .T. ) ;
#8454 = EDGE_LOOP ( 'NONE', ( #4267, #4317, #2496, #6895 ) ) ;
#8455 = ADVANCED_FACE ( 'NONE', ( #2407 ), #6628, .F. ) ;
#8456 = LINE ( 'NONE', #1337, #4621 ) ;
#8457 = CARTESIAN_POINT ( 'NONE',  ( 1.210475836579079312, 1.305527162080083237, 0.9000000000000000222 ) ) ;
#8458 = CARTESIAN_POINT ( 'NONE',  ( 1.202588033261658085, 1.305319197397347697, 0.9100000000000000311 ) ) ;
#8459 = VECTOR ( 'NONE', #3918, 1000.000000000000000 ) ;
#8460 = DIRECTION ( 'NONE',  ( -1.000000000000000000, 0.000000000000000000, 0.000000000000000000 ) ) ;
#8461 = AXIS2_PLACEMENT_3D ( 'NONE', #7353, #3739, #5129 ) ;
#8462 = ORIENTED_EDGE ( 'NONE', *, *, #7275, .T. ) ;
#8463 = EDGE_CURVE ( 'NONE', #4558, #6981, #2944, .T. ) ;
#8464 = VECTOR ( 'NONE', #2042, 1000.000000000000000 ) ;
#8465 = ORIENTED_EDGE ( 'NONE', *, *, #6074, .F. ) ;
#8466 = AXIS2_PLACEMENT_3D ( 'NONE', #4084, #5369, #9067 ) ;
#8467 = ORIENTED_EDGE ( 'NONE', *, *, #3729, .F. ) ;
#8468 = VECTOR ( 'NONE', #7918, 1000.000000000000000 ) ;
#8469 = DIRECTION ( 'NONE',  ( 1.000000000000000000, -0.000000000000000000, -0.000000000000000000 ) ) ;
#8470 = LINE ( 'NONE', #4050, #9120 ) ;
#8471 = CARTESIAN_POINT ( 'NONE',  ( 0.7286024130753491201, 1.283738618218577487, 0.9000000000000000222 ) ) ;
#8472 = CARTESIAN_POINT ( 'NONE',  ( 1.109301018506022807, 1.324600494396363182, 0.9000000000000000222 ) ) ;
#8473 = VECTOR ( 'NONE', #8239, 1000.000000000000000 ) ;
#8474 = DIRECTION ( 'NONE',  ( -0.000000000000000000, -0.000000000000000000, -1.000000000000000000 ) ) ;
#8475 = UNCERTAINTY_MEASURE_WITH_UNIT (LENGTH_MEASURE( 1.000000000000000082E-05 ), #8065, 'distance_accuracy_value', 'NONE');
#8476 = ADVANCED_FACE ( 'NONE', ( #5255 ), #669, .F. ) ;
#8477 = ORIENTED_EDGE ( 'NONE', *, *, #1500, .F. ) ;
#8478 = VECTOR ( 'NONE', #8907, 1000.000000000000000 ) ;
#8479 = EDGE_CURVE ( 'NONE', #6736, #8085, #7237, .T. ) ;
#8480 = DIRECTION ( 'NONE',  ( 0.000000000000000000, 0.000000000000000000, -1.000000000000000000 ) ) ;
#8481 = DIRECTION ( 'NONE',  ( -0.8863488427958780003, -0.4630180653866627360, 0.000000000000000000 ) ) ;
#8482 = CARTESIAN_POINT ( 'NONE',  ( 0.8112354592522946772, 1.156070583778161076, 0.9000000000000000222 ) ) ;
#8483 = CARTESIAN_POINT ( 'NONE',  ( 1.070990953051428107, 1.194652277026851506, 0.9000000000000000222 ) ) ;
#8484 = ORIENTED_EDGE ( 'NONE', *, *, #1586, .F. ) ;
#8485 = PLANE ( 'NONE',  #4643 ) ;
#8486 = DIRECTION ( 'NONE',  ( -1.000000000000000000, -0.000000000000000000, -0.000000000000000000 ) ) ;
#8487 = VERTEX_POINT ( 'NONE', #8194 ) ;
#8488 = ORIENTED_EDGE ( 'NONE', *, *, #3973, .T. ) ;
#8489 = COLOUR_RGB ( '',0.8274509803921568096, 0.6666666666666666297, 0.1294117647058823373 ) ;
#8490 = CARTESIAN_POINT ( 'NONE',  ( 0.8108222924599810533, 1.180860465222669520, 0.9100000000000000311 ) ) ;
#8491 = CARTESIAN_POINT ( 'NONE',  ( 1.080483055349066523, 1.190403855653926257, 0.9000000000000000222 ) ) ;
#8492 = EDGE_CURVE ( 'NONE', #2657, #8372, #1034, .T. ) ;
#8493 = FACE_OUTER_BOUND ( 'NONE', #6028, .T. ) ;
#8494 = PLANE ( 'NONE',  #3341 ) ;
#8495 = CARTESIAN_POINT ( 'NONE',  ( -0.7500000000000000000, 1.450000000000000400, -0.02000000000000000042 ) ) ;
#8496 = EDGE_LOOP ( 'NONE', ( #3244, #5980, #9158, #4602 ) ) ;
#8497 = VECTOR ( 'NONE', #3346, 1000.000000000000000 ) ;
#8498 = STYLED_ITEM ( 'NONE', ( #8366 ), #516 ) ;
#8499 = ORIENTED_EDGE ( 'NONE', *, *, #7214, .F. ) ;
#8500 = VECTOR ( 'NONE', #5510, 1000.000000000000000 ) ;
#8501 = CARTESIAN_POINT ( 'NONE',  ( 0.7967746845690611979, 1.291175612597763145, 0.9000000000000000222 ) ) ;
#8502 = ORIENTED_EDGE ( 'NONE', *, *, #9121, .F. ) ;
#8503 = ORIENTED_EDGE ( 'NONE', *, *, #8231, .T. ) ;
#8504 = CARTESIAN_POINT ( 'NONE',  ( 1.118911957764999965, 1.222697799933933682, 0.9000000000000000222 ) ) ;
#8505 = CARTESIAN_POINT ( 'NONE',  ( 1.094297852120070136, 1.281432968141398954, 0.9100000000000000311 ) ) ;
#8506 = EDGE_CURVE ( 'NONE', #5459, #115, #7479, .T. ) ;
#8507 = CARTESIAN_POINT ( 'NONE',  ( 0.2500000000000000000, 0.4500000000000002887, 0.000000000000000000 ) ) ;
#8508 = CARTESIAN_POINT ( 'NONE',  ( 1.062702074988706613, 1.234967716206176513, 0.9100000000000000311 ) ) ;
#8509 = DIRECTION ( 'NONE',  ( -0.000000000000000000, -0.000000000000000000, -1.000000000000000000 ) ) ;
#8510 = VERTEX_POINT ( 'NONE', #6761 ) ;
#8511 = LINE ( 'NONE', #2006, #4826 ) ;
#8512 = ORIENTED_EDGE ( 'NONE', *, *, #1596, .F. ) ;
#8513 = ORIENTED_EDGE ( 'NONE', *, *, #8849, .F. ) ;
#8514 = ORIENTED_EDGE ( 'NONE', *, *, #8849, .T. ) ;
#8515 = ORIENTED_EDGE ( 'NONE', *, *, #4378, .T. ) ;
#8516 = CARTESIAN_POINT ( 'NONE',  ( 0.8269357343120766757, 1.196973914955268059, 0.9100000000000000311 ) ) ;
#8517 = VECTOR ( 'NONE', #8416, 1000.000000000000000 ) ;
#8518 = DIRECTION ( 'NONE',  ( 0.000000000000000000, 0.000000000000000000, 1.000000000000000000 ) ) ;
#8519 = CARTESIAN_POINT ( 'NONE',  ( 0.8112354592522946772, 1.156070583778161076, 0.9100000000000000311 ) ) ;
#8520 = CARTESIAN_POINT ( 'NONE',  ( 0.9087424439495014328, 1.208955712526911475, 0.9000000000000000222 ) ) ;
#8521 = EDGE_CURVE ( 'NONE', #8422, #4563, #277, .T. ) ;
#8522 = DIRECTION ( 'NONE',  ( -0.000000000000000000, -0.000000000000000000, -1.000000000000000000 ) ) ;
#8523 = ADVANCED_FACE ( 'NONE', ( #6145 ), #2248, .F. ) ;
#8524 = ORIENTED_EDGE ( 'NONE', *, *, #7052, .F. ) ;
#8525 = B_SPLINE_CURVE_WITH_KNOTS ( 'NONE', 3,
 ( #3533, #2160, #8526, #661 ),
 .UNSPECIFIED., .F., .F.,
 ( 4, 4 ),
 ( 0.000000000000000000, 1.000000000000000000 ),
 .UNSPECIFIED. ) ;
#8526 = CARTESIAN_POINT ( 'NONE',  ( 0.9318797055081605718, 1.318857657647627413, 0.9100000000000000311 ) ) ;
#8527 = LINE ( 'NONE', #2869, #728 ) ;
#8528 = DIRECTION ( 'NONE',  ( 0.000000000000000000, -1.000000000000000000, 0.000000000000000000 ) ) ;
#8529 = EDGE_CURVE ( 'NONE', #7680, #8338, #8425, .T. ) ;
#8530 = DIRECTION ( 'NONE',  ( -0.000000000000000000, -1.000000000000000000, -0.000000000000000000 ) ) ;
#8531 = ORIENTED_EDGE ( 'NONE', *, *, #3114, .T. ) ;
#8532 = CARTESIAN_POINT ( 'NONE',  ( 1.068272557557687463, 1.287969001022424509, 0.9000000000000000222 ) ) ;
#8533 = VERTEX_POINT ( 'NONE', #1838 ) ;
#8534 =( NAMED_UNIT ( * ) PLANE_ANGLE_UNIT ( ) SI_UNIT ( $, .RADIAN. ) );
#8535 = B_SPLINE_SURFACE_WITH_KNOTS ( 'NONE', 3, 1, ( 
 ( #715, #7928 ),
 ( #2127, #5786 ),
 ( #2927, #6581 ),
 ( #3588, #8686 ) ),
 .UNSPECIFIED., .F., .F., .F.,
 ( 4, 4 ),
 ( 2, 2 ),
 ( 1.000000000000000000, 2.000000000000000000 ),
 ( 0.000000000000000000, 1.000000000000000000 ),
 .UNSPECIFIED. ) ;
#8536 = CARTESIAN_POINT ( 'NONE',  ( 1.096867701411943452, 1.189958217048518119, 0.9000000000000000222 ) ) ;
#8537 = CARTESIAN_POINT ( 'NONE',  ( 1.330471458425576348, 1.183541021129224102, 0.9100000000000000311 ) ) ;
#8538 = CARTESIAN_POINT ( 'NONE',  ( 0.9847648500177176301, 1.265972509197622609, 0.9000000000000000222 ) ) ;
#8539 = CARTESIAN_POINT ( 'NONE',  ( 1.152186306977023067, 1.275728793990911436, 0.9100000000000000311 ) ) ;
#8540 = FACE_OUTER_BOUND ( 'NONE', #5867, .T. ) ;
#8541 = EDGE_CURVE ( 'NONE', #7080, #785, #6864, .T. ) ;
#8542 = DIRECTION ( 'NONE',  ( -0.000000000000000000, 1.000000000000000000, -0.000000000000000000 ) ) ;
#8543 = DIRECTION ( 'NONE',  ( 1.000000000000000000, 8.064921454839610065E-14, -0.000000000000000000 ) ) ;
#8544 = FACE_OUTER_BOUND ( 'NONE', #2158, .T. ) ;
#8545 = ORIENTED_EDGE ( 'NONE', *, *, #4655, .F. ) ;
#8546 = EDGE_CURVE ( 'NONE', #6262, #1954, #9043, .T. ) ;
#8547 = CARTESIAN_POINT ( 'NONE',  ( 1.265987552206726985, 1.275728793990915433, 0.9000000000000000222 ) ) ;
#8548 = ORIENTED_EDGE ( 'NONE', *, *, #5003, .T. ) ;
#8549 = DIRECTION ( 'NONE',  ( -0.000000000000000000, -0.000000000000000000, -1.000000000000000000 ) ) ;
#8550 = ORIENTED_EDGE ( 'NONE', *, *, #1167, .T. ) ;
#8551 = B_SPLINE_CURVE_WITH_KNOTS ( 'NONE', 3,
 ( #6152, #2646, #1085, #1986 ),
 .UNSPECIFIED., .F., .F.,
 ( 4, 4 ),
 ( 5.000000000000000000, 6.000000000000000000 ),
 .UNSPECIFIED. ) ;
#8552 = ORIENTED_EDGE ( 'NONE', *, *, #4208, .F. ) ;
#8553 = CARTESIAN_POINT ( 'NONE',  ( 0.8959343285546285118, 1.189536959978600761, 0.9100000000000000311 ) ) ;
#8554 = CARTESIAN_POINT ( 'NONE',  ( 0.7476080254281427528, 1.249859090987030186, 0.9100000000000000311 ) ) ;
#8555 = B_SPLINE_CURVE_WITH_KNOTS ( 'NONE', 3,
 ( #6410, #8730, #3644, #3548 ),
 .UNSPECIFIED., .F., .F.,
 ( 4, 4 ),
 ( 9.000000000000000000, 10.00000000000000000 ),
 .UNSPECIFIED. ) ;
#8556 = CARTESIAN_POINT ( 'NONE',  ( 0.8161934449976795403, 1.333318442181288033, 0.9100000000000000311 ) ) ;
#8557 = CARTESIAN_POINT ( 'NONE',  ( 1.312868733507022601, 1.232293884572940756, 0.9000000000000000222 ) ) ;
#8558 = CARTESIAN_POINT ( 'NONE',  ( 1.074556061895679759, 1.185828632637324187, 0.9100000000000000311 ) ) ;
#8559 = VERTEX_POINT ( 'NONE', #2737 ) ;
#8560 = EDGE_CURVE ( 'NONE', #2661, #8168, #1884, .T. ) ;
#8561 = ADVANCED_FACE ( 'NONE', ( #5641 ), #1172, .F. ) ;
#8562 = ORIENTED_EDGE ( 'NONE', *, *, #6441, .F. ) ;
#8563 = ORIENTED_EDGE ( 'NONE', *, *, #4857, .T. ) ;
#8564 = UNCERTAINTY_MEASURE_WITH_UNIT (LENGTH_MEASURE( 1.000000000000000082E-05 ), #5765, 'distance_accuracy_value', 'NONE');
#8565 = CARTESIAN_POINT ( 'NONE',  ( 1.313165825911154938, 1.230956968756321768, 0.9100000000000000311 ) ) ;
#8566 = PRESENTATION_STYLE_ASSIGNMENT (( #5675 ) ) ;
#8567 = CARTESIAN_POINT ( 'NONE',  ( 1.227573504410765182, 1.291623237587878226, 0.9100000000000000311 ) ) ;
#8568 = VERTEX_POINT ( 'NONE', #4784 ) ;
#8569 = CARTESIAN_POINT ( 'NONE',  ( 1.132890155358039497, 1.198068839668837482, 0.9000000000000000222 ) ) ;
#8570 = ADVANCED_FACE ( 'NONE', ( #7622 ), #3960, .F. ) ;
#8571 = VECTOR ( 'NONE', #9045, 1000.000000000000000 ) ;
#8572 = EDGE_CURVE ( 'NONE', #559, #9029, #3442, .T. ) ;
#8573 = DIRECTION ( 'NONE',  ( 1.000000000000000000, 0.000000000000000000, 0.000000000000000000 ) ) ;
#8574 = CARTESIAN_POINT ( 'NONE',  ( 1.243854168132468629, 1.333840068150569991, 0.9100000000000000311 ) ) ;
#8575 = DIRECTION ( 'NONE',  ( -0.9303007377811901568, 0.3667976789509080904, 0.000000000000000000 ) ) ;
#8576 = CARTESIAN_POINT ( 'NONE',  ( 1.093213464846687577, 1.274748389058698805, 0.9100000000000000311 ) ) ;
#8577 = B_SPLINE_CURVE_WITH_KNOTS ( 'NONE', 3,
 ( #6432, #2014, #3431, #9282 ),
 .UNSPECIFIED., .F., .F.,
 ( 4, 4 ),
 ( 1.000000000000000000, 2.000000000000000000 ),
 .UNSPECIFIED. ) ;
#8578 = VERTEX_POINT ( 'NONE', #1928 ) ;
#8579 = DIRECTION ( 'NONE',  ( 0.000000000000000000, -1.000000000000000000, 0.000000000000000000 ) ) ;
#8580 = CARTESIAN_POINT ( 'NONE',  ( 1.159108559982791276, 1.176084001796648515, 0.9100000000000000311 ) ) ;
#8581 = EDGE_CURVE ( 'NONE', #3407, #153, #6200, .T. ) ;
#8582 = ORIENTED_EDGE ( 'NONE', *, *, #7563, .T. ) ;
#8583 = CARTESIAN_POINT ( 'NONE',  ( 1.084152146534487438, 1.182560616197007253, 0.9100000000000000311 ) ) ;
#8584 = ORIENTED_EDGE ( 'NONE', *, *, #6519, .T. ) ;
#8585 = CARTESIAN_POINT ( 'NONE',  ( 1.125269735203826116, 1.201782494714958016, 0.9100000000000000311 ) ) ;
#8586 = DIRECTION ( 'NONE',  ( 1.000000000000000000, 0.000000000000000000, 0.000000000000000000 ) ) ;
#8587 = CARTESIAN_POINT ( 'NONE',  ( 1.123338634579733597, 1.210635848344820964, 0.9100000000000000311 ) ) ;
#8588 = CARTESIAN_POINT ( 'NONE',  ( 1.064024136185159231, 1.190166181731253214, 0.9000000000000000222 ) ) ;
#8589 = B_SPLINE_CURVE_WITH_KNOTS ( 'NONE', 3,
 ( #4260, #19, #630, #5695 ),
 .UNSPECIFIED., .F., .F.,
 ( 4, 4 ),
 ( 16.00000000000000000, 17.00000000000000000 ),
 .UNSPECIFIED. ) ;
#8590 = VECTOR ( 'NONE', #6114, 1000.000000000000000 ) ;
#8591 = DIRECTION ( 'NONE',  ( 0.3283461648125085564, -0.9445574604294419974, 0.000000000000000000 ) ) ;
#8592 = SURFACE_STYLE_USAGE ( .BOTH. , #2704 ) ;
#8593 = LINE ( 'NONE', #2081, #7722 ) ;
#8594 = DIRECTION ( 'NONE',  ( 1.000000000000000000, -0.000000000000000000, -0.000000000000000000 ) ) ;
#8595 = EDGE_CURVE ( 'NONE', #7631, #3975, #1228, .T. ) ;
#8596 = EDGE_LOOP ( 'NONE', ( #6005, #1385, #3264, #8935 ) ) ;
#8597 = CARTESIAN_POINT ( 'NONE',  ( 0.8108223003404817497, 1.284978134355933888, 0.9000000000000000222 ) ) ;
#8598 = ORIENTED_EDGE ( 'NONE', *, *, #9127, .T. ) ;
#8599 = CARTESIAN_POINT ( 'NONE',  ( 0.7538055036697713929, 1.308941694037361936, 0.9000000000000000222 ) ) ;
#8600 = DIRECTION ( 'NONE',  ( 0.000000000000000000, 0.000000000000000000, -1.000000000000000000 ) ) ;
#8601 = CARTESIAN_POINT ( 'NONE',  ( 1.243438238767396786, 1.234967716206178068, 0.9100000000000000311 ) ) ;
#8602 = DIRECTION ( 'NONE',  ( -1.000000000000000000, 0.000000000000000000, 0.000000000000000000 ) ) ;
#8603 = AXIS2_PLACEMENT_3D ( 'NONE', #4684, #6868, #1084 ) ;
#8604 =( GEOMETRIC_REPRESENTATION_CONTEXT ( 3 ) GLOBAL_UNCERTAINTY_ASSIGNED_CONTEXT ( ( #5217 ) ) GLOBAL_UNIT_ASSIGNED_CONTEXT ( ( #4530, #3724, #4431 ) ) REPRESENTATION_CONTEXT ( 'NONE', 'WORKASPACE' ) );
#8605 = LINE ( 'NONE', #2717, #2390 ) ;
#8606 = EDGE_LOOP ( 'NONE', ( #7973, #1444, #7474, #6914, #398, #6122, #2670, #6161 ) ) ;
#8607 = VERTEX_POINT ( 'NONE', #2640 ) ;
#8608 = ORIENTED_EDGE ( 'NONE', *, *, #7539, .F. ) ;
#8609 = CARTESIAN_POINT ( 'NONE',  ( 0.9798068642723328781, 1.212674205776253622, 0.9100000000000000311 ) ) ;
#8610 = AXIS2_PLACEMENT_3D ( 'NONE', #5429, #6180, #8985 ) ;
#8611 = LINE ( 'NONE', #7988, #3932 ) ;
#8612 = VECTOR ( 'NONE', #9013, 1000.000000000000000 ) ;
#8613 = DIRECTION ( 'NONE',  ( -0.000000000000000000, -1.000000000000000000, -0.000000000000000000 ) ) ;
#8614 = ADVANCED_FACE ( 'NONE', ( #511 ), #2538, .T. ) ;
#8615 = FILL_AREA_STYLE_COLOUR ( '', #139 ) ;
#8616 = CARTESIAN_POINT ( 'NONE',  ( 1.064024136185159231, 1.183541021129224102, 0.9100000000000000311 ) ) ;
#8617 = EDGE_CURVE ( 'NONE', #9318, #7425, #6911, .T. ) ;
#8618 = B_SPLINE_SURFACE_WITH_KNOTS ( 'NONE', 3, 1, ( 
 ( #532, #4265 ),
 ( #3418, #8501 ),
 ( #6316, #9302 ),
 ( #1288, #7126 ) ),
 .UNSPECIFIED., .F., .F., .F.,
 ( 4, 4 ),
 ( 2, 2 ),
 ( 19.00000000000000000, 20.00000000000000000 ),
 ( 0.000000000000000000, 1.000000000000000000 ),
 .UNSPECIFIED. ) ;
#8619 = ORIENTED_EDGE ( 'NONE', *, *, #8779, .T. ) ;
#8620 = VECTOR ( 'NONE', #4207, 1000.000000000000000 ) ;
#8621 = ORIENTED_EDGE ( 'NONE', *, *, #460, .T. ) ;
#8622 = ADVANCED_FACE ( 'NONE', ( #2592 ), #9187, .T. ) ;
#8623 = CARTESIAN_POINT ( 'NONE',  ( 1.074184696390907634, 1.326264211856659214, 0.9000000000000000222 ) ) ;
#8624 = VECTOR ( 'NONE', #4735, 1000.000000000000000 ) ;
#8625 = CARTESIAN_POINT ( 'NONE',  ( 1.178315583880970241, 1.225044829923102707, 0.9000000000000000222 ) ) ;
#8626 = CARTESIAN_POINT ( 'NONE',  ( 0.8661864298425271391, 1.324641973037194775, 0.9100000000000000311 ) ) ;
#8627 = CARTESIAN_POINT ( 'NONE',  ( 1.132890155358039497, 1.198068839668837482, 0.9100000000000000311 ) ) ;
#8628 = ORIENTED_EDGE ( 'NONE', *, *, #5781, .F. ) ;
#8629 = CARTESIAN_POINT ( 'NONE',  ( 1.166981508680438040, 1.193790709055976285, 0.9100000000000000311 ) ) ;
#8630 = AXIS2_PLACEMENT_3D ( 'NONE', #7704, #495, #6281 ) ;
#8631 = ORIENTED_EDGE ( 'NONE', *, *, #3954, .F. ) ;
#8632 = CARTESIAN_POINT ( 'NONE',  ( 1.127349382029589453, 1.220083386781760870, 0.9100000000000000311 ) ) ;
#8633 = ORIENTED_EDGE ( 'NONE', *, *, #6745, .F. ) ;
#8634 = FACE_OUTER_BOUND ( 'NONE', #5051, .T. ) ;
#8635 = DIRECTION ( 'NONE',  ( 0.000000000000000000, 1.000000000000000000, 0.000000000000000000 ) ) ;
#8636 = DIRECTION ( 'NONE',  ( 0.000000000000000000, -1.000000000000000000, 0.000000000000000000 ) ) ;
#8637 = CARTESIAN_POINT ( 'NONE',  ( 1.109301018506022807, 1.285324878629917844, 0.9100000000000000311 ) ) ;
#8638 = VERTEX_POINT ( 'NONE', #8482 ) ;
#8639 = DIRECTION ( 'NONE',  ( -0.000000000000000000, -0.000000000000000000, -1.000000000000000000 ) ) ;
#8640 = DIRECTION ( 'NONE',  ( -1.000000000000000000, 0.000000000000000000, 0.000000000000000000 ) ) ;
#8641 = VERTEX_POINT ( 'NONE', #3355 ) ;
#8642 = ADVANCED_FACE ( 'NONE', ( #1981 ), #9150, .F. ) ;
#8643 = EDGE_CURVE ( 'NONE', #7748, #5492, #11, .T. ) ;
#8644 = CARTESIAN_POINT ( 'NONE',  ( 1.080483055349066523, 1.190403855653926257, 0.9100000000000000311 ) ) ;
#8645 = ORIENTED_EDGE ( 'NONE', *, *, #2750, .T. ) ;
#8646 = B_SPLINE_CURVE_WITH_KNOTS ( 'NONE', 3,
 ( #3033, #9021, #5376, #2512 ),
 .UNSPECIFIED., .F., .F.,
 ( 4, 4 ),
 ( 35.00000000000000000, 36.00000000000000000 ),
 .UNSPECIFIED. ) ;
#8647 = DIRECTION ( 'NONE',  ( 0.000000000000000000, -1.000000000000000000, 0.000000000000000000 ) ) ;
#8648 = ORIENTED_EDGE ( 'NONE', *, *, #580, .T. ) ;
#8649 = CARTESIAN_POINT ( 'NONE',  ( 0.7885113802467559330, 1.315965501922772507, 0.9100000000000000311 ) ) ;
#8650 = LINE ( 'NONE', #3692, #3719 ) ;
#8651 = LINE ( 'NONE', #2141, #1035 ) ;
#8652 = AXIS2_PLACEMENT_3D ( 'NONE', #2247, #2947, #5290 ) ;
#8653 = DIRECTION ( 'NONE',  ( 0.000000000000000000, -0.000000000000000000, 1.000000000000000000 ) ) ;
#8654 = VECTOR ( 'NONE', #5598, 1000.000000000000000 ) ;
#8655 = DIRECTION ( 'NONE',  ( 0.000000000000000000, 0.000000000000000000, -1.000000000000000000 ) ) ;
#8656 = VERTEX_POINT ( 'NONE', #8761 ) ;
#8657 = ORIENTED_EDGE ( 'NONE', *, *, #8349, .F. ) ;
#8658 = ADVANCED_FACE ( 'NONE', ( #1365 ), #6392, .F. ) ;
#8659 = B_SPLINE_CURVE_WITH_KNOTS ( 'NONE', 3,
 ( #315, #4056, #462, #4725 ),
 .UNSPECIFIED., .F., .F.,
 ( 4, 4 ),
 ( 23.00000000000000000, 24.00000000000000000 ),
 .UNSPECIFIED. ) ;
#8660 = ORIENTED_EDGE ( 'NONE', *, *, #6881, .T. ) ;
#8661 = PLANE ( 'NONE',  #7341 ) ;
#8662 = B_SPLINE_CURVE_WITH_KNOTS ( 'NONE', 3,
 ( #2928, #148, #8726, #849 ),
 .UNSPECIFIED., .F., .F.,
 ( 4, 4 ),
 ( 4.000000000000000000, 5.000000000000000000 ),
 .UNSPECIFIED. ) ;
#8663 = VECTOR ( 'NONE', #8717, 1000.000000000000000 ) ;
#8664 = CARTESIAN_POINT ( 'NONE',  ( 1.114247607027199383, 1.211289451632566738, 0.9000000000000000222 ) ) ;
#8665 = CARTESIAN_POINT ( 'NONE',  ( 1.148814308195339473, 1.164200305649541578, 0.9000000000000000222 ) ) ;
#8666 = DIRECTION ( 'NONE',  ( -0.000000000000000000, 1.000000000000000000, -0.000000000000000000 ) ) ;
#8667 = FACE_OUTER_BOUND ( 'NONE', #5722, .T. ) ;
#8668 = VERTEX_POINT ( 'NONE', #6573 ) ;
#8669 = UNCERTAINTY_MEASURE_WITH_UNIT (LENGTH_MEASURE( 1.000000000000000082E-05 ), #6268, 'distance_accuracy_value', 'NONE');
#8670 = ADVANCED_FACE ( 'NONE', ( #8003 ), #3627, .F. ) ;
#8671 = VERTEX_POINT ( 'NONE', #8625 ) ;
#8672 = ADVANCED_FACE ( 'NONE', ( #9289 ), #2067, .F. ) ;
#8673 = CARTESIAN_POINT ( 'NONE',  ( -0.2500000000000000000, -0.4500000000000002887, -0.02000000000000000042 ) ) ;
#8674 = DIRECTION ( 'NONE',  ( 0.000000000000000000, 1.000000000000000000, 0.000000000000000000 ) ) ;
#8675 = CARTESIAN_POINT ( 'NONE',  ( 1.117679024289748302, 1.205466440520745808, 0.9100000000000000311 ) ) ;
#8676 = FACE_OUTER_BOUND ( 'NONE', #4945, .T. ) ;
#8677 = CARTESIAN_POINT ( 'NONE',  ( 1.065791835987018654, 1.294980381749195830, 0.9000000000000000222 ) ) ;
#8678 = VERTEX_POINT ( 'NONE', #4202 ) ;
#8679 = CARTESIAN_POINT ( 'NONE',  ( 1.078225153081099341, 1.277392511451602930, 0.9000000000000000222 ) ) ;
#8680 = EDGE_CURVE ( 'NONE', #4877, #1954, #2116, .T. ) ;
#8681 = ADVANCED_FACE ( 'NONE', ( #1412 ), #5859, .F. ) ;
#8682 = ORIENTED_EDGE ( 'NONE', *, *, #8266, .T. ) ;
#8683 = PRESENTATION_STYLE_ASSIGNMENT (( #4211 ) ) ;
#8684 = ORIENTED_EDGE ( 'NONE', *, *, #4057, .F. ) ;
#8685 = CARTESIAN_POINT ( 'NONE',  ( 1.500000000000000000, -1.500000000000000222, 0.9000000000000000222 ) ) ;
#8686 = CARTESIAN_POINT ( 'NONE',  ( 1.089336408978731408, 1.225995525614980153, 0.9000000000000000222 ) ) ;
#8687 = LINE ( 'NONE', #7163, #7257 ) ;
#8688 = DIRECTION ( 'NONE',  ( 0.000000000000000000, 0.000000000000000000, 1.000000000000000000 ) ) ;
#8689 = CARTESIAN_POINT ( 'NONE',  ( 0.9322928644199732773, 1.183339481736770615, 0.9000000000000000222 ) ) ;
#8690 = CARTESIAN_POINT ( 'NONE',  ( 1.116312399232795238, 1.207278704183104567, 0.9100000000000000311 ) ) ;
#8691 = CARTESIAN_POINT ( 'NONE',  ( 0.8657732709307145447, 1.349431886003709113, 0.9100000000000000311 ) ) ;
#8692 = ORIENTED_EDGE ( 'NONE', *, *, #3697, .F. ) ;
#8693 = DIRECTION ( 'NONE',  ( 0.000000000000000000, -0.000000000000000000, 1.000000000000000000 ) ) ;
#8694 = VERTEX_POINT ( 'NONE', #9333 ) ;
#8695 = DIRECTION ( 'NONE',  ( -0.000000000000000000, -0.000000000000000000, -1.000000000000000000 ) ) ;
#8696 = ORIENTED_EDGE ( 'NONE', *, *, #6264, .F. ) ;
#8697 = ORIENTED_EDGE ( 'NONE', *, *, #7888, .T. ) ;
#8698 = B_SPLINE_SURFACE_WITH_KNOTS ( 'NONE', 3, 1, ( 
 ( #5928, #3734 ),
 ( #5319, #8863 ),
 ( #3104, #1607 ),
 ( #1707, #107 ) ),
 .UNSPECIFIED., .F., .F., .F.,
 ( 4, 4 ),
 ( 2, 2 ),
 ( 5.000000000000000000, 6.000000000000000000 ),
 ( 0.000000000000000000, 1.000000000000000000 ),
 .UNSPECIFIED. ) ;
#8699 = CARTESIAN_POINT ( 'NONE',  ( 1.239590892139771805, 1.326412758058725494, 0.9000000000000000222 ) ) ;
#8700 = FACE_OUTER_BOUND ( 'NONE', #259, .T. ) ;
#8701 = EDGE_CURVE ( 'NONE', #7651, #6948, #2919, .T. ) ;
#8702 = CARTESIAN_POINT ( 'NONE',  ( 1.170665454486224943, 1.282353954592944989, 0.9100000000000000311 ) ) ;
#8703 = EDGE_LOOP ( 'NONE', ( #7147, #7813, #786, #88 ) ) ;
#8704 = EDGE_LOOP ( 'NONE', ( #3664, #545, #7457, #2905 ) ) ;
#8705 = VERTEX_POINT ( 'NONE', #7109 ) ;
#8706 = EDGE_CURVE ( 'NONE', #4659, #9285, #5728, .T. ) ;
#8707 = CARTESIAN_POINT ( 'NONE',  ( 0.9698908927811655811, 1.201931916461858485, 0.9100000000000000311 ) ) ;
#8708 = CARTESIAN_POINT ( 'NONE',  ( -1.195490597087386142, -1.198655526412927497, 0.9000000000000000222 ) ) ;
#8709 = DIRECTION ( 'NONE',  ( -0.000000000000000000, 1.000000000000000000, -0.000000000000000000 ) ) ;
#8710 = CARTESIAN_POINT ( 'NONE',  ( 1.032770015318033252, 1.241652295288878660, 0.9100000000000000311 ) ) ;
#8711 = LINE ( 'NONE', #2386, #3934 ) ;
#8712 = B_SPLINE_CURVE_WITH_KNOTS ( 'NONE', 3,
 ( #8195, #1703, #6584, #3861 ),
 .UNSPECIFIED., .F., .F.,
 ( 4, 4 ),
 ( 3.000000000000000000, 4.000000000000000000 ),
 .UNSPECIFIED. ) ;
#8713 = ORIENTED_EDGE ( 'NONE', *, *, #3082, .T. ) ;
#8714 =( LENGTH_UNIT ( ) NAMED_UNIT ( * ) SI_UNIT ( .MILLI., .METRE. ) );
#8715 = AXIS2_PLACEMENT_3D ( 'NONE', #4606, #6086, #8981 ) ;
#8716 = ADVANCED_FACE ( 'NONE', ( #2162 ), #8719, .F. ) ;
#8717 = DIRECTION ( 'NONE',  ( 1.000000000000000000, -0.000000000000000000, -0.000000000000000000 ) ) ;
#8718 = CARTESIAN_POINT ( 'NONE',  ( 0.7500000000000000000, -0.4500000000000002887, -0.02000000000000000042 ) ) ;
#8719 = PLANE ( 'NONE',  #4129 ) ;
#8720 = CARTESIAN_POINT ( 'NONE',  ( 0.9595617623785821504, 1.240769437319490187, 0.9100000000000000311 ) ) ;
#8721 = CARTESIAN_POINT ( 'NONE',  ( 0.7409973803943973314, 1.296133570761587306, 0.9100000000000000311 ) ) ;
#8722 = DIRECTION ( 'NONE',  ( 0.2524218971877646434, -0.9676172723862103142, 0.000000000000000000 ) ) ;
#8723 = CARTESIAN_POINT ( 'NONE',  ( 1.129696412018558638, 1.220083386781760870, 0.9000000000000000222 ) ) ;
#8724 = DIRECTION ( 'NONE',  ( -0.000000000000000000, -0.000000000000000000, -1.000000000000000000 ) ) ;
#8725 = CARTESIAN_POINT ( 'NONE',  ( 1.075699867649731134, 1.317262312025127446, 0.9100000000000000311 ) ) ;
#8726 = CARTESIAN_POINT ( 'NONE',  ( 1.079784888200421955, 1.331968386007539973, 0.9100000000000000311 ) ) ;
#8727 = CARTESIAN_POINT ( 'NONE',  ( 1.196215401202468831, 1.321688988840056922, 0.9000000000000000222 ) ) ;
#8728 = ADVANCED_FACE ( 'NONE', ( #2870 ), #1179, .F. ) ;
#8729 = DIRECTION ( 'NONE',  ( -1.000000000000000000, 0.000000000000000000, -0.000000000000000000 ) ) ;
#8730 = CARTESIAN_POINT ( 'NONE',  ( 0.7773559083790417823, 1.167639206676788888, 0.9000000000000000222 ) ) ;
#8731 = VERTEX_POINT ( 'NONE', #7290 ) ;
#8732 =( GEOMETRIC_REPRESENTATION_CONTEXT ( 3 ) GLOBAL_UNCERTAINTY_ASSIGNED_CONTEXT ( ( #2865 ) ) GLOBAL_UNIT_ASSIGNED_CONTEXT ( ( #1956, #2045, #4946 ) ) REPRESENTATION_CONTEXT ( 'NONE', 'WORKASPACE' ) );
#8733 = PLANE ( 'NONE',  #319 ) ;
#8734 = DIRECTION ( 'NONE',  ( -0.000000000000000000, -0.000000000000000000, -1.000000000000000000 ) ) ;
#8735 = CARTESIAN_POINT ( 'NONE',  ( 0.7476080254281427528, 1.232919315550307982, 0.9000000000000000222 ) ) ;
#8736 = LINE ( 'NONE', #1436, #6608 ) ;
#8737 = DIRECTION ( 'NONE',  ( -1.000000000000000000, 0.000000000000000000, 0.000000000000000000 ) ) ;
#8738 = DIRECTION ( 'NONE',  ( 1.000000000000000000, 0.000000000000000000, 0.000000000000000000 ) ) ;
#8739 = ADVANCED_FACE ( 'NONE', ( #3535 ), #4355, .F. ) ;
#8740 = ORIENTED_EDGE ( 'NONE', *, *, #6881, .F. ) ;
#8741 = CARTESIAN_POINT ( 'NONE',  ( 0.7662004601530304493, 1.291175612597763145, 0.9000000000000000222 ) ) ;
#8742 = B_SPLINE_CURVE_WITH_KNOTS ( 'NONE', 3,
 ( #4731, #7620, #4005, #3399 ),
 .UNSPECIFIED., .F., .F.,
 ( 4, 4 ),
 ( 6.000000000000000000, 7.000000000000000000 ),
 .UNSPECIFIED. ) ;
#8743 = PRESENTATION_LAYER_ASSIGNMENT (  '', '', ( #8273 ) ) ;
#8744 = ORIENTED_EDGE ( 'NONE', *, *, #4882, .F. ) ;
#8745 = ORIENTED_EDGE ( 'NONE', *, *, #6698, .F. ) ;
#8746 = B_SPLINE_SURFACE_WITH_KNOTS ( 'NONE', 3, 1, ( 
 ( #4916, #2236 ),
 ( #4403, #1304 ),
 ( #7762, #3526 ),
 ( #6244, #1261 ) ),
 .UNSPECIFIED., .F., .F., .F.,
 ( 4, 4 ),
 ( 2, 2 ),
 ( 3.000000000000000000, 4.000000000000000000 ),
 ( 0.000000000000000000, 1.000000000000000000 ),
 .UNSPECIFIED. ) ;
#8747 = CARTESIAN_POINT ( 'NONE',  ( 1.097060811474313002, 1.216696533379710621, 0.9000000000000000222 ) ) ;
#8748 = CARTESIAN_POINT ( 'NONE',  ( 1.221988167221633503, 1.209714861893276483, 0.9000000000000000222 ) ) ;
#8749 = FACE_OUTER_BOUND ( 'NONE', #3427, .T. ) ;
#8750 = STYLED_ITEM ( 'NONE', ( #6139 ), #5197 ) ;
#8751 = VECTOR ( 'NONE', #7509, 1000.000000000000000 ) ;
#8752 = CARTESIAN_POINT ( 'NONE',  ( 1.165897121407055703, 1.190433564894261886, 0.9000000000000000222 ) ) ;
#8753 = DIRECTION ( 'NONE',  ( -0.000000000000000000, 1.000000000000000000, -0.000000000000000000 ) ) ;
#8754 = EDGE_CURVE ( 'NONE', #8299, #2146, #8944, .T. ) ;
#8755 = EDGE_CURVE ( 'NONE', #4691, #450, #3140, .T. ) ;
#8756 = STYLED_ITEM ( 'NONE', ( #6845 ), #5430 ) ;
#8757 = AXIS2_PLACEMENT_3D ( 'NONE', #3807, #2392, #882 ) ;
#8758 = CARTESIAN_POINT ( 'NONE',  ( 0.8525519808632221475, 1.174663018502851486, 0.9100000000000000311 ) ) ;
#8759 = CARTESIAN_POINT ( 'NONE',  ( 1.084152146534487438, 1.182560616197007253, 0.9000000000000000222 ) ) ;
#8760 = ORIENTED_EDGE ( 'NONE', *, *, #3162, .T. ) ;
#8761 = CARTESIAN_POINT ( 'NONE',  ( -1.288484918030905479, -1.198655526412927497, 0.9000000000000000222 ) ) ;
#8762 = CARTESIAN_POINT ( 'NONE',  ( -1.500000000000000000, -1.500000000000000222, 0.000000000000000000 ) ) ;
#8763 = MECHANICAL_DESIGN_GEOMETRIC_PRESENTATION_REPRESENTATION (  '', ( #9071 ), #2399 ) ;
#8764 = B_SPLINE_SURFACE_WITH_KNOTS ( 'NONE', 3, 1, ( 
 ( #925, #8797 ),
 ( #83, #5232 ),
 ( #4510, #5851 ),
 ( #6705, #7463 ) ),
 .UNSPECIFIED., .F., .F., .F.,
 ( 4, 4 ),
 ( 2, 2 ),
 ( 2.000000000000000000, 3.000000000000000000 ),
 ( 0.000000000000000000, 1.000000000000000000 ),
 .UNSPECIFIED. ) ;
#8765 = EDGE_CURVE ( 'NONE', #9036, #5507, #1545, .T. ) ;
#8766 = VECTOR ( 'NONE', #3780, 1000.000000000000000 ) ;
#8767 = CARTESIAN_POINT ( 'NONE',  ( 0.9112214289417924773, 1.208542553615299164, 0.9100000000000000311 ) ) ;
#8768 = VERTEX_POINT ( 'NONE', #3191 ) ;
#8769 = CARTESIAN_POINT ( 'NONE',  ( 1.223637030062156406, 1.241652295288878660, 0.9100000000000000311 ) ) ;
#8770 = LINE ( 'NONE', #273, #1528 ) ;
#8771 = DIRECTION ( 'NONE',  ( -0.000000000000000000, -0.000000000000000000, 1.000000000000000000 ) ) ;
#8772 = CARTESIAN_POINT ( 'NONE',  ( 1.131894895805856560, 1.188502464270565273, 0.9000000000000000222 ) ) ;
#8773 = CARTESIAN_POINT ( 'NONE',  ( 1.137554506095840301, 1.185858341877657818, 0.9000000000000000222 ) ) ;
#8774 = CARTESIAN_POINT ( 'NONE',  ( 0.9103950953573609617, 1.208542553615299164, 0.9000000000000000222 ) ) ;
#8775 = ORIENTED_EDGE ( 'NONE', *, *, #4046, .T. ) ;
#8776 = CARTESIAN_POINT ( 'NONE',  ( 0.8959343285546285118, 1.203171393197097094, 0.9000000000000000222 ) ) ;
#8777 = VECTOR ( 'NONE', #8848, 1000.000000000000000 ) ;
#8778 = PRESENTATION_STYLE_ASSIGNMENT (( #6684 ) ) ;
#8779 = EDGE_CURVE ( 'NONE', #8257, #1200, #6449, .T. ) ;
#8780 = CARTESIAN_POINT ( 'NONE',  ( 1.148947999777041540, 1.170498664607498629, 0.9000000000000000222 ) ) ;
#8781 = EDGE_LOOP ( 'NONE', ( #7339, #181, #6479, #6735 ) ) ;
#8782 = CARTESIAN_POINT ( 'NONE',  ( 1.073664784684665197, 1.304130827782795654, 0.9100000000000000311 ) ) ;
#8783 = ADVANCED_FACE ( 'NONE', ( #935 ), #3001, .T. ) ;
#8784 = CARTESIAN_POINT ( 'NONE',  ( 1.131894895805856560, 1.188502464270565273, 0.9100000000000000311 ) ) ;
#8785 = DIRECTION ( 'NONE',  ( 0.000000000000000000, 0.000000000000000000, 1.000000000000000000 ) ) ;
#8786 = CARTESIAN_POINT ( 'NONE',  ( 1.179444535014458895, 1.327155489067869620, 0.9100000000000000311 ) ) ;
#8787 = DIRECTION ( 'NONE',  ( 0.000000000000000000, -1.000000000000000000, 0.000000000000000000 ) ) ;
#8788 = DIRECTION ( 'NONE',  ( -1.000000000000000000, -0.000000000000000000, -0.000000000000000000 ) ) ;
#8789 = ORIENTED_EDGE ( 'NONE', *, *, #1879, .F. ) ;
#8790 =( GEOMETRIC_REPRESENTATION_CONTEXT ( 3 ) GLOBAL_UNCERTAINTY_ASSIGNED_CONTEXT ( ( #8822 ) ) GLOBAL_UNIT_ASSIGNED_CONTEXT ( ( #336, #4795, #1849 ) ) REPRESENTATION_CONTEXT ( 'NONE', 'WORKASPACE' ) );
#8791 = ADVANCED_FACE ( 'NONE', ( #4469 ), #7469, .F. ) ;
#8792 = ORIENTED_EDGE ( 'NONE', *, *, #2242, .F. ) ;
#8793 = CARTESIAN_POINT ( 'NONE',  ( 0.9851780089295304466, 1.241182611992108331, 0.9100000000000000311 ) ) ;
#8794 = LINE ( 'NONE', #2986, #6341 ) ;
#8795 = CARTESIAN_POINT ( 'NONE',  ( 1.139797553743641112, 1.201693366993959788, 0.9000000000000000222 ) ) ;
#8796 = PRESENTATION_STYLE_ASSIGNMENT (( #7363 ) ) ;
#8797 = CARTESIAN_POINT ( 'NONE',  ( 1.201711610670615382, 1.326145374895321360, 0.9000000000000000222 ) ) ;
#8798 = ORIENTED_EDGE ( 'NONE', *, *, #9361, .T. ) ;
#8799 = ORIENTED_EDGE ( 'NONE', *, *, #1536, .T. ) ;
#8800 = STYLED_ITEM ( 'NONE', ( #8778 ), #9303 ) ;
#8801 = VECTOR ( 'NONE', #6737, 1000.000000000000114 ) ;
#8802 = AXIS2_PLACEMENT_3D ( 'NONE', #5496, #8423, #8328 ) ;
#8803 = DIRECTION ( 'NONE',  ( -0.000000000000000000, -0.000000000000000000, -1.000000000000000000 ) ) ;
#8804 = CARTESIAN_POINT ( 'NONE',  ( 1.166090231469228078, 1.190433564894261886, 0.9000000000000000222 ) ) ;
#8805 = CARTESIAN_POINT ( 'NONE',  ( 1.080126544464663274, 1.182560616197007253, 0.9000000000000000222 ) ) ;
#8806 = VERTEX_POINT ( 'NONE', #7332 ) ;
#8807 = DIRECTION ( 'NONE',  ( -0.000000000000000000, -0.000000000000000000, -1.000000000000000000 ) ) ;
#8808 = EDGE_CURVE ( 'NONE', #5500, #4700, #839, .T. ) ;
#8809 = CARTESIAN_POINT ( 'NONE',  ( 1.280322260684175095, 1.197118143977355720, 0.9000000000000000222 ) ) ;
#8810 = CARTESIAN_POINT ( 'NONE',  ( 0.9595617623785821504, 1.258535538459945702, 0.9100000000000000311 ) ) ;
#8811 = CARTESIAN_POINT ( 'NONE',  ( 1.259258409263130929, 1.190166181731256767, 0.9000000000000000222 ) ) ;
#8812 = DIRECTION ( 'NONE',  ( -0.000000000000000000, -0.000000000000000000, -1.000000000000000000 ) ) ;
#8813 = ORIENTED_EDGE ( 'NONE', *, *, #3635, .F. ) ;
#8814 = CARTESIAN_POINT ( 'NONE',  ( 1.100046590131256385, 1.281432968141398954, 0.9100000000000000311 ) ) ;
#8815 =( NAMED_UNIT ( * ) PLANE_ANGLE_UNIT ( ) SI_UNIT ( $, .RADIAN. ) );
#8816 = DIRECTION ( 'NONE',  ( -1.000000000000000000, 0.000000000000000000, 0.000000000000000000 ) ) ;
#8817 = DIRECTION ( 'NONE',  ( 0.000000000000000000, 0.000000000000000000, 1.000000000000000000 ) ) ;
#8818 = CARTESIAN_POINT ( 'NONE',  ( 0.9087424439495014328, 1.208955712526911475, 0.9000000000000000222 ) ) ;
#8819 = LINE ( 'NONE', #4632, #3891 ) ;
#8820 = VECTOR ( 'NONE', #8586, 1000.000000000000000 ) ;
#8821 = B_SPLINE_SURFACE_WITH_KNOTS ( 'NONE', 3, 1, ( 
 ( #8063, #56 ),
 ( #2312, #7340 ),
 ( #2958, #2263 ),
 ( #6852, #8856 ) ),
 .UNSPECIFIED., .F., .F., .F.,
 ( 4, 4 ),
 ( 2, 2 ),
 ( 4.000000000000000000, 5.000000000000000000 ),
 ( 0.000000000000000000, 1.000000000000000000 ),
 .UNSPECIFIED. ) ;
#8822 = UNCERTAINTY_MEASURE_WITH_UNIT (LENGTH_MEASURE( 1.000000000000000082E-05 ), #336, 'distance_accuracy_value', 'NONE');
#8823 = CARTESIAN_POINT ( 'NONE',  ( -2.000000000000000000, 0.000000000000000000, -0.02000000000000000042 ) ) ;
#8824 = ORIENTED_EDGE ( 'NONE', *, *, #601, .T. ) ;
#8825 = DIRECTION ( 'NONE',  ( 1.000000000000000000, 0.000000000000000000, 0.000000000000000000 ) ) ;
#8826 = ORIENTED_EDGE ( 'NONE', *, *, #5607, .F. ) ;
#8827 = LINE ( 'NONE', #4491, #4804 ) ;
#8828 = DIRECTION ( 'NONE',  ( 0.000000000000000000, 0.000000000000000000, -1.000000000000000000 ) ) ;
#8829 = FACE_OUTER_BOUND ( 'NONE', #4642, .T. ) ;
#8830 = LINE ( 'NONE', #248, #2863 ) ;
#8831 = EDGE_CURVE ( 'NONE', #5136, #9086, #5344, .T. ) ;
#8832 = VERTEX_POINT ( 'NONE', #6752 ) ;
#8833 = ORIENTED_EDGE ( 'NONE', *, *, #1426, .T. ) ;
#8834 = ORIENTED_EDGE ( 'NONE', *, *, #927, .F. ) ;
#8835 =( NAMED_UNIT ( * ) PLANE_ANGLE_UNIT ( ) SI_UNIT ( $, .RADIAN. ) );
#8836 = FACE_OUTER_BOUND ( 'NONE', #376, .T. ) ;
#8837 = CARTESIAN_POINT ( 'NONE',  ( 1.137554506095840301, 1.185858341877657818, 0.9100000000000000311 ) ) ;
#8838 = PLANE ( 'NONE',  #590 ) ;
#8839 = CARTESIAN_POINT ( 'NONE',  ( 0.9851780089295304466, 1.241182611992108331, 0.9100000000000000311 ) ) ;
#8840 = EDGE_LOOP ( 'NONE', ( #4286, #363, #2809, #2588 ) ) ;
#8841 = PLANE ( 'NONE',  #6030 ) ;
#8842 = EDGE_CURVE ( 'NONE', #1072, #4381, #3713, .T. ) ;
#8843 = LINE ( 'NONE', #8227, #6773 ) ;
#8844 = FACE_OUTER_BOUND ( 'NONE', #1955, .T. ) ;
#8845 = LINE ( 'NONE', #1456, #8132 ) ;
#8846 = ORIENTED_EDGE ( 'NONE', *, *, #9073, .T. ) ;
#8847 = CARTESIAN_POINT ( 'NONE',  ( 1.150864245780769624, 1.333840068150567770, 0.9100000000000000311 ) ) ;
#8848 = DIRECTION ( 'NONE',  ( 1.000000000000000000, 0.000000000000000000, 0.000000000000000000 ) ) ;
#8849 = EDGE_CURVE ( 'NONE', #816, #2191, #5999, .T. ) ;
#8850 = FACE_OUTER_BOUND ( 'NONE', #5384, .T. ) ;
#8851 = B_SPLINE_CURVE_WITH_KNOTS ( 'NONE', 3,
 ( #9179, #7713, #6095, #5576 ),
 .UNSPECIFIED., .F., .F.,
 ( 4, 4 ),
 ( 7.000000000000000000, 8.000000000000000000 ),
 .UNSPECIFIED. ) ;
#8852 =( NAMED_UNIT ( * ) PLANE_ANGLE_UNIT ( ) SI_UNIT ( $, .RADIAN. ) );
#8853 = ADVANCED_FACE ( 'NONE', ( #8230 ), #5202, .F. ) ;
#8854 = CARTESIAN_POINT ( 'NONE',  ( 1.274484394951788557, 1.233957602033630252, 0.9100000000000000311 ) ) ;
#8855 = ORIENTED_EDGE ( 'NONE', *, *, #1867, .T. ) ;
#8856 = CARTESIAN_POINT ( 'NONE',  ( 1.074184696390907634, 1.326264211856659214, 0.9000000000000000222 ) ) ;
#8857 = CARTESIAN_POINT ( 'NONE',  ( 1.078373699282968223, 1.195246461833929130, 0.9100000000000000311 ) ) ;
#8858 = CARTESIAN_POINT ( 'NONE',  ( 1.280322260684175095, 1.197118143977355720, 0.9000000000000000222 ) ) ;
#8859 = DIRECTION ( 'NONE',  ( -0.000000000000000000, -1.000000000000000000, -0.000000000000000000 ) ) ;
#8860 = CARTESIAN_POINT ( 'NONE',  ( 1.178315583880970241, 1.225044829923102929, 0.9000000000000000222 ) ) ;
#8861 = DIRECTION ( 'NONE',  ( -0.000000000000000000, -0.000000000000000000, -1.000000000000000000 ) ) ;
#8862 = CARTESIAN_POINT ( 'NONE',  ( 1.200523241056063783, 1.292425387077691390, 0.9100000000000000311 ) ) ;
#8863 = CARTESIAN_POINT ( 'NONE',  ( 1.188342452504821400, 1.275728793990915433, 0.9000000000000000222 ) ) ;
#8864 = VERTEX_POINT ( 'NONE', #4618 ) ;
#8865 = DIRECTION ( 'NONE',  ( 1.000000000000000000, 2.238881569535245910E-14, -0.000000000000000000 ) ) ;
#8866 = DIRECTION ( 'NONE',  ( -0.3897582650655311287, -0.9209172030172457779, -0.000000000000000000 ) ) ;
#8867 = CARTESIAN_POINT ( 'NONE',  ( 1.154978975571796962, 1.170231281444096716, 0.9100000000000000311 ) ) ;
#8868 = AXIS2_PLACEMENT_3D ( 'NONE', #4680, #325, #5353 ) ;
#8869 = PLANE ( 'NONE',  #1331 ) ;
#8870 = CARTESIAN_POINT ( 'NONE',  ( 1.138163545523482423, 1.203535339896653733, 0.9100000000000000311 ) ) ;
#8871 = FACE_OUTER_BOUND ( 'NONE', #4802, .T. ) ;
#8872 = EDGE_LOOP ( 'NONE', ( #3184, #7607, #7664, #3708 ) ) ;
#8873 = EDGE_CURVE ( 'NONE', #7496, #5267, #1020, .T. ) ;
#8874 = VERTEX_POINT ( 'NONE', #5442 ) ;
#8875 = ORIENTED_EDGE ( 'NONE', *, *, #9183, .F. ) ;
#8876 = ORIENTED_EDGE ( 'NONE', *, *, #701, .F. ) ;
#8877 = EDGE_CURVE ( 'NONE', #4556, #3080, #4111, .T. ) ;
#8878 = ORIENTED_EDGE ( 'NONE', *, *, #4299, .F. ) ;
#8879 = CARTESIAN_POINT ( 'NONE',  ( 0.8108223003404817497, 1.284978134355933888, 0.9000000000000000222 ) ) ;
#8880 = CARTESIAN_POINT ( 'NONE',  ( 0.8108222924599810533, 1.213087364687867931, 0.9000000000000000222 ) ) ;
#8881 = CARTESIAN_POINT ( 'NONE',  ( 1.312363676420944314, 1.234224985196638702, 0.9000000000000000222 ) ) ;
#8882 = B_SPLINE_CURVE_WITH_KNOTS ( 'NONE', 3,
 ( #2461, #7028, #4132, #2501 ),
 .UNSPECIFIED., .F., .F.,
 ( 4, 4 ),
 ( 3.000000000000000000, 4.000000000000000000 ),
 .UNSPECIFIED. ) ;
#8883 = AXIS2_PLACEMENT_3D ( 'NONE', #4636, #5409, #1710 ) ;
#8884 = FILL_AREA_STYLE_COLOUR ( '', #9198 ) ;
#8885 = PLANE ( 'NONE',  #8757 ) ;
#8886 = VECTOR ( 'NONE', #4255, 1000.000000000000000 ) ;
#8887 = EDGE_CURVE ( 'NONE', #5443, #6786, #7715, .T. ) ;
#8888 = VECTOR ( 'NONE', #6963, 1000.000000000000000 ) ;
#8889 = EDGE_CURVE ( 'NONE', #8028, #5459, #1875, .T. ) ;
#8890 = DIRECTION ( 'NONE',  ( 0.000000000000000000, 1.000000000000000000, 0.000000000000000000 ) ) ;
#8891 = CARTESIAN_POINT ( 'NONE',  ( -0.2500000000000000000, 0.4500000000000002887, 0.000000000000000000 ) ) ;
#8892 = DIRECTION ( 'NONE',  ( 0.000000000000000000, 0.000000000000000000, -1.000000000000000000 ) ) ;
#8893 = B_SPLINE_SURFACE_WITH_KNOTS ( 'NONE', 3, 1, ( 
 ( #7112, #2921 ),
 ( #2070, #8677 ),
 ( #1984, #8532 ),
 ( #5687, #7060 ) ),
 .UNSPECIFIED., .F., .F., .F.,
 ( 4, 4 ),
 ( 2, 2 ),
 ( 2.000000000000000000, 3.000000000000000000 ),
 ( 0.000000000000000000, 1.000000000000000000 ),
 .UNSPECIFIED. ) ;
#8894 = CARTESIAN_POINT ( 'NONE',  ( 1.032770015318033252, 1.183541021129224102, 0.9100000000000000311 ) ) ;
#8895 = COLOUR_RGB ( '',0.8274509803921568096, 0.6666666666666666297, 0.1294117647058823373 ) ;
#8896 = DIRECTION ( 'NONE',  ( 0.000000000000000000, 0.000000000000000000, 1.000000000000000000 ) ) ;
#8897 = AXIS2_PLACEMENT_3D ( 'NONE', #5257, #7437, #6762 ) ;
#8898 = EDGE_CURVE ( 'NONE', #7678, #9069, #3282, .T. ) ;
#8899 = CARTESIAN_POINT ( 'NONE',  ( 1.131642367262621240, 1.199108663081720483, 0.9000000000000000222 ) ) ;
#8900 = ORIENTED_EDGE ( 'NONE', *, *, #4588, .F. ) ;
#8901 = CARTESIAN_POINT ( 'NONE',  ( -1.288484918030905479, -1.198655526412927497, 0.8799999999999998934 ) ) ;
#8902 = PLANE ( 'NONE',  #7685 ) ;
#8903 = CARTESIAN_POINT ( 'NONE',  ( 1.200463822574998840, 1.318034752275000665, 0.9100000000000000311 ) ) ;
#8904 = CARTESIAN_POINT ( 'NONE',  ( 1.101086413544136722, 1.334820473082782177, 0.9000000000000000222 ) ) ;
#8905 =( NAMED_UNIT ( * ) PLANE_ANGLE_UNIT ( ) SI_UNIT ( $, .RADIAN. ) );
#8906 = VERTEX_POINT ( 'NONE', #4872 ) ;
#8907 = DIRECTION ( 'NONE',  ( -0.000000000000000000, -0.000000000000000000, -1.000000000000000000 ) ) ;
#8908 = VERTEX_POINT ( 'NONE', #4667 ) ;
#8909 = DIRECTION ( 'NONE',  ( -0.000000000000000000, -0.000000000000000000, -1.000000000000000000 ) ) ;
#8910 = AXIS2_PLACEMENT_3D ( 'NONE', #8059, #1594, #4425 ) ;
#8911 = STYLED_ITEM ( 'NONE', ( #2281 ), #3226 ) ;
#8912 = AXIS2_PLACEMENT_3D ( 'NONE', #245, #8737, #8785 ) ;
#8913 = CARTESIAN_POINT ( 'NONE',  ( 1.075581030688395279, 1.206922193298701762, 0.9000000000000000222 ) ) ;
#8914 = VERTEX_POINT ( 'NONE', #3432 ) ;
#8915 = SURFACE_SIDE_STYLE ('',( #3105 ) ) ;
#8916 = B_SPLINE_CURVE_WITH_KNOTS ( 'NONE', 3,
 ( #7134, #2143, #5048, #2938 ),
 .UNSPECIFIED., .F., .F.,
 ( 4, 4 ),
 ( 9.000000000000000000, 10.00000000000000000 ),
 .UNSPECIFIED. ) ;
#8917 = DIRECTION ( 'NONE',  ( -1.000000000000000000, -0.000000000000000000, -0.000000000000000000 ) ) ;
#8918 = CARTESIAN_POINT ( 'NONE',  ( 1.147521956239419438, 1.171063140174639639, 0.9100000000000000311 ) ) ;
#8919 = EDGE_CURVE ( 'NONE', #9304, #5372, #1359, .T. ) ;
#8920 = CARTESIAN_POINT ( 'NONE',  ( -0.2500000000000000000, 1.450000000000000400, 0.000000000000000000 ) ) ;
#8921 = CARTESIAN_POINT ( 'NONE',  ( 1.500000000000000000, 1.499999999999999778, 0.000000000000000000 ) ) ;
#8922 = VECTOR ( 'NONE', #4682, 1000.000000000000000 ) ;
#8923 = CARTESIAN_POINT ( 'NONE',  ( 1.040271598510911888, 1.209714861893276483, 0.9100000000000000311 ) ) ;
#8924 = ORIENTED_EDGE ( 'NONE', *, *, #834, .F. ) ;
#8925 = EDGE_CURVE ( 'NONE', #357, #1866, #4773, .T. ) ;
#8926 = ORIENTED_EDGE ( 'NONE', *, *, #6084, .F. ) ;
#8927 = VECTOR ( 'NONE', #5832, 1000.000000000000000 ) ;
#8928 = ORIENTED_EDGE ( 'NONE', *, *, #2023, .F. ) ;
#8929 = FACE_OUTER_BOUND ( 'NONE', #1506, .T. ) ;
#8930 = VERTEX_POINT ( 'NONE', #4052 ) ;
#8931 = CARTESIAN_POINT ( 'NONE',  ( 0.8021458213457586250, 1.180860465222669520, 0.9000000000000000222 ) ) ;
#8932 = EDGE_CURVE ( 'NONE', #3565, #3796, #4055, .T. ) ;
#8933 = FILL_AREA_STYLE_COLOUR ( '', #6941 ) ;
#8934 = EDGE_LOOP ( 'NONE', ( #6078, #1014, #5571, #8878 ) ) ;
#8935 = ORIENTED_EDGE ( 'NONE', *, *, #2520, .F. ) ;
#8936 = VERTEX_POINT ( 'NONE', #5486 ) ;
#8937 = VECTOR ( 'NONE', #2197, 1000.000000000000000 ) ;
#8938 = AXIS2_PLACEMENT_3D ( 'NONE', #1183, #9161, #9007 ) ;
#8939 = CARTESIAN_POINT ( 'NONE',  ( 1.095605058696355938, 1.328046766278684343, 0.9100000000000000311 ) ) ;
#8940 = EDGE_CURVE ( 'NONE', #2661, #434, #3948, .T. ) ;
#8941 = DIRECTION ( 'NONE',  ( -1.000000000000000000, 0.000000000000000000, 0.000000000000000000 ) ) ;
#8942 = CARTESIAN_POINT ( 'NONE',  ( 1.268988185483642006, 1.229501215978365369, 0.9000000000000000222 ) ) ;
#8943 = VECTOR ( 'NONE', #3232, 1000.000000000000000 ) ;
#8944 = LINE ( 'NONE', #4573, #4715 ) ;
#8945 = DIRECTION ( 'NONE',  ( -0.000000000000000000, -0.000000000000000000, -1.000000000000000000 ) ) ;
#8946 = EDGE_CURVE ( 'NONE', #4184, #9038, #4723, .T. ) ;
#8947 = VERTEX_POINT ( 'NONE', #1115 ) ;
#8948 = VECTOR ( 'NONE', #4411, 1000.000000000000000 ) ;
#8949 = ORIENTED_EDGE ( 'NONE', *, *, #85, .T. ) ;
#8950 = CARTESIAN_POINT ( 'NONE',  ( 0.9087424439495014328, 1.208955712526911475, 0.9100000000000000311 ) ) ;
#8951 = ORIENTED_EDGE ( 'NONE', *, *, #2414, .F. ) ;
#8952 = DIRECTION ( 'NONE',  ( -0.3385350342956907621, -0.9409537876826976621, 0.000000000000000000 ) ) ;
#8953 = MECHANICAL_DESIGN_GEOMETRIC_PRESENTATION_REPRESENTATION (  '', ( #6230 ), #3495 ) ;
#8954 = FACE_OUTER_BOUND ( 'NONE', #6082, .T. ) ;
#8955 = DIRECTION ( 'NONE',  ( -1.000000000000000000, 0.000000000000000000, 0.000000000000000000 ) ) ;
#8956 = CARTESIAN_POINT ( 'NONE',  ( 0.8033853217223048127, 1.322162980164599988, 0.9100000000000000311 ) ) ;
#8957 = DIRECTION ( 'NONE',  ( -1.000000000000000000, 0.000000000000000000, 0.000000000000000000 ) ) ;
#8958 = VERTEX_POINT ( 'NONE', #8472 ) ;
#8959 = CARTESIAN_POINT ( 'NONE',  ( 0.9112214289417924773, 1.208542553615299164, 0.9100000000000000311 ) ) ;
#8960 = ORIENTED_EDGE ( 'NONE', *, *, #246, .T. ) ;
#8961 = EDGE_CURVE ( 'NONE', #1483, #1518, #3999, .T. ) ;
#8962 = DIRECTION ( 'NONE',  ( -0.000000000000000000, -1.000000000000000000, -0.000000000000000000 ) ) ;
#8963 = EDGE_CURVE ( 'NONE', #8559, #5637, #6188, .T. ) ;
#8964 = ORIENTED_EDGE ( 'NONE', *, *, #1041, .F. ) ;
#8965 = CARTESIAN_POINT ( 'NONE',  ( 1.159108559982791276, 1.176084001796648515, 0.9100000000000000311 ) ) ;
#8966 = ORIENTED_EDGE ( 'NONE', *, *, #4770, .T. ) ;
#8967 = VECTOR ( 'NONE', #4915, 1000.000000000000000 ) ;
#8968 = CARTESIAN_POINT ( 'NONE',  ( 1.120679657566859166, 1.203624467617654181, 0.9000000000000000222 ) ) ;
#8969 = FACE_OUTER_BOUND ( 'NONE', #2361, .T. ) ;
#8970 =( LENGTH_UNIT ( ) NAMED_UNIT ( * ) SI_UNIT ( .MILLI., .METRE. ) );
#8971 = PLANE ( 'NONE',  #2707 ) ;
#8972 = LINE ( 'NONE', #5226, #2255 ) ;
#8973 = ORIENTED_EDGE ( 'NONE', *, *, #7327, .F. ) ;
#8974 = ADVANCED_FACE ( 'NONE', ( #1776 ), #7565, .F. ) ;
#8975 = B_SPLINE_CURVE_WITH_KNOTS ( 'NONE', 3,
 ( #8857, #2355, #5305, #5252 ),
 .UNSPECIFIED., .F., .F.,
 ( 4, 4 ),
 ( 2.000000000000000000, 3.000000000000000000 ),
 .UNSPECIFIED. ) ;
#8976 = VERTEX_POINT ( 'NONE', #1163 ) ;
#8977 = EDGE_LOOP ( 'NONE', ( #3182, #3940, #1102, #5807 ) ) ;
#8978 = EDGE_CURVE ( 'NONE', #6451, #3743, #6953, .T. ) ;
#8979 = B_SPLINE_SURFACE_WITH_KNOTS ( 'NONE', 3, 1, ( 
 ( #7145, #1264 ),
 ( #1308, #4240 ),
 ( #6386, #5580 ),
 ( #6339, #1452 ) ),
 .UNSPECIFIED., .F., .F., .F.,
 ( 4, 4 ),
 ( 2, 2 ),
 ( 3.000000000000000000, 4.000000000000000000 ),
 ( 0.000000000000000000, 1.000000000000000000 ),
 .UNSPECIFIED. ) ;
#8980 = EDGE_LOOP ( 'NONE', ( #2966, #8813, #6784, #6917 ) ) ;
#8981 = DIRECTION ( 'NONE',  ( 0.9910683662997337162, 0.1333547648941603159, 0.000000000000000000 ) ) ;
#8982 =( LENGTH_UNIT ( ) NAMED_UNIT ( * ) SI_UNIT ( .MILLI., .METRE. ) );
#8983 = B_SPLINE_CURVE_WITH_KNOTS ( 'NONE', 3,
 ( #4114, #6142, #9040, #1735 ),
 .UNSPECIFIED., .F., .F.,
 ( 4, 4 ),
 ( 0.000000000000000000, 1.000000000000000000 ),
 .UNSPECIFIED. ) ;
#8984 = VERTEX_POINT ( 'NONE', #5531 ) ;
#8985 = DIRECTION ( 'NONE',  ( 0.3409177962187282529, 0.9400931103999038418, 0.000000000000000000 ) ) ;
#8986 = VERTEX_POINT ( 'NONE', #7051 ) ;
#8987 = EDGE_CURVE ( 'NONE', #5637, #3477, #8418, .T. ) ;
#8988 = DIRECTION ( 'NONE',  ( 1.000000000000000000, 0.000000000000000000, 0.000000000000000000 ) ) ;
#8989 = CARTESIAN_POINT ( 'NONE',  ( 1.186366788020226659, 1.327155489067869620, 0.9000000000000000222 ) ) ;
#8990 = CARTESIAN_POINT ( 'NONE',  ( 1.316626952414039708, 1.241652295288878660, 0.9100000000000000311 ) ) ;
#8991 = CARTESIAN_POINT ( 'NONE',  ( 0.2500000000000000000, -1.450000000000000400, 0.000000000000000000 ) ) ;
#8992 = CARTESIAN_POINT ( 'NONE',  ( 0.9442746619914175188, 1.295307241117606534, 0.9000000000000000222 ) ) ;
#8993 = ORIENTED_EDGE ( 'NONE', *, *, #9193, .F. ) ;
#8994 = EDGE_CURVE ( 'NONE', #8906, #5603, #1262, .T. ) ;
#8995 = B_SPLINE_CURVE_WITH_KNOTS ( 'NONE', 3,
 ( #3448, #1417, #2874, #3633 ),
 .UNSPECIFIED., .F., .F.,
 ( 4, 4 ),
 ( 5.000000000000000000, 6.000000000000000000 ),
 .UNSPECIFIED. ) ;
#8996 = VERTEX_POINT ( 'NONE', #5578 ) ;
#8997 = SURFACE_STYLE_FILL_AREA ( #2636 ) ;
#8998 = SURFACE_STYLE_USAGE ( .BOTH. , #7574 ) ;
#8999 = LINE ( 'NONE', #8105, #2807 ) ;
#9000 = CARTESIAN_POINT ( 'NONE',  ( 1.118911957764999965, 1.222697799933933682, 0.9100000000000000311 ) ) ;
#9001 = PLANE ( 'NONE',  #293 ) ;
#9002 = ORIENTED_EDGE ( 'NONE', *, *, #2242, .T. ) ;
#9003 = CARTESIAN_POINT ( 'NONE',  ( 1.283248620860648836, 1.213339389217999775, 0.9100000000000000311 ) ) ;
#9004 = EDGE_LOOP ( 'NONE', ( #3131, #1235, #1903, #5546 ) ) ;
#9005 = CARTESIAN_POINT ( 'NONE',  ( 0.7934693581118377192, 1.239116793792133686, 0.9100000000000000311 ) ) ;
#9006 = CARTESIAN_POINT ( 'NONE',  ( -1.500000000000000000, -1.500000000000000222, 0.9000000000000000222 ) ) ;
#9007 = DIRECTION ( 'NONE',  ( 0.000000000000000000, -0.000000000000000000, -1.000000000000000000 ) ) ;
#9008 = CARTESIAN_POINT ( 'NONE',  ( 1.075046264361588344, 1.215062525159354978, 0.9100000000000000311 ) ) ;
#9009 = EDGE_CURVE ( 'NONE', #6303, #343, #550, .T. ) ;
#9010 = PLANE ( 'NONE',  #3610 ) ;
#9011 = CARTESIAN_POINT ( 'NONE',  ( 1.123338634579733597, 1.210635848344820964, 0.9000000000000000222 ) ) ;
#9012 = EDGE_CURVE ( 'NONE', #6741, #5597, #7993, .T. ) ;
#9013 = DIRECTION ( 'NONE',  ( 1.000000000000000000, 0.000000000000000000, 0.000000000000000000 ) ) ;
#9014 = CARTESIAN_POINT ( 'NONE',  ( 1.141416707343631209, 1.199851394091263845, 0.9100000000000000311 ) ) ;
#9015 = CARTESIAN_POINT ( 'NONE',  ( 1.166424460423432174, 1.191855894777088309, 0.9100000000000000311 ) ) ;
#9016 = ORIENTED_EDGE ( 'NONE', *, *, #6871, .T. ) ;
#9017 = ORIENTED_EDGE ( 'NONE', *, *, #441, .T. ) ;
#9018 = VERTEX_POINT ( 'NONE', #7098 ) ;
#9019 = VERTEX_POINT ( 'NONE', #2015 ) ;
#9020 = VERTEX_POINT ( 'NONE', #2199 ) ;
#9021 = CARTESIAN_POINT ( 'NONE',  ( 0.9847648500177176301, 1.265972509197622609, 0.9000000000000000222 ) ) ;
#9022 = EDGE_CURVE ( 'NONE', #2473, #3298, #7809, .T. ) ;
#9023 = DIRECTION ( 'NONE',  ( 0.000000000000000000, 0.000000000000000000, 1.000000000000000000 ) ) ;
#9024 = CARTESIAN_POINT ( 'NONE',  ( 1.200463822574998840, 1.318034752275000665, 0.9100000000000000311 ) ) ;
#9025 = ORIENTED_EDGE ( 'NONE', *, *, #5287, .T. ) ;
#9026 = ORIENTED_EDGE ( 'NONE', *, *, #6278, .F. ) ;
#9027 = SURFACE_SIDE_STYLE ('',( #8263 ) ) ;
#9028 = VERTEX_POINT ( 'NONE', #9374 ) ;
#9029 = VERTEX_POINT ( 'NONE', #5631 ) ;
#9030 = ORIENTED_EDGE ( 'NONE', *, *, #2402, .F. ) ;
#9031 = CARTESIAN_POINT ( 'NONE',  ( 1.032770015318033252, 1.241652295288878660, 0.9100000000000000311 ) ) ;
#9032 = DIRECTION ( 'NONE',  ( -0.000000000000000000, -0.000000000000000000, -1.000000000000000000 ) ) ;
#9033 = CARTESIAN_POINT ( 'NONE',  ( 0.8269357343120766757, 1.196973914955268059, 0.9000000000000000222 ) ) ;
#9034 = CARTESIAN_POINT ( 'NONE',  ( 1.114203043166696494, 1.192513211720024335, 0.9100000000000000311 ) ) ;
#9035 = EDGE_CURVE ( 'NONE', #2320, #7506, #9325, .T. ) ;
#9036 = VERTEX_POINT ( 'NONE', #4372 ) ;
#9037 = EDGE_CURVE ( 'NONE', #4455, #2661, #7451, .T. ) ;
#9038 = VERTEX_POINT ( 'NONE', #790 ) ;
#9039 = UNCERTAINTY_MEASURE_WITH_UNIT (LENGTH_MEASURE( 1.000000000000000082E-05 ), #163, 'distance_accuracy_value', 'NONE');
#9040 = CARTESIAN_POINT ( 'NONE',  ( 0.9318797055081605718, 1.318857657647627413, 0.9000000000000000222 ) ) ;
#9041 = ORIENTED_EDGE ( 'NONE', *, *, #1245, .F. ) ;
#9042 = CARTESIAN_POINT ( 'NONE',  ( 1.040271598510911888, 1.190166181731253214, 0.9100000000000000311 ) ) ;
#9043 = B_SPLINE_CURVE_WITH_KNOTS ( 'NONE', 3,
 ( #8329, #4119, #6964, #5497 ),
 .UNSPECIFIED., .F., .F.,
 ( 4, 4 ),
 ( 11.00000000000000000, 12.00000000000000000 ),
 .UNSPECIFIED. ) ;
#9044 =( NAMED_UNIT ( * ) SI_UNIT ( $, .STERADIAN. ) SOLID_ANGLE_UNIT ( ) );
#9045 = DIRECTION ( 'NONE',  ( -0.000000000000000000, 1.000000000000000000, -0.000000000000000000 ) ) ;
#9046 = CARTESIAN_POINT ( 'NONE',  ( -1.250000000000000000, -0.7050726915309724063, -0.02000000000000000042 ) ) ;
#9047 = CARTESIAN_POINT ( 'NONE',  ( 1.075046264361588344, 1.215062525159354978, 0.9100000000000000311 ) ) ;
#9048 = AXIS2_PLACEMENT_3D ( 'NONE', #8321, #362, #6192 ) ;
#9049 =( GEOMETRIC_REPRESENTATION_CONTEXT ( 3 ) GLOBAL_UNCERTAINTY_ASSIGNED_CONTEXT ( ( #7616 ) ) GLOBAL_UNIT_ASSIGNED_CONTEXT ( ( #1079, #6863, #9044 ) ) REPRESENTATION_CONTEXT ( 'NONE', 'WORKASPACE' ) );
#9050 = ORIENTED_EDGE ( 'NONE', *, *, #736, .T. ) ;
#9051 = DIRECTION ( 'NONE',  ( 0.8840949502479015232, 0.4673073067545173709, 0.000000000000000000 ) ) ;
#9052 = ORIENTED_EDGE ( 'NONE', *, *, #91, .T. ) ;
#9053 = CARTESIAN_POINT ( 'NONE',  ( 1.137138576730766237, 1.219073272609214831, 0.9000000000000000222 ) ) ;
#9054 = ADVANCED_FACE ( 'NONE', ( #8667 ), #6263, .F. ) ;
#9055 = B_SPLINE_SURFACE_WITH_KNOTS ( 'NONE', 3, 1, ( 
 ( #8178, #5234 ),
 ( #3758, #3804 ),
 ( #1538, #84 ),
 ( #3081, #4375 ) ),
 .UNSPECIFIED., .F., .F., .F.,
 ( 4, 4 ),
 ( 2, 2 ),
 ( 17.00000000000000000, 18.00000000000000000 ),
 ( 0.000000000000000000, 1.000000000000000000 ),
 .UNSPECIFIED. ) ;
#9056 =( NAMED_UNIT ( * ) PLANE_ANGLE_UNIT ( ) SI_UNIT ( $, .RADIAN. ) );
#9057 = VECTOR ( 'NONE', #8861, 1000.000000000000000 ) ;
#9058 = CARTESIAN_POINT ( 'NONE',  ( 1.084761185961930607, 1.208199690634653711, 0.9000000000000000222 ) ) ;
#9059 = EDGE_LOOP ( 'NONE', ( #4017, #5904, #5984, #761 ) ) ;
#9060 =( LENGTH_UNIT ( ) NAMED_UNIT ( * ) SI_UNIT ( .MILLI., .METRE. ) );
#9061 = AXIS2_PLACEMENT_3D ( 'NONE', #8021, #1513, #8817 ) ;
#9062 = CARTESIAN_POINT ( 'NONE',  ( 1.040271598510909890, 1.282353954592944989, 0.9100000000000000311 ) ) ;
#9063 = DIRECTION ( 'NONE',  ( 0.000000000000000000, 1.000000000000000000, -0.000000000000000000 ) ) ;
#9064 = CARTESIAN_POINT ( 'NONE',  ( 1.140673976334486861, 1.188027116424820173, 0.9100000000000000311 ) ) ;
#9065 = EDGE_CURVE ( 'NONE', #4877, #1673, #4970, .T. ) ;
#9066 = CARTESIAN_POINT ( 'NONE',  ( 1.125462845266195666, 1.182560616197007253, 0.9100000000000000311 ) ) ;
#9067 = DIRECTION ( 'NONE',  ( 9.327481043576875350E-14, -1.000000000000000000, 0.000000000000000000 ) ) ;
#9068 = DIRECTION ( 'NONE',  ( -0.000000000000000000, -0.000000000000000000, 1.000000000000000000 ) ) ;
#9069 = VERTEX_POINT ( 'NONE', #2774 ) ;
#9070 = ORIENTED_EDGE ( 'NONE', *, *, #883, .T. ) ;
#9071 = STYLED_ITEM ( 'NONE', ( #4492 ), #1129 ) ;
#9072 = EDGE_CURVE ( 'NONE', #5924, #9318, #698, .T. ) ;
#9073 = EDGE_CURVE ( 'NONE', #7171, #9086, #3618, .T. ) ;
#9074 = ORIENTED_EDGE ( 'NONE', *, *, #7318, .T. ) ;
#9075 = ORIENTED_EDGE ( 'NONE', *, *, #913, .T. ) ;
#9076 = SURFACE_STYLE_USAGE ( .BOTH. , #6994 ) ;
#9077 = CARTESIAN_POINT ( 'NONE',  ( 1.116312399232795238, 1.207278704183104567, 0.9100000000000000311 ) ) ;
#9078 = VECTOR ( 'NONE', #5274, 1000.000000000000000 ) ;
#9079 = CARTESIAN_POINT ( 'NONE',  ( 1.224959091258592814, 1.190166181731256767, 0.9100000000000000311 ) ) ;
#9080 = CARTESIAN_POINT ( 'NONE',  ( 1.121749190220074244, 1.212834332131919046, 0.9100000000000000311 ) ) ;
#9081 = EDGE_LOOP ( 'NONE', ( #4319, #6232, #5624, #6831 ) ) ;
#9082 = DIRECTION ( 'NONE',  ( 0.000000000000000000, 0.000000000000000000, 1.000000000000000000 ) ) ;
#9083 = EDGE_CURVE ( 'NONE', #7034, #1453, #5812, .T. ) ;
#9084 = ORIENTED_EDGE ( 'NONE', *, *, #7169, .T. ) ;
#9085 = VECTOR ( 'NONE', #6777, 1000.000000000000000 ) ;
#9086 = VERTEX_POINT ( 'NONE', #2108 ) ;
#9087 = ADVANCED_FACE ( 'NONE', ( #9235 ), #6529, .F. ) ;
#9088 = EDGE_LOOP ( 'NONE', ( #940, #659, #3219, #1860 ) ) ;
#9089 = CARTESIAN_POINT ( 'NONE',  ( 1.159108559982791276, 1.176084001796648515, 0.9000000000000000222 ) ) ;
#9090 = CARTESIAN_POINT ( 'NONE',  ( 1.152216016217553651, 1.163992340966802930, 0.9000000000000000222 ) ) ;
#9091 = DIRECTION ( 'NONE',  ( -0.000000000000000000, 1.000000000000000000, -0.000000000000000000 ) ) ;
#9092 = LINE ( 'NONE', #1876, #3437 ) ;
#9093 = VECTOR ( 'NONE', #5221, 1000.000000000000000 ) ;
#9094 = ORIENTED_EDGE ( 'NONE', *, *, #8546, .F. ) ;
#9095 = AXIS2_PLACEMENT_3D ( 'NONE', #1535, #6739, #5192 ) ;
#9096 = FILL_AREA_STYLE_COLOUR ( '', #7079 ) ;
#9097 = ADVANCED_FACE ( 'NONE', ( #2814 ), #4825, .F. ) ;
#9098 =( NAMED_UNIT ( * ) SI_UNIT ( $, .STERADIAN. ) SOLID_ANGLE_UNIT ( ) );
#9099 = VECTOR ( 'NONE', #5960, 1000.000000000000000 ) ;
#9100 = LINE ( 'NONE', #6253, #3143 ) ;
#9101 = DIRECTION ( 'NONE',  ( -0.000000000000000000, -0.000000000000000000, -1.000000000000000000 ) ) ;
#9102 = CARTESIAN_POINT ( 'NONE',  ( 1.097060811474313002, 1.196969597775290994, 0.9000000000000000222 ) ) ;
#9103 = CARTESIAN_POINT ( 'NONE',  ( 1.312363676420944314, 1.234224985196638702, 0.9100000000000000311 ) ) ;
#9104 = ORIENTED_EDGE ( 'NONE', *, *, #5781, .T. ) ;
#9105 = CARTESIAN_POINT ( 'NONE',  ( 1.120932186110094486, 1.275728793990911436, 0.9100000000000000311 ) ) ;
#9106 = DIRECTION ( 'NONE',  ( -0.000000000000000000, -0.000000000000000000, -1.000000000000000000 ) ) ;
#9107 = B_SPLINE_CURVE_WITH_KNOTS ( 'NONE', 3,
 ( #5291, #2341, #744, #878 ),
 .UNSPECIFIED., .F., .F.,
 ( 4, 4 ),
 ( 5.000000000000000000, 6.000000000000000000 ),
 .UNSPECIFIED. ) ;
#9108 = ORIENTED_EDGE ( 'NONE', *, *, #554, .F. ) ;
#9109 = EDGE_CURVE ( 'NONE', #7788, #5228, #6433, .T. ) ;
#9110 = CARTESIAN_POINT ( 'NONE',  ( 0.8347858876030708197, 1.233745649134933009, 0.9100000000000000311 ) ) ;
#9111 = DIRECTION ( 'NONE',  ( 0.000000000000000000, 0.000000000000000000, 1.000000000000000000 ) ) ;
#9112 = DIRECTION ( 'NONE',  ( -0.000000000000000000, -0.000000000000000000, -1.000000000000000000 ) ) ;
#9113 = VECTOR ( 'NONE', #8111, 1000.000000000000000 ) ;
#9114 = LINE ( 'NONE', #7828, #2577 ) ;
#9115 = DIRECTION ( 'NONE',  ( 0.000000000000000000, -0.000000000000000000, -1.000000000000000000 ) ) ;
#9116 = CARTESIAN_POINT ( 'NONE',  ( 1.142233711453809475, 1.197563782582764302, 0.9100000000000000311 ) ) ;
#9117 = DIRECTION ( 'NONE',  ( -0.000000000000000000, -1.000000000000000000, -0.000000000000000000 ) ) ;
#9118 = ORIENTED_EDGE ( 'NONE', *, *, #6406, .F. ) ;
#9119 = ORIENTED_EDGE ( 'NONE', *, *, #1229, .F. ) ;
#9120 = VECTOR ( 'NONE', #6243, 1000.000000000000000 ) ;
#9121 = EDGE_CURVE ( 'NONE', #343, #5507, #8711, .T. ) ;
#9122 = EDGE_LOOP ( 'NONE', ( #8213, #2474, #743, #4436, #5814, #7198, #2145 ) ) ;
#9123 = VERTEX_POINT ( 'NONE', #5988 ) ;
#9124 = CARTESIAN_POINT ( 'NONE',  ( 0.9079161261260743077, 1.183339481736770615, 0.9000000000000000222 ) ) ;
#9125 = PLANE ( 'NONE',  #2988 ) ;
#9126 = VECTOR ( 'NONE', #7633, 1000.000000000000000 ) ;
#9127 = EDGE_CURVE ( 'NONE', #3988, #7496, #3247, .T. ) ;
#9128 = FACE_OUTER_BOUND ( 'NONE', #930, .T. ) ;
#9129 = CARTESIAN_POINT ( 'NONE',  ( 1.154161971461618696, 1.225044829923102929, 0.9000000000000000222 ) ) ;
#9130 = VERTEX_POINT ( 'NONE', #8752 ) ;
#9131 = B_SPLINE_CURVE_WITH_KNOTS ( 'NONE', 3,
 ( #6331, #7047, #1966, #3996 ),
 .UNSPECIFIED., .F., .F.,
 ( 4, 4 ),
 ( 12.00000000000000000, 13.00000000000000000 ),
 .UNSPECIFIED. ) ;
#9132 = CARTESIAN_POINT ( 'NONE',  ( 1.134761837501267800, 1.194117510700045459, 0.9000000000000000222 ) ) ;
#9133 = VERTEX_POINT ( 'NONE', #3801 ) ;
#9134 = EDGE_LOOP ( 'NONE', ( #7091, #7180, #12, #7822 ) ) ;
#9135 = EDGE_LOOP ( 'NONE', ( #6366, #2547, #3555, #7650 ) ) ;
#9136 = DIRECTION ( 'NONE',  ( 0.000000000000000000, 1.000000000000000000, -0.000000000000000000 ) ) ;
#9137 = CARTESIAN_POINT ( 'NONE',  ( 1.126755197222115923, 1.208496783037992017, 0.9100000000000000311 ) ) ;
#9138 = ADVANCED_FACE ( 'NONE', ( #8047 ), #6566, .T. ) ;
#9139 = LINE ( 'NONE', #4152, #7385 ) ;
#9140 = DIRECTION ( 'NONE',  ( -1.000000000000000000, -0.000000000000000000, -0.000000000000000000 ) ) ;
#9141 = ADVANCED_FACE ( 'NONE', ( #3707 ), #5948, .F. ) ;
#9142 = B_SPLINE_SURFACE_WITH_KNOTS ( 'NONE', 3, 1, ( 
 ( #894, #3770 ),
 ( #3048, #5249 ),
 ( #1650, #4526 ),
 ( #7431, #939 ) ),
 .UNSPECIFIED., .F., .F., .F.,
 ( 4, 4 ),
 ( 2, 2 ),
 ( 3.000000000000000000, 4.000000000000000000 ),
 ( 0.000000000000000000, 1.000000000000000000 ),
 .UNSPECIFIED. ) ;
#9143 = ORIENTED_EDGE ( 'NONE', *, *, #1798, .T. ) ;
#9144 = CARTESIAN_POINT ( 'NONE',  ( 0.9318797055081605718, 1.318857657647627413, 0.9100000000000000311 ) ) ;
#9145 =( LENGTH_UNIT ( ) NAMED_UNIT ( * ) SI_UNIT ( .MILLI., .METRE. ) );
#9146 = VERTEX_POINT ( 'NONE', #8091 ) ;
#9147 = CARTESIAN_POINT ( 'NONE',  ( 1.129696412018558638, 1.220083386781760870, 0.9000000000000000222 ) ) ;
#9148 = EDGE_CURVE ( 'NONE', #5372, #1483, #2591, .T. ) ;
#9149 = LINE ( 'NONE', #4732, #3438 ) ;
#9150 = PLANE ( 'NONE',  #3092 ) ;
#9151 = CARTESIAN_POINT ( 'NONE',  ( 1.148814308195339473, 1.164200305649541578, 0.9100000000000000311 ) ) ;
#9152 = LINE ( 'NONE', #6815, #606 ) ;
#9153 = ORIENTED_EDGE ( 'NONE', *, *, #7133, .T. ) ;
#9154 = CARTESIAN_POINT ( 'NONE',  ( 1.070990953051428107, 1.202406388762766287, 0.9100000000000000311 ) ) ;
#9155 = DIRECTION ( 'NONE',  ( -1.000000000000000000, 0.000000000000000000, 0.000000000000000000 ) ) ;
#9156 = ORIENTED_EDGE ( 'NONE', *, *, #1229, .T. ) ;
#9157 = ADVANCED_FACE ( 'NONE', ( #7417 ), #7324, .F. ) ;
#9158 = ORIENTED_EDGE ( 'NONE', *, *, #9148, .F. ) ;
#9159 = LINE ( 'NONE', #8434, #6038 ) ;
#9160 = EDGE_LOOP ( 'NONE', ( #8477, #1859, #8799, #2151 ) ) ;
#9161 = DIRECTION ( 'NONE',  ( 0.000000000000000000, -1.000000000000000000, 0.000000000000000000 ) ) ;
#9162 = FILL_AREA_STYLE ('',( #4078 ) ) ;
#9163 = DIRECTION ( 'NONE',  ( -0.000000000000000000, -1.000000000000000000, -0.000000000000000000 ) ) ;
#9164 = LINE ( 'NONE', #1325, #6080 ) ;
#9165 = B_SPLINE_CURVE_WITH_KNOTS ( 'NONE', 3,
 ( #7623, #4008, #1036, #2450 ),
 .UNSPECIFIED., .F., .F.,
 ( 4, 4 ),
 ( 0.000000000000000000, 1.000000000000000000 ),
 .UNSPECIFIED. ) ;
#9166 = CARTESIAN_POINT ( 'NONE',  ( 1.137554506095840301, 1.185858341877657818, 0.9000000000000000222 ) ) ;
#9167 = CARTESIAN_POINT ( 'NONE',  ( 1.163163871293149132, 1.333840068150567770, 0.9100000000000000311 ) ) ;
#9168 = CARTESIAN_POINT ( 'NONE',  ( 0.000000000000000000, 0.000000000000000000, 0.9000000000000000222 ) ) ;
#9169 = ORIENTED_EDGE ( 'NONE', *, *, #4668, .T. ) ;
#9170 = FACE_OUTER_BOUND ( 'NONE', #4512, .T. ) ;
#9171 = EDGE_LOOP ( 'NONE', ( #8040, #7331, #2458, #253 ) ) ;
#9172 = ORIENTED_EDGE ( 'NONE', *, *, #5062, .T. ) ;
#9173 = CARTESIAN_POINT ( 'NONE',  ( 0.2500000000000000000, -0.4500000000000002887, -0.02000000000000000042 ) ) ;
#9174 = DIRECTION ( 'NONE',  ( -1.000000000000000000, 0.000000000000000000, 0.000000000000000000 ) ) ;
#9175 = CARTESIAN_POINT ( 'NONE',  ( 1.122283956546684003, 1.211556834795970872, 0.9100000000000000311 ) ) ;
#9176 = ORIENTED_EDGE ( 'NONE', *, *, #5295, .F. ) ;
#9177 = ORIENTED_EDGE ( 'NONE', *, *, #4154, .T. ) ;
#9178 = FILL_AREA_STYLE ('',( #2012 ) ) ;
#9179 = CARTESIAN_POINT ( 'NONE',  ( 1.074556061895679759, 1.185828632637324187, 0.9100000000000000311 ) ) ;
#9180 = CARTESIAN_POINT ( 'NONE',  ( 1.134449890477362111, 1.183659858090557515, 0.9000000000000000222 ) ) ;
#9181 = CARTESIAN_POINT ( 'NONE',  ( 1.061053212148381109, 1.216369731735640114, 0.9100000000000000311 ) ) ;
#9182 = DIRECTION ( 'NONE',  ( -0.000000000000000000, -0.000000000000000000, -1.000000000000000000 ) ) ;
#9183 = EDGE_CURVE ( 'NONE', #2939, #4390, #6607, .T. ) ;
#9184 = ORIENTED_EDGE ( 'NONE', *, *, #370, .F. ) ;
#9185 = ADVANCED_FACE ( 'NONE', ( #6658 ), #175, .F. ) ;
#9186 = FACE_OUTER_BOUND ( 'NONE', #5488, .T. ) ;
#9187 = PLANE ( 'NONE',  #5993 ) ;
#9188 = DIRECTION ( 'NONE',  ( -0.000000000000000000, -0.000000000000000000, -1.000000000000000000 ) ) ;
#9189 = ORIENTED_EDGE ( 'NONE', *, *, #7105, .F. ) ;
#9190 = CARTESIAN_POINT ( 'NONE',  ( 1.196378802024704591, 1.288414639627836422, 0.9100000000000000311 ) ) ;
#9191 = CARTESIAN_POINT ( 'NONE',  ( 1.073664784684665197, 1.304130827782795654, 0.9100000000000000311 ) ) ;
#9192 = EDGE_LOOP ( 'NONE', ( #6531, #4765, #2295, #2943 ) ) ;
#9193 = EDGE_CURVE ( 'NONE', #5824, #3842, #1685, .T. ) ;
#9194 = ORIENTED_EDGE ( 'NONE', *, *, #3867, .F. ) ;
#9195 = CARTESIAN_POINT ( 'NONE',  ( 0.7723979383946608657, 1.211847887953021008, 0.9100000000000000311 ) ) ;
#9196 = CARTESIAN_POINT ( 'NONE',  ( 1.150864245780769624, 1.327155489067869620, 0.9000000000000000222 ) ) ;
#9197 = DIRECTION ( 'NONE',  ( -0.000000000000000000, 1.000000000000000000, -0.000000000000000000 ) ) ;
#9198 = COLOUR_RGB ( '',0.2980392156862745057, 0.2980392156862745057, 0.2980392156862745057 ) ;
#9199 = CARTESIAN_POINT ( 'NONE',  ( 1.095605058696355938, 1.328046766278684343, 0.9100000000000000311 ) ) ;
#9200 = AXIS2_PLACEMENT_3D ( 'NONE', #6544, #1701, #764 ) ;
#9201 = CARTESIAN_POINT ( 'NONE',  ( 1.140673976334486861, 1.188027116424820173, 0.9000000000000000222 ) ) ;
#9202 = CARTESIAN_POINT ( 'NONE',  ( 0.7215786042045757576, 1.249032741641795008, 0.9100000000000000311 ) ) ;
#9203 = ORIENTED_EDGE ( 'NONE', *, *, #507, .T. ) ;
#9204 = FACE_OUTER_BOUND ( 'NONE', #8204, .T. ) ;
#9205 = CARTESIAN_POINT ( 'NONE',  ( 1.070990953051428107, 1.194652277026851506, 0.9100000000000000311 ) ) ;
#9206 = ORIENTED_EDGE ( 'NONE', *, *, #4174, .F. ) ;
#9207 = VECTOR ( 'NONE', #8486, 1000.000000000000000 ) ;
#9208 = VECTOR ( 'NONE', #7404, 1000.000000000000000 ) ;
#9209 = DIRECTION ( 'NONE',  ( -0.3385350342956907621, -0.9409537876826976621, 0.000000000000000000 ) ) ;
#9210 = VERTEX_POINT ( 'NONE', #2339 ) ;
#9211 = CARTESIAN_POINT ( 'NONE',  ( 0.7409973803943973314, 1.296133570761587306, 0.9100000000000000311 ) ) ;
#9212 = ADVANCED_FACE ( 'NONE', ( #3661 ), #8764, .F. ) ;
#9213 = B_SPLINE_SURFACE_WITH_KNOTS ( 'NONE', 3, 1, ( 
 ( #230, #3047 ),
 ( #5915, #8811 ),
 ( #4472, #5956 ),
 ( #8140, #6003 ) ),
 .UNSPECIFIED., .F., .F., .F.,
 ( 4, 4 ),
 ( 2, 2 ),
 ( 2.000000000000000000, 3.000000000000000000 ),
 ( 0.000000000000000000, 1.000000000000000000 ),
 .UNSPECIFIED. ) ;
#9214 = CYLINDRICAL_SURFACE ( 'NONE', #1461, 0.09299432094351947620 ) ;
#9215 = CARTESIAN_POINT ( 'NONE',  ( 1.201711610670615382, 1.326145374895321360, 0.9000000000000000222 ) ) ;
#9216 = EDGE_CURVE ( 'NONE', #4166, #2133, #9261, .T. ) ;
#9217 = DIRECTION ( 'NONE',  ( 0.000000000000000000, 1.000000000000000000, -0.000000000000000000 ) ) ;
#9218 = STYLED_ITEM ( 'NONE', ( #6375 ), #5562 ) ;
#9219 =( GEOMETRIC_REPRESENTATION_CONTEXT ( 3 ) GLOBAL_UNCERTAINTY_ASSIGNED_CONTEXT ( ( #4542 ) ) GLOBAL_UNIT_ASSIGNED_CONTEXT ( ( #2292, #5379, #3754 ) ) REPRESENTATION_CONTEXT ( 'NONE', 'WORKASPACE' ) );
#9220 = CARTESIAN_POINT ( 'NONE',  ( 1.221988167221613963, 1.275728793990915433, 0.9000000000000000222 ) ) ;
#9221 = VERTEX_POINT ( 'NONE', #7036 ) ;
#9222 = COLOUR_RGB ( '',0.4980392156862745168, 0.4980392156862745168, 0.4980392156862745168 ) ;
#9223 = EDGE_LOOP ( 'NONE', ( #5891, #491, #7059, #5733 ) ) ;
#9224 = B_SPLINE_CURVE_WITH_KNOTS ( 'NONE', 3,
 ( #5969, #3730, #1562, #7528, #6068, #2321, #5262 ),
 .UNSPECIFIED., .F., .F.,
 ( 4, 3, 4 ),
 ( 0.000000000000000000, 1.000000000000000000, 2.000000000000000000 ),
 .UNSPECIFIED. ) ;
#9225 = ORIENTED_EDGE ( 'NONE', *, *, #8925, .T. ) ;
#9226 = VECTOR ( 'NONE', #6589, 1000.000000000000000 ) ;
#9227 = ORIENTED_EDGE ( 'NONE', *, *, #844, .T. ) ;
#9228 = EDGE_CURVE ( 'NONE', #3203, #4611, #6462, .T. ) ;
#9229 = STYLED_ITEM ( 'NONE', ( #5076 ), #3551 ) ;
#9230 = ORIENTED_EDGE ( 'NONE', *, *, #7898, .F. ) ;
#9231 = ADVANCED_FACE ( 'NONE', ( #5609 ), #8618, .F. ) ;
#9232 = CARTESIAN_POINT ( 'NONE',  ( 0.2500000000000000000, -1.450000000000000400, -0.02000000000000000042 ) ) ;
#9233 = CARTESIAN_POINT ( 'NONE',  ( 1.178315583880970241, 1.225044829923102929, 0.9100000000000000311 ) ) ;
#9234 = LINE ( 'NONE', #7808, #1773 ) ;
#9235 = FACE_OUTER_BOUND ( 'NONE', #8408, .T. ) ;
#9236 = EDGE_CURVE ( 'NONE', #345, #1416, #4900, .T. ) ;
#9237 = VERTEX_POINT ( 'NONE', #8644 ) ;
#9238 = VECTOR ( 'NONE', #5707, 1000.000000000000000 ) ;
#9239 = CARTESIAN_POINT ( 'NONE',  ( 1.089336408978731408, 1.225995525614980153, 0.9100000000000000311 ) ) ;
#9240 = EDGE_CURVE ( 'NONE', #5603, #9020, #7170, .T. ) ;
#9241 = VECTOR ( 'NONE', #5697, 1000.000000000000000 ) ;
#9242 = LINE ( 'NONE', #5774, #6326 ) ;
#9243 = CARTESIAN_POINT ( 'NONE',  ( 1.075046264361588344, 1.222133324367190133, 0.9000000000000000222 ) ) ;
#9244 = EDGE_CURVE ( 'NONE', #4976, #2939, #2135, .T. ) ;
#9245 = LINE ( 'NONE', #3494, #155 ) ;
#9246 = MECHANICAL_DESIGN_GEOMETRIC_PRESENTATION_REPRESENTATION (  '', ( #2566 ), #8790 ) ;
#9247 = DIRECTION ( 'NONE',  ( -0.000000000000000000, 0.000000000000000000, -1.000000000000000000 ) ) ;
#9248 = B_SPLINE_CURVE_WITH_KNOTS ( 'NONE', 3,
 ( #7186, #8565, #2055, #695 ),
 .UNSPECIFIED., .F., .F.,
 ( 4, 4 ),
 ( 1.000000000000000000, 2.000000000000000000 ),
 .UNSPECIFIED. ) ;
#9249 = CARTESIAN_POINT ( 'NONE',  ( 1.264739764111110665, 1.233155452543421626, 0.9000000000000000222 ) ) ;
#9250 = VERTEX_POINT ( 'NONE', #2659 ) ;
#9251 = VECTOR ( 'NONE', #1579, 1000.000000000000000 ) ;
#9252 = ORIENTED_EDGE ( 'NONE', *, *, #587, .F. ) ;
#9253 = MECHANICAL_DESIGN_GEOMETRIC_PRESENTATION_REPRESENTATION (  '', ( #8498 ), #2732 ) ;
#9254 = DIRECTION ( 'NONE',  ( 0.000000000000000000, 1.000000000000000000, 0.000000000000000000 ) ) ;
#9255 = CARTESIAN_POINT ( 'NONE',  ( 1.152186306977023067, 1.275728793990911436, 0.9100000000000000311 ) ) ;
#9256 = CARTESIAN_POINT ( 'NONE',  ( 1.104339575364488013, 1.220766699310237513, 0.9100000000000000311 ) ) ;
#9257 = CARTESIAN_POINT ( 'NONE',  ( 1.063415096757715395, 1.275728793990911436, 0.9000000000000000222 ) ) ;
#9258 = CARTESIAN_POINT ( 'NONE',  ( 0.8661864298425271391, 1.324641973037194775, 0.9100000000000000311 ) ) ;
#9259 = PLANE ( 'NONE',  #1629 ) ;
#9260 = CARTESIAN_POINT ( 'NONE',  ( 1.275360817542436687, 1.213131424535660141, 0.9100000000000000311 ) ) ;
#9261 = B_SPLINE_CURVE_WITH_KNOTS ( 'NONE', 3,
 ( #8177, #3840, #969, #1995 ),
 .UNSPECIFIED., .F., .F.,
 ( 4, 4 ),
 ( 2.000000000000000000, 3.000000000000000000 ),
 .UNSPECIFIED. ) ;
#9262 = CARTESIAN_POINT ( 'NONE',  ( 0.7538055036697713929, 1.308941694037361936, 0.9100000000000000311 ) ) ;
#9263 = ADVANCED_FACE ( 'NONE', ( #2041 ), #742, .F. ) ;
#9264 = COLOUR_RGB ( '',0.8274509803921568096, 0.6666666666666666297, 0.1294117647058823373 ) ;
#9265 = LINE ( 'NONE', #5041, #5314 ) ;
#9266 = ORIENTED_EDGE ( 'NONE', *, *, #6989, .T. ) ;
#9267 =( GEOMETRIC_REPRESENTATION_CONTEXT ( 3 ) GLOBAL_UNCERTAINTY_ASSIGNED_CONTEXT ( ( #1349 ) ) GLOBAL_UNIT_ASSIGNED_CONTEXT ( ( #4018, #8337, #3304 ) ) REPRESENTATION_CONTEXT ( 'NONE', 'WORKASPACE' ) );
#9268 = VERTEX_POINT ( 'NONE', #3466 ) ;
#9269 = CARTESIAN_POINT ( 'NONE',  ( 0.7885113802467559330, 1.315965501922772507, 0.9000000000000000222 ) ) ;
#9270 = CARTESIAN_POINT ( 'NONE',  ( 1.223637030062156406, 1.234967716206178068, 0.9000000000000000222 ) ) ;
#9271 = EDGE_CURVE ( 'NONE', #1866, #5649, #9265, .T. ) ;
#9272 =( NAMED_UNIT ( * ) PLANE_ANGLE_UNIT ( ) SI_UNIT ( $, .RADIAN. ) );
#9273 = CARTESIAN_POINT ( 'NONE',  ( 1.083944181851951072, 1.202584644204772957, 0.9100000000000000311 ) ) ;
#9274 = EDGE_LOOP ( 'NONE', ( #5362, #8875, #8135, #1727 ) ) ;
#9275 = ORIENTED_EDGE ( 'NONE', *, *, #8415, .F. ) ;
#9276 = CARTESIAN_POINT ( 'NONE',  ( 1.150864245780769624, 1.333840068150567770, 0.9000000000000000222 ) ) ;
#9277 = ADVANCED_FACE ( 'NONE', ( #7934 ), #4221, .F. ) ;
#9278 = EDGE_LOOP ( 'NONE', ( #7282, #4726, #8826, #7156 ) ) ;
#9279 = ORIENTED_EDGE ( 'NONE', *, *, #6461, .F. ) ;
#9280 = CARTESIAN_POINT ( 'NONE',  ( 1.114247607027199383, 1.213844446304467306, 0.9000000000000000222 ) ) ;
#9281 = CARTESIAN_POINT ( 'NONE',  ( 0.7500000000000000000, -0.4500000000000002887, -0.02000000000000000042 ) ) ;
#9282 = CARTESIAN_POINT ( 'NONE',  ( 1.093213464846687577, 1.274748389058698805, 0.9000000000000000222 ) ) ;
#9283 = CARTESIAN_POINT ( 'NONE',  ( 1.163163871293149132, 1.333840068150567770, 0.9100000000000000311 ) ) ;
#9284 = DIRECTION ( 'NONE',  ( 0.000000000000000000, 0.000000000000000000, 1.000000000000000000 ) ) ;
#9285 = VERTEX_POINT ( 'NONE', #8547 ) ;
#9286 = ORIENTED_EDGE ( 'NONE', *, *, #3370, .F. ) ;
#9287 =( LENGTH_UNIT ( ) NAMED_UNIT ( * ) SI_UNIT ( .MILLI., .METRE. ) );
#9288 = CARTESIAN_POINT ( 'NONE',  ( 1.252217319296026199, 1.234967716206178068, 0.9000000000000000222 ) ) ;
#9289 = FACE_OUTER_BOUND ( 'NONE', #4697, .T. ) ;
#9290 = CARTESIAN_POINT ( 'NONE',  ( 0.8959343285546285118, 1.196147597132037221, 0.9000000000000000222 ) ) ;
#9291 = CARTESIAN_POINT ( 'NONE',  ( 0.9322928644199732773, 1.183339481736770615, 0.9100000000000000311 ) ) ;
#9292 = ORIENTED_EDGE ( 'NONE', *, *, #6388, .F. ) ;
#9293 = ADVANCED_FACE ( 'NONE', ( #9170 ), #4940, .F. ) ;
#9294 = FILL_AREA_STYLE ('',( #6396 ) ) ;
#9295 = B_SPLINE_SURFACE_WITH_KNOTS ( 'NONE', 3, 1, ( 
 ( #8837, #4695 ),
 ( #9064, #9201 ),
 ( #574, #483 ),
 ( #4746, #2035 ) ),
 .UNSPECIFIED., .F., .F., .F.,
 ( 4, 4 ),
 ( 2, 2 ),
 ( 17.00000000000000000, 18.00000000000000000 ),
 ( 0.000000000000000000, 1.000000000000000000 ),
 .UNSPECIFIED. ) ;
#9296 = CARTESIAN_POINT ( 'NONE',  ( 1.114247607027199383, 1.213844446304467306, 0.9000000000000000222 ) ) ;
#9297 = CARTESIAN_POINT ( 'NONE',  ( 1.229950243640265617, 1.298188979709240742, 0.9000000000000000222 ) ) ;
#9298 =( NAMED_UNIT ( * ) PLANE_ANGLE_UNIT ( ) SI_UNIT ( $, .RADIAN. ) );
#9299 = CARTESIAN_POINT ( 'NONE',  ( 0.7934693581118377192, 1.239116793792133686, 0.9100000000000000311 ) ) ;
#9300 = DIRECTION ( 'NONE',  ( 1.492587713023452677E-14, -1.000000000000000000, -0.000000000000000000 ) ) ;
#9301 = CARTESIAN_POINT ( 'NONE',  ( -1.500000000000000000, 1.499999999999999778, 0.000000000000000000 ) ) ;
#9302 = CARTESIAN_POINT ( 'NONE',  ( 0.8046248220990501743, 1.288696619725168580, 0.9000000000000000222 ) ) ;
#9303 = ADVANCED_FACE ( 'NONE', ( #3597 ), #1564, .F. ) ;
#9304 = VERTEX_POINT ( 'NONE', #1606 ) ;
#9305 = CARTESIAN_POINT ( 'NONE',  ( 1.088653096450254543, 1.220083386781760870, 0.9100000000000000311 ) ) ;
#9306 = ORIENTED_EDGE ( 'NONE', *, *, #8560, .T. ) ;
#9307 = VERTEX_POINT ( 'NONE', #2180 ) ;
#9308 = EDGE_CURVE ( 'NONE', #4034, #856, #7548, .T. ) ;
#9309 = DIRECTION ( 'NONE',  ( -1.000000000000000000, -0.000000000000000000, -0.000000000000000000 ) ) ;
#9310 = DIRECTION ( 'NONE',  ( -0.000000000000000000, -0.000000000000000000, -1.000000000000000000 ) ) ;
#9311 = SURFACE_STYLE_FILL_AREA ( #1295 ) ;
#9312 = DIRECTION ( 'NONE',  ( -0.000000000000000000, -0.000000000000000000, -1.000000000000000000 ) ) ;
#9313 = VERTEX_POINT ( 'NONE', #908 ) ;
#9314 = EDGE_LOOP ( 'NONE', ( #2561, #6012, #352, #8760 ) ) ;
#9315 = CARTESIAN_POINT ( 'NONE',  ( 1.196215401202468831, 1.321688988840056922, 0.9000000000000000222 ) ) ;
#9316 = ORIENTED_EDGE ( 'NONE', *, *, #4657, .T. ) ;
#9317 = EDGE_CURVE ( 'NONE', #4399, #3203, #5080, .T. ) ;
#9318 = VERTEX_POINT ( 'NONE', #2932 ) ;
#9319 = EDGE_LOOP ( 'NONE', ( #3125, #1101, #5420, #7758 ) ) ;
#9320 = VERTEX_POINT ( 'NONE', #2322 ) ;
#9321 = FACE_OUTER_BOUND ( 'NONE', #4407, .T. ) ;
#9322 = CARTESIAN_POINT ( 'NONE',  ( 1.088653096450254543, 1.220083386781760870, 0.9000000000000000222 ) ) ;
#9323 = CARTESIAN_POINT ( 'NONE',  ( 1.152216016217553651, 1.163992340966802930, 0.9000000000000000222 ) ) ;
#9324 = CARTESIAN_POINT ( 'NONE',  ( 1.283248620860648836, 1.213339389217999775, 0.9100000000000000311 ) ) ;
#9325 = LINE ( 'NONE', #4192, #7424 ) ;
#9326 = ORIENTED_EDGE ( 'NONE', *, *, #6511, .T. ) ;
#9327 = LINE ( 'NONE', #7952, #8448 ) ;
#9328 = ORIENTED_EDGE ( 'NONE', *, *, #8479, .T. ) ;
#9329 = VECTOR ( 'NONE', #7768, 1000.000000000000000 ) ;
#9330 = ADVANCED_FACE ( 'NONE', ( #4544 ), #8733, .F. ) ;
#9331 = FACE_OUTER_BOUND ( 'NONE', #2122, .T. ) ;
#9332 = DIRECTION ( 'NONE',  ( 0.000000000000000000, -0.000000000000000000, 1.000000000000000000 ) ) ;
#9333 = CARTESIAN_POINT ( 'NONE',  ( 1.147521956239419438, 1.171063140174639639, 0.9100000000000000311 ) ) ;
#9334 = EDGE_CURVE ( 'NONE', #2568, #6697, #4727, .T. ) ;
#9335 = CARTESIAN_POINT ( 'NONE',  ( 1.311769491613867356, 1.231105514957992586, 0.9100000000000000311 ) ) ;
#9336 = DIRECTION ( 'NONE',  ( -0.000000000000000000, -0.000000000000000000, -1.000000000000000000 ) ) ;
#9337 = DIRECTION ( 'NONE',  ( 0.000000000000000000, -0.000000000000000000, 1.000000000000000000 ) ) ;
#9338 = VECTOR ( 'NONE', #920, 1000.000000000000000 ) ;
#9339 = B_SPLINE_CURVE_WITH_KNOTS ( 'NONE', 3,
 ( #5732, #1316, #3538, #8627 ),
 .UNSPECIFIED., .F., .F.,
 ( 4, 4 ),
 ( 3.000000000000000000, 4.000000000000000000 ),
 .UNSPECIFIED. ) ;
#9340 = VERTEX_POINT ( 'NONE', #6636 ) ;
#9341 = CARTESIAN_POINT ( 'NONE',  ( 1.040271598510909890, 1.333840068150567770, 0.9100000000000000311 ) ) ;
#9342 = CARTESIAN_POINT ( 'NONE',  ( 1.129102227211281839, 1.200356451177339023, 0.9100000000000000311 ) ) ;
#9343 = FACE_OUTER_BOUND ( 'NONE', #78, .T. ) ;
#9344 = CARTESIAN_POINT ( 'NONE',  ( 1.125462845266195666, 1.182560616197007253, 0.9000000000000000222 ) ) ;
#9345 = CARTESIAN_POINT ( 'NONE',  ( 1.100046590131256385, 1.281432968141398954, 0.9000000000000000222 ) ) ;
#9346 = CARTESIAN_POINT ( 'NONE',  ( 0.8657732709307145447, 1.349431886003709113, 0.9100000000000000311 ) ) ;
#9347 = FILL_AREA_STYLE ('',( #2794 ) ) ;
#9348 = ADVANCED_FACE ( 'NONE', ( #5878 ), #4426, .T. ) ;
#9349 = CARTESIAN_POINT ( 'NONE',  ( 1.079146139532448867, 1.218389960080735746, 0.9100000000000000311 ) ) ;
#9350 = CARTESIAN_POINT ( 'NONE',  ( 1.121897736421943126, 1.188502464270565273, 0.9100000000000000311 ) ) ;
#9351 = MECHANICAL_DESIGN_GEOMETRIC_PRESENTATION_REPRESENTATION (  '', ( #8273 ), #7367 ) ;
#9352 = CARTESIAN_POINT ( 'NONE',  ( 0.9298138636666800627, 1.208542553615299164, 0.9100000000000000311 ) ) ;
#9353 = ORIENTED_EDGE ( 'NONE', *, *, #6212, .T. ) ;
#9354 = ORIENTED_EDGE ( 'NONE', *, *, #6471, .F. ) ;
#9355 = VECTOR ( 'NONE', #4201, 1000.000000000000000 ) ;
#9356 = EDGE_CURVE ( 'NONE', #4059, #4035, #4440, .T. ) ;
#9357 = CARTESIAN_POINT ( 'NONE',  ( 1.095605058696355938, 1.328046766278684343, 0.9000000000000000222 ) ) ;
#9358 = CARTESIAN_POINT ( 'NONE',  ( 0.8108222924599810533, 1.213087364687867931, 0.9100000000000000311 ) ) ;
#9359 = CARTESIAN_POINT ( 'NONE',  ( 1.250000000000000000, -0.4500000000000002887, -0.02000000000000000042 ) ) ;
#9360 = ORIENTED_EDGE ( 'NONE', *, *, #7103, .F. ) ;
#9361 = EDGE_CURVE ( 'NONE', #5029, #169, #7398, .T. ) ;
#9362 = STYLED_ITEM ( 'NONE', ( #926 ), #5382 ) ;
#9363 = VECTOR ( 'NONE', #3083, 1000.000000000000000 ) ;
#9364 = EDGE_CURVE ( 'NONE', #4122, #1072, #8159, .T. ) ;
#9365 = ORIENTED_EDGE ( 'NONE', *, *, #6388, .T. ) ;
#9366 = ORIENTED_EDGE ( 'NONE', *, *, #6661, .F. ) ;
#9367 = ORIENTED_EDGE ( 'NONE', *, *, #3931, .T. ) ;
#9368 = FILL_AREA_STYLE ('',( #2196 ) ) ;
#9369 = COLOUR_RGB ( '',0.8274509803921568096, 0.6666666666666666297, 0.1294117647058823373 ) ;
#9370 = FACE_OUTER_BOUND ( 'NONE', #6869, .T. ) ;
#9371 = VECTOR ( 'NONE', #394, 1000.000000000000000 ) ;
#9372 = CARTESIAN_POINT ( 'NONE',  ( 1.249454359941787329, 1.298188979709240742, 0.9000000000000000222 ) ) ;
#9373 = CARTESIAN_POINT ( 'NONE',  ( 1.275360817542436687, 1.220380479185499967, 0.9000000000000000222 ) ) ;
#9374 = CARTESIAN_POINT ( 'NONE',  ( 0.9219637340171907836, 1.327947293583841670, 0.9000000000000000222 ) ) ;
#9375 = CARTESIAN_POINT ( 'NONE',  ( 1.105676491181103449, 1.334018323592968125, 0.9100000000000000311 ) ) ;
#9376 = EDGE_CURVE ( 'NONE', #4558, #4865, #1846, .T. ) ;
#9377 = VECTOR ( 'NONE', #5361, 1000.000000000000000 ) ;
#9378 = VECTOR ( 'NONE', #1140, 1000.000000000000000 ) ;
#9379 = VECTOR ( 'NONE', #3516, 1000.000000000000000 ) ;
#9380 = EDGE_LOOP ( 'NONE', ( #1901, #8744, #810, #5711, #6138, #1441, #6081, #7360, #7442, #1910, #1009, #4962, #1074, #461 ) ) ;
ENDSEC;
END-ISO-10303-21;
